npm warn Unknown project config "enable-pre-post-scripts". This will stop working in the next major version of npm.
[21:54:47] [33mWARN[39m: [36mNo email adapter provided. Email will be written to console. More info at https://payloadcms.com/docs/email/overview.[39m
[21:54:47] [32mINFO[39m: [36mReading migration files from /home/sid/Desktop/horizon/horizon-web/horizon/src/migrations[39m
[?25l[2K[1G? It looks like you've run Payload in dev mode, meaning you've dynamically pushed changes to your database.

If you'd like to run migrations, data loss will occur. Would you like to proceed? › (y/N)[2K[1G[2K[1G✔ It looks like you've run Payload in dev mode, meaning you've dynamically pushed changes to your database.

If you'd like to run migrations, data loss will occur. Would you like to proceed? … yes
[?25h[21:54:52] [32mINFO[39m: [36mMigrating: 20251104_221026[39m
[21:54:53] [31mERROR[39m: [36mError running migration 20251104_221026 Failed query: 
   CREATE TYPE "public"."enum_pages_hero_links_link_type" AS ENUM('reference', 'custom');
  CREATE TYPE "public"."enum_pages_hero_links_link_appearance" AS ENUM('default', 'outline');
  CREATE TYPE "public"."enum_pages_blocks_cta_links_link_type" AS ENUM('reference', 'custom');
  CREATE TYPE "public"."enum_pages_blocks_cta_links_link_appearance" AS ENUM('default', 'outline');
  CREATE TYPE "public"."enum_pages_blocks_content_columns_size" AS ENUM('oneThird', 'half', 'twoThirds', 'full');
  CREATE TYPE "public"."enum_pages_blocks_content_columns_link_type" AS ENUM('reference', 'custom');
  CREATE TYPE "public"."enum_pages_blocks_content_columns_link_appearance" AS ENUM('default', 'outline');
  CREATE TYPE "public"."enum_pages_blocks_archive_populate_by" AS ENUM('collection', 'selection');
  CREATE TYPE "public"."enum_pages_blocks_archive_relation_to" AS ENUM('posts');
  CREATE TYPE "public"."enum_pages_hero_type" AS ENUM('none', 'highImpact', 'mediumImpact', 'lowImpact');
  CREATE TYPE "public"."enum_pages_status" AS ENUM('draft', 'published');
  CREATE TYPE "public"."enum__pages_v_version_hero_links_link_type" AS ENUM('reference', 'custom');
  CREATE TYPE "public"."enum__pages_v_version_hero_links_link_appearance" AS ENUM('default', 'outline');
  CREATE TYPE "public"."enum__pages_v_blocks_cta_links_link_type" AS ENUM('reference', 'custom');
  CREATE TYPE "public"."enum__pages_v_blocks_cta_links_link_appearance" AS ENUM('default', 'outline');
  CREATE TYPE "public"."enum__pages_v_blocks_content_columns_size" AS ENUM('oneThird', 'half', 'twoThirds', 'full');
  CREATE TYPE "public"."enum__pages_v_blocks_content_columns_link_type" AS ENUM('reference', 'custom');
  CREATE TYPE "public"."enum__pages_v_blocks_content_columns_link_appearance" AS ENUM('default', 'outline');
  CREATE TYPE "public"."enum__pages_v_blocks_archive_populate_by" AS ENUM('collection', 'selection');
  CREATE TYPE "public"."enum__pages_v_blocks_archive_relation_to" AS ENUM('posts');
  CREATE TYPE "public"."enum__pages_v_version_hero_type" AS ENUM('none', 'highImpact', 'mediumImpact', 'lowImpact');
  CREATE TYPE "public"."enum__pages_v_version_status" AS ENUM('draft', 'published');
  CREATE TYPE "public"."enum_posts_status" AS ENUM('draft', 'published');
  CREATE TYPE "public"."enum__posts_v_version_status" AS ENUM('draft', 'published');
  CREATE TYPE "public"."enum_case_studies_metrics_icon" AS ENUM('trend-up', 'clock', 'target', 'trophy', 'chart');
  CREATE TYPE "public"."enum_case_studies_year_in_school" AS ENUM('freshman', 'sophomore', 'junior', 'senior', 'graduate');
  CREATE TYPE "public"."enum_case_studies_status" AS ENUM('draft', 'published');
  CREATE TYPE "public"."enum__case_studies_v_version_metrics_icon" AS ENUM('trend-up', 'clock', 'target', 'trophy', 'chart');
  CREATE TYPE "public"."enum__case_studies_v_version_year_in_school" AS ENUM('freshman', 'sophomore', 'junior', 'senior', 'graduate');
  CREATE TYPE "public"."enum__case_studies_v_version_status" AS ENUM('draft', 'published');
  CREATE TYPE "public"."enum_resources_type" AS ENUM('study-guide', 'template', 'cheat-sheet', 'video', 'podcast', 'webinar', 'ebook');
  CREATE TYPE "public"."enum_resources_difficulty" AS ENUM('beginner', 'intermediate', 'advanced');
  CREATE TYPE "public"."enum_resources_status" AS ENUM('draft', 'published');
  CREATE TYPE "public"."enum__resources_v_version_type" AS ENUM('study-guide', 'template', 'cheat-sheet', 'video', 'podcast', 'webinar', 'ebook');
  CREATE TYPE "public"."enum__resources_v_version_difficulty" AS ENUM('beginner', 'intermediate', 'advanced');
  CREATE TYPE "public"."enum__resources_v_version_status" AS ENUM('draft', 'published');
  CREATE TYPE "public"."enum_redirects_to_type" AS ENUM('reference', 'custom');
  CREATE TYPE "public"."enum_forms_confirmation_type" AS ENUM('message', 'redirect');
  CREATE TYPE "public"."enum_payload_jobs_log_task_slug" AS ENUM('inline', 'schedulePublish');
  CREATE TYPE "public"."enum_payload_jobs_log_state" AS ENUM('failed', 'succeeded');
  CREATE TYPE "public"."enum_payload_jobs_task_slug" AS ENUM('inline', 'schedulePublish');
  CREATE TYPE "public"."enum_payload_folders_folder_type" AS ENUM('media');
  CREATE TYPE "public"."enum_header_nav_items_link_type" AS ENUM('reference', 'custom');
  CREATE TYPE "public"."enum_footer_nav_items_link_type" AS ENUM('reference', 'custom');
  CREATE TYPE "public"."enum_settings_announcement_bar_background_color" AS ENUM('blue', 'green', 'orange', 'red', 'purple');
  CREATE TABLE "pages_hero_links" (
  	"_order" integer NOT NULL,
  	"_parent_id" integer NOT NULL,
  	"id" varchar PRIMARY KEY NOT NULL,
  	"link_type" "enum_pages_hero_links_link_type" DEFAULT 'reference',
  	"link_new_tab" boolean,
  	"link_url" varchar,
  	"link_label" varchar,
  	"link_appearance" "enum_pages_hero_links_link_appearance" DEFAULT 'default'
  );
  
  CREATE TABLE "pages_blocks_cta_links" (
  	"_order" integer NOT NULL,
  	"_parent_id" varchar NOT NULL,
  	"id" varchar PRIMARY KEY NOT NULL,
  	"link_type" "enum_pages_blocks_cta_links_link_type" DEFAULT 'reference',
  	"link_new_tab" boolean,
  	"link_url" varchar,
  	"link_label" varchar,
  	"link_appearance" "enum_pages_blocks_cta_links_link_appearance" DEFAULT 'default'
  );
  
  CREATE TABLE "pages_blocks_cta" (
  	"_order" integer NOT NULL,
  	"_parent_id" integer NOT NULL,
  	"_path" text NOT NULL,
  	"id" varchar PRIMARY KEY NOT NULL,
  	"rich_text" jsonb,
  	"block_name" varchar
  );
  
  CREATE TABLE "pages_blocks_content_columns" (
  	"_order" integer NOT NULL,
  	"_parent_id" varchar NOT NULL,
  	"id" varchar PRIMARY KEY NOT NULL,
  	"size" "enum_pages_blocks_content_columns_size" DEFAULT 'oneThird',
  	"rich_text" jsonb,
  	"enable_link" boolean,
  	"link_type" "enum_pages_blocks_content_columns_link_type" DEFAULT 'reference',
  	"link_new_tab" boolean,
  	"link_url" varchar,
  	"link_label" varchar,
  	"link_appearance" "enum_pages_blocks_content_columns_link_appearance" DEFAULT 'default'
  );
  
  CREATE TABLE "pages_blocks_content" (
  	"_order" integer NOT NULL,
  	"_parent_id" integer NOT NULL,
  	"_path" text NOT NULL,
  	"id" varchar PRIMARY KEY NOT NULL,
  	"block_name" varchar
  );
  
  CREATE TABLE "pages_blocks_media_block" (
  	"_order" integer NOT NULL,
  	"_parent_id" integer NOT NULL,
  	"_path" text NOT NULL,
  	"id" varchar PRIMARY KEY NOT NULL,
  	"media_id" integer,
  	"block_name" varchar
  );
  
  CREATE TABLE "pages_blocks_archive" (
  	"_order" integer NOT NULL,
  	"_parent_id" integer NOT NULL,
  	"_path" text NOT NULL,
  	"id" varchar PRIMARY KEY NOT NULL,
  	"intro_content" jsonb,
  	"populate_by" "enum_pages_blocks_archive_populate_by" DEFAULT 'collection',
  	"relation_to" "enum_pages_blocks_archive_relation_to" DEFAULT 'posts',
  	"limit" numeric DEFAULT 10,
  	"block_name" varchar
  );
  
  CREATE TABLE "pages_blocks_form_block" (
  	"_order" integer NOT NULL,
  	"_parent_id" integer NOT NULL,
  	"_path" text NOT NULL,
  	"id" varchar PRIMARY KEY NOT NULL,
  	"form_id" integer,
  	"enable_intro" boolean,
  	"intro_content" jsonb,
  	"block_name" varchar
  );
  
  CREATE TABLE "pages" (
  	"id" serial PRIMARY KEY NOT NULL,
  	"title" varchar,
  	"hero_type" "enum_pages_hero_type" DEFAULT 'lowImpact',
  	"hero_rich_text" jsonb,
  	"hero_media_id" integer,
  	"meta_title" varchar,
  	"meta_image_id" integer,
  	"meta_description" varchar,
  	"published_at" timestamp(3) with time zone,
  	"generate_slug" boolean DEFAULT true,
  	"slug" varchar,
  	"updated_at" timestamp(3) with time zone DEFAULT now() NOT NULL,
  	"created_at" timestamp(3) with time zone DEFAULT now() NOT NULL,
  	"_status" "enum_pages_status" DEFAULT 'draft'
  );
  
  CREATE TABLE "pages_rels" (
  	"id" serial PRIMARY KEY NOT NULL,
  	"order" integer,
  	"parent_id" integer NOT NULL,
  	"path" varchar NOT NULL,
  	"pages_id" integer,
  	"posts_id" integer,
  	"categories_id" integer
  );
  
  CREATE TABLE "_pages_v_version_hero_links" (
  	"_order" integer NOT NULL,
  	"_parent_id" integer NOT NULL,
  	"id" serial PRIMARY KEY NOT NULL,
  	"link_type" "enum__pages_v_version_hero_links_link_type" DEFAULT 'reference',
  	"link_new_tab" boolean,
  	"link_url" varchar,
  	"link_label" varchar,
  	"link_appearance" "enum__pages_v_version_hero_links_link_appearance" DEFAULT 'default',
  	"_uuid" varchar
  );
  
  CREATE TABLE "_pages_v_blocks_cta_links" (
  	"_order" integer NOT NULL,
  	"_parent_id" integer NOT NULL,
  	"id" serial PRIMARY KEY NOT NULL,
  	"link_type" "enum__pages_v_blocks_cta_links_link_type" DEFAULT 'reference',
  	"link_new_tab" boolean,
  	"link_url" varchar,
  	"link_label" varchar,
  	"link_appearance" "enum__pages_v_blocks_cta_links_link_appearance" DEFAULT 'default',
  	"_uuid" varchar
  );
  
  CREATE TABLE "_pages_v_blocks_cta" (
  	"_order" integer NOT NULL,
  	"_parent_id" integer NOT NULL,
  	"_path" text NOT NULL,
  	"id" serial PRIMARY KEY NOT NULL,
  	"rich_text" jsonb,
  	"_uuid" varchar,
  	"block_name" varchar
  );
  
  CREATE TABLE "_pages_v_blocks_content_columns" (
  	"_order" integer NOT NULL,
  	"_parent_id" integer NOT NULL,
  	"id" serial PRIMARY KEY NOT NULL,
  	"size" "enum__pages_v_blocks_content_columns_size" DEFAULT 'oneThird',
  	"rich_text" jsonb,
  	"enable_link" boolean,
  	"link_type" "enum__pages_v_blocks_content_columns_link_type" DEFAULT 'reference',
  	"link_new_tab" boolean,
  	"link_url" varchar,
  	"link_label" varchar,
  	"link_appearance" "enum__pages_v_blocks_content_columns_link_appearance" DEFAULT 'default',
  	"_uuid" varchar
  );
  
  CREATE TABLE "_pages_v_blocks_content" (
  	"_order" integer NOT NULL,
  	"_parent_id" integer NOT NULL,
  	"_path" text NOT NULL,
  	"id" serial PRIMARY KEY NOT NULL,
  	"_uuid" varchar,
  	"block_name" varchar
  );
  
  CREATE TABLE "_pages_v_blocks_media_block" (
  	"_order" integer NOT NULL,
  	"_parent_id" integer NOT NULL,
  	"_path" text NOT NULL,
  	"id" serial PRIMARY KEY NOT NULL,
  	"media_id" integer,
  	"_uuid" varchar,
  	"block_name" varchar
  );
  
  CREATE TABLE "_pages_v_blocks_archive" (
  	"_order" integer NOT NULL,
  	"_parent_id" integer NOT NULL,
  	"_path" text NOT NULL,
  	"id" serial PRIMARY KEY NOT NULL,
  	"intro_content" jsonb,
  	"populate_by" "enum__pages_v_blocks_archive_populate_by" DEFAULT 'collection',
  	"relation_to" "enum__pages_v_blocks_archive_relation_to" DEFAULT 'posts',
  	"limit" numeric DEFAULT 10,
  	"_uuid" varchar,
  	"block_name" varchar
  );
  
  CREATE TABLE "_pages_v_blocks_form_block" (
  	"_order" integer NOT NULL,
  	"_parent_id" integer NOT NULL,
  	"_path" text NOT NULL,
  	"id" serial PRIMARY KEY NOT NULL,
  	"form_id" integer,
  	"enable_intro" boolean,
  	"intro_content" jsonb,
  	"_uuid" varchar,
  	"block_name" varchar
  );
  
  CREATE TABLE "_pages_v" (
  	"id" serial PRIMARY KEY NOT NULL,
  	"parent_id" integer,
  	"version_title" varchar,
  	"version_hero_type" "enum__pages_v_version_hero_type" DEFAULT 'lowImpact',
  	"version_hero_rich_text" jsonb,
  	"version_hero_media_id" integer,
  	"version_meta_title" varchar,
  	"version_meta_image_id" integer,
  	"version_meta_description" varchar,
  	"version_published_at" timestamp(3) with time zone,
  	"version_generate_slug" boolean DEFAULT true,
  	"version_slug" varchar,
  	"version_updated_at" timestamp(3) with time zone,
  	"version_created_at" timestamp(3) with time zone,
  	"version__status" "enum__pages_v_version_status" DEFAULT 'draft',
  	"created_at" timestamp(3) with time zone DEFAULT now() NOT NULL,
  	"updated_at" timestamp(3) with time zone DEFAULT now() NOT NULL,
  	"latest" boolean,
  	"autosave" boolean
  );
  
  CREATE TABLE "_pages_v_rels" (
  	"id" serial PRIMARY KEY NOT NULL,
  	"order" integer,
  	"parent_id" integer NOT NULL,
  	"path" varchar NOT NULL,
  	"pages_id" integer,
  	"posts_id" integer,
  	"categories_id" integer
  );
  
  CREATE TABLE "posts_populated_authors" (
  	"_order" integer NOT NULL,
  	"_parent_id" integer NOT NULL,
  	"id" varchar PRIMARY KEY NOT NULL,
  	"name" varchar
  );
  
  CREATE TABLE "posts" (
  	"id" serial PRIMARY KEY NOT NULL,
  	"title" varchar,
  	"hero_image_id" integer,
  	"content" jsonb,
  	"meta_title" varchar,
  	"meta_image_id" integer,
  	"meta_description" varchar,
  	"published_at" timestamp(3) with time zone,
  	"generate_slug" boolean DEFAULT true,
  	"slug" varchar,
  	"updated_at" timestamp(3) with time zone DEFAULT now() NOT NULL,
  	"created_at" timestamp(3) with time zone DEFAULT now() NOT NULL,
  	"_status" "enum_posts_status" DEFAULT 'draft'
  );
  
  CREATE TABLE "posts_rels" (
  	"id" serial PRIMARY KEY NOT NULL,
  	"order" integer,
  	"parent_id" integer NOT NULL,
  	"path" varchar NOT NULL,
  	"posts_id" integer,
  	"categories_id" integer,
  	"users_id" integer
  );
  
  CREATE TABLE "_posts_v_version_populated_authors" (
  	"_order" integer NOT NULL,
  	"_parent_id" integer NOT NULL,
  	"id" serial PRIMARY KEY NOT NULL,
  	"_uuid" varchar,
  	"name" varchar
  );
  
  CREATE TABLE "_posts_v" (
  	"id" serial PRIMARY KEY NOT NULL,
  	"parent_id" integer,
  	"version_title" varchar,
  	"version_hero_image_id" integer,
  	"version_content" jsonb,
  	"version_meta_title" varchar,
  	"version_meta_image_id" integer,
  	"version_meta_description" varchar,
  	"version_published_at" timestamp(3) with time zone,
  	"version_generate_slug" boolean DEFAULT true,
  	"version_slug" varchar,
  	"version_updated_at" timestamp(3) with time zone,
  	"version_created_at" timestamp(3) with time zone,
  	"version__status" "enum__posts_v_version_status" DEFAULT 'draft',
  	"created_at" timestamp(3) with time zone DEFAULT now() NOT NULL,
  	"updated_at" timestamp(3) with time zone DEFAULT now() NOT NULL,
  	"latest" boolean,
  	"autosave" boolean
  );
  
  CREATE TABLE "_posts_v_rels" (
  	"id" serial PRIMARY KEY NOT NULL,
  	"order" integer,
  	"parent_id" integer NOT NULL,
  	"path" varchar NOT NULL,
  	"posts_id" integer,
  	"categories_id" integer,
  	"users_id" integer
  );
  
  CREATE TABLE "media" (
  	"id" serial PRIMARY KEY NOT NULL,
  	"alt" varchar,
  	"caption" jsonb,
  	"folder_id" integer,
  	"updated_at" timestamp(3) with time zone DEFAULT now() NOT NULL,
  	"created_at" timestamp(3) with time zone DEFAULT now() NOT NULL,
  	"url" varchar,
  	"thumbnail_u_r_l" varchar,
  	"filename" varchar,
  	"mime_type" varchar,
  	"filesize" numeric,
  	"width" numeric,
  	"height" numeric,
  	"focal_x" numeric,
  	"focal_y" numeric,
  	"sizes_thumbnail_url" varchar,
  	"sizes_thumbnail_width" numeric,
  	"sizes_thumbnail_height" numeric,
  	"sizes_thumbnail_mime_type" varchar,
  	"sizes_thumbnail_filesize" numeric,
  	"sizes_thumbnail_filename" varchar,
  	"sizes_square_url" varchar,
  	"sizes_square_width" numeric,
  	"sizes_square_height" numeric,
  	"sizes_square_mime_type" varchar,
  	"sizes_square_filesize" numeric,
  	"sizes_square_filename" varchar,
  	"sizes_small_url" varchar,
  	"sizes_small_width" numeric,
  	"sizes_small_height" numeric,
  	"sizes_small_mime_type" varchar,
  	"sizes_small_filesize" numeric,
  	"sizes_small_filename" varchar,
  	"sizes_medium_url" varchar,
  	"sizes_medium_width" numeric,
  	"sizes_medium_height" numeric,
  	"sizes_medium_mime_type" varchar,
  	"sizes_medium_filesize" numeric,
  	"sizes_medium_filename" varchar,
  	"sizes_large_url" varchar,
  	"sizes_large_width" numeric,
  	"sizes_large_height" numeric,
  	"sizes_large_mime_type" varchar,
  	"sizes_large_filesize" numeric,
  	"sizes_large_filename" varchar,
  	"sizes_xlarge_url" varchar,
  	"sizes_xlarge_width" numeric,
  	"sizes_xlarge_height" numeric,
  	"sizes_xlarge_mime_type" varchar,
  	"sizes_xlarge_filesize" numeric,
  	"sizes_xlarge_filename" varchar,
  	"sizes_og_url" varchar,
  	"sizes_og_width" numeric,
  	"sizes_og_height" numeric,
  	"sizes_og_mime_type" varchar,
  	"sizes_og_filesize" numeric,
  	"sizes_og_filename" varchar
  );
  
  CREATE TABLE "categories_breadcrumbs" (
  	"_order" integer NOT NULL,
  	"_parent_id" integer NOT NULL,
  	"id" varchar PRIMARY KEY NOT NULL,
  	"doc_id" integer,
  	"url" varchar,
  	"label" varchar
  );
  
  CREATE TABLE "categories" (
  	"id" serial PRIMARY KEY NOT NULL,
  	"title" varchar NOT NULL,
  	"generate_slug" boolean DEFAULT true,
  	"slug" varchar NOT NULL,
  	"parent_id" integer,
  	"updated_at" timestamp(3) with time zone DEFAULT now() NOT NULL,
  	"created_at" timestamp(3) with time zone DEFAULT now() NOT NULL
  );
  
  CREATE TABLE "users_sessions" (
  	"_order" integer NOT NULL,
  	"_parent_id" integer NOT NULL,
  	"id" varchar PRIMARY KEY NOT NULL,
  	"created_at" timestamp(3) with time zone,
  	"expires_at" timestamp(3) with time zone NOT NULL
  );
  
  CREATE TABLE "users" (
  	"id" serial PRIMARY KEY NOT NULL,
  	"name" varchar,
  	"updated_at" timestamp(3) with time zone DEFAULT now() NOT NULL,
  	"created_at" timestamp(3) with time zone DEFAULT now() NOT NULL,
  	"email" varchar NOT NULL,
  	"reset_password_token" varchar,
  	"reset_password_expiration" timestamp(3) with time zone,
  	"salt" varchar,
  	"hash" varchar,
  	"login_attempts" numeric DEFAULT 0,
  	"lock_until" timestamp(3) with time zone
  );
  
  CREATE TABLE "case_studies_metrics" (
  	"_order" integer NOT NULL,
  	"_parent_id" integer NOT NULL,
  	"id" varchar PRIMARY KEY NOT NULL,
  	"label" varchar,
  	"value" varchar,
  	"icon" "enum_case_studies_metrics_icon"
  );
  
  CREATE TABLE "case_studies" (
  	"id" serial PRIMARY KEY NOT NULL,
  	"student_name" varchar,
  	"student_photo_id" integer,
  	"institution" varchar,
  	"major" varchar,
  	"year_in_school" "enum_case_studies_year_in_school",
  	"gpa" numeric,
  	"challenge" varchar,
  	"solution" varchar,
  	"outcome" varchar,
  	"testimonial" varchar,
  	"before_after_before_id" integer,
  	"before_after_after_id" integer,
  	"video_testimonial" varchar,
  	"meta_title" varchar,
  	"meta_image_id" integer,
  	"meta_description" varchar,
  	"generate_slug" boolean DEFAULT true,
  	"slug" varchar,
  	"published_at" timestamp(3) with time zone,
  	"featured" boolean DEFAULT false,
  	"updated_at" timestamp(3) with time zone DEFAULT now() NOT NULL,
  	"created_at" timestamp(3) with time zone DEFAULT now() NOT NULL,
  	"_status" "enum_case_studies_status" DEFAULT 'draft'
  );
  
  CREATE TABLE "_case_studies_v_version_metrics" (
  	"_order" integer NOT NULL,
  	"_parent_id" integer NOT NULL,
  	"id" serial PRIMARY KEY NOT NULL,
  	"label" varchar,
  	"value" varchar,
  	"icon" "enum__case_studies_v_version_metrics_icon",
  	"_uuid" varchar
  );
  
  CREATE TABLE "_case_studies_v" (
  	"id" serial PRIMARY KEY NOT NULL,
  	"parent_id" integer,
  	"version_student_name" varchar,
  	"version_student_photo_id" integer,
  	"version_institution" varchar,
  	"version_major" varchar,
  	"version_year_in_school" "enum__case_studies_v_version_year_in_school",
  	"version_gpa" numeric,
  	"version_challenge" varchar,
  	"version_solution" varchar,
  	"version_outcome" varchar,
  	"version_testimonial" varchar,
  	"version_before_after_before_id" integer,
  	"version_before_after_after_id" integer,
  	"version_video_testimonial" varchar,
  	"version_meta_title" varchar,
  	"version_meta_image_id" integer,
  	"version_meta_description" varchar,
  	"version_generate_slug" boolean DEFAULT true,
  	"version_slug" varchar,
  	"version_published_at" timestamp(3) with time zone,
  	"version_featured" boolean DEFAULT false,
  	"version_updated_at" timestamp(3) with time zone,
  	"version_created_at" timestamp(3) with time zone,
  	"version__status" "enum__case_studies_v_version_status" DEFAULT 'draft',
  	"created_at" timestamp(3) with time zone DEFAULT now() NOT NULL,
  	"updated_at" timestamp(3) with time zone DEFAULT now() NOT NULL,
  	"latest" boolean,
  	"autosave" boolean
  );
  
  CREATE TABLE "resources" (
  	"id" serial PRIMARY KEY NOT NULL,
  	"title" varchar,
  	"type" "enum_resources_type",
  	"description" varchar,
  	"thumbnail_id" integer,
  	"download_file_id" integer,
  	"external_url" varchar,
  	"difficulty" "enum_resources_difficulty",
  	"duration" numeric,
  	"meta_title" varchar,
  	"meta_image_id" integer,
  	"meta_description" varchar,
  	"generate_slug" boolean DEFAULT true,
  	"slug" varchar,
  	"published_at" timestamp(3) with time zone,
  	"featured" boolean DEFAULT false,
  	"download_count" numeric DEFAULT 0,
  	"updated_at" timestamp(3) with time zone DEFAULT now() NOT NULL,
  	"created_at" timestamp(3) with time zone DEFAULT now() NOT NULL,
  	"_status" "enum_resources_status" DEFAULT 'draft'
  );
  
  CREATE TABLE "resources_rels" (
  	"id" serial PRIMARY KEY NOT NULL,
  	"order" integer,
  	"parent_id" integer NOT NULL,
  	"path" varchar NOT NULL,
  	"categories_id" integer
  );
  
  CREATE TABLE "_resources_v" (
  	"id" serial PRIMARY KEY NOT NULL,
  	"parent_id" integer,
  	"version_title" varchar,
  	"version_type" "enum__resources_v_version_type",
  	"version_description" varchar,
  	"version_thumbnail_id" integer,
  	"version_download_file_id" integer,
  	"version_external_url" varchar,
  	"version_difficulty" "enum__resources_v_version_difficulty",
  	"version_duration" numeric,
  	"version_meta_title" varchar,
  	"version_meta_image_id" integer,
  	"version_meta_description" varchar,
  	"version_generate_slug" boolean DEFAULT true,
  	"version_slug" varchar,
  	"version_published_at" timestamp(3) with time zone,
  	"version_featured" boolean DEFAULT false,
  	"version_download_count" numeric DEFAULT 0,
  	"version_updated_at" timestamp(3) with time zone,
  	"version_created_at" timestamp(3) with time zone,
  	"version__status" "enum__resources_v_version_status" DEFAULT 'draft',
  	"created_at" timestamp(3) with time zone DEFAULT now() NOT NULL,
  	"updated_at" timestamp(3) with time zone DEFAULT now() NOT NULL,
  	"latest" boolean,
  	"autosave" boolean
  );
  
  CREATE TABLE "_resources_v_rels" (
  	"id" serial PRIMARY KEY NOT NULL,
  	"order" integer,
  	"parent_id" integer NOT NULL,
  	"path" varchar NOT NULL,
  	"categories_id" integer
  );
  
  CREATE TABLE "redirects" (
  	"id" serial PRIMARY KEY NOT NULL,
  	"from" varchar NOT NULL,
  	"to_type" "enum_redirects_to_type" DEFAULT 'reference',
  	"to_url" varchar,
  	"updated_at" timestamp(3) with time zone DEFAULT now() NOT NULL,
  	"created_at" timestamp(3) with time zone DEFAULT now() NOT NULL
  );
  
  CREATE TABLE "redirects_rels" (
  	"id" serial PRIMARY KEY NOT NULL,
  	"order" integer,
  	"parent_id" integer NOT NULL,
  	"path" varchar NOT NULL,
  	"pages_id" integer,
  	"posts_id" integer
  );
  
  CREATE TABLE "forms_blocks_checkbox" (
  	"_order" integer NOT NULL,
  	"_parent_id" integer NOT NULL,
  	"_path" text NOT NULL,
  	"id" varchar PRIMARY KEY NOT NULL,
  	"name" varchar NOT NULL,
  	"label" varchar,
  	"width" numeric,
  	"required" boolean,
  	"default_value" boolean,
  	"block_name" varchar
  );
  
  CREATE TABLE "forms_blocks_country" (
  	"_order" integer NOT NULL,
  	"_parent_id" integer NOT NULL,
  	"_path" text NOT NULL,
  	"id" varchar PRIMARY KEY NOT NULL,
  	"name" varchar NOT NULL,
  	"label" varchar,
  	"width" numeric,
  	"required" boolean,
  	"block_name" varchar
  );
  
  CREATE TABLE "forms_blocks_email" (
  	"_order" integer NOT NULL,
  	"_parent_id" integer NOT NULL,
  	"_path" text NOT NULL,
  	"id" varchar PRIMARY KEY NOT NULL,
  	"name" varchar NOT NULL,
  	"label" varchar,
  	"width" numeric,
  	"required" boolean,
  	"block_name" varchar
  );
  
  CREATE TABLE "forms_blocks_message" (
  	"_order" integer NOT NULL,
  	"_parent_id" integer NOT NULL,
  	"_path" text NOT NULL,
  	"id" varchar PRIMARY KEY NOT NULL,
  	"message" jsonb,
  	"block_name" varchar
  );
  
  CREATE TABLE "forms_blocks_number" (
  	"_order" integer NOT NULL,
  	"_parent_id" integer NOT NULL,
  	"_path" text NOT NULL,
  	"id" varchar PRIMARY KEY NOT NULL,
  	"name" varchar NOT NULL,
  	"label" varchar,
  	"width" numeric,
  	"default_value" numeric,
  	"required" boolean,
  	"block_name" varchar
  );
  
  CREATE TABLE "forms_blocks_select_options" (
  	"_order" integer NOT NULL,
  	"_parent_id" varchar NOT NULL,
  	"id" varchar PRIMARY KEY NOT NULL,
  	"label" varchar NOT NULL,
  	"value" varchar NOT NULL
  );
  
  CREATE TABLE "forms_blocks_select" (
  	"_order" integer NOT NULL,
  	"_parent_id" integer NOT NULL,
  	"_path" text NOT NULL,
  	"id" varchar PRIMARY KEY NOT NULL,
  	"name" varchar NOT NULL,
  	"label" varchar,
  	"width" numeric,
  	"default_value" varchar,
  	"placeholder" varchar,
  	"required" boolean,
  	"block_name" varchar
  );
  
  CREATE TABLE "forms_blocks_state" (
  	"_order" integer NOT NULL,
  	"_parent_id" integer NOT NULL,
  	"_path" text NOT NULL,
  	"id" varchar PRIMARY KEY NOT NULL,
  	"name" varchar NOT NULL,
  	"label" varchar,
  	"width" numeric,
  	"required" boolean,
  	"block_name" varchar
  );
  
  CREATE TABLE "forms_blocks_text" (
  	"_order" integer NOT NULL,
  	"_parent_id" integer NOT NULL,
  	"_path" text NOT NULL,
  	"id" varchar PRIMARY KEY NOT NULL,
  	"name" varchar NOT NULL,
  	"label" varchar,
  	"width" numeric,
  	"default_value" varchar,
  	"required" boolean,
  	"block_name" varchar
  );
  
  CREATE TABLE "forms_blocks_textarea" (
  	"_order" integer NOT NULL,
  	"_parent_id" integer NOT NULL,
  	"_path" text NOT NULL,
  	"id" varchar PRIMARY KEY NOT NULL,
  	"name" varchar NOT NULL,
  	"label" varchar,
  	"width" numeric,
  	"default_value" varchar,
  	"required" boolean,
  	"block_name" varchar
  );
  
  CREATE TABLE "forms_emails" (
  	"_order" integer NOT NULL,
  	"_parent_id" integer NOT NULL,
  	"id" varchar PRIMARY KEY NOT NULL,
  	"email_to" varchar,
  	"cc" varchar,
  	"bcc" varchar,
  	"reply_to" varchar,
  	"email_from" varchar,
  	"subject" varchar DEFAULT 'You''ve received a new message.' NOT NULL,
  	"message" jsonb
  );
  
  CREATE TABLE "forms" (
  	"id" serial PRIMARY KEY NOT NULL,
  	"title" varchar NOT NULL,
  	"submit_button_label" varchar,
  	"confirmation_type" "enum_forms_confirmation_type" DEFAULT 'message',
  	"confirmation_message" jsonb,
  	"redirect_url" varchar,
  	"updated_at" timestamp(3) with time zone DEFAULT now() NOT NULL,
  	"created_at" timestamp(3) with time zone DEFAULT now() NOT NULL
  );
  
  CREATE TABLE "form_submissions_submission_data" (
  	"_order" integer NOT NULL,
  	"_parent_id" integer NOT NULL,
  	"id" varchar PRIMARY KEY NOT NULL,
  	"field" varchar NOT NULL,
  	"value" varchar NOT NULL
  );
  
  CREATE TABLE "form_submissions" (
  	"id" serial PRIMARY KEY NOT NULL,
  	"form_id" integer NOT NULL,
  	"updated_at" timestamp(3) with time zone DEFAULT now() NOT NULL,
  	"created_at" timestamp(3) with time zone DEFAULT now() NOT NULL
  );
  
  CREATE TABLE "search_categories" (
  	"_order" integer NOT NULL,
  	"_parent_id" integer NOT NULL,
  	"id" varchar PRIMARY KEY NOT NULL,
  	"relation_to" varchar,
  	"category_i_d" varchar,
  	"title" varchar
  );
  
  CREATE TABLE "search" (
  	"id" serial PRIMARY KEY NOT NULL,
  	"title" varchar,
  	"priority" numeric,
  	"slug" varchar,
  	"meta_title" varchar,
  	"meta_description" varchar,
  	"meta_image_id" integer,
  	"updated_at" timestamp(3) with time zone DEFAULT now() NOT NULL,
  	"created_at" timestamp(3) with time zone DEFAULT now() NOT NULL
  );
  
  CREATE TABLE "search_rels" (
  	"id" serial PRIMARY KEY NOT NULL,
  	"order" integer,
  	"parent_id" integer NOT NULL,
  	"path" varchar NOT NULL,
  	"posts_id" integer
  );
  
  CREATE TABLE "payload_kv" (
  	"id" serial PRIMARY KEY NOT NULL,
  	"key" varchar NOT NULL,
  	"data" jsonb NOT NULL
  );
  
  CREATE TABLE "payload_jobs_log" (
  	"_order" integer NOT NULL,
  	"_parent_id" integer NOT NULL,
  	"id" varchar PRIMARY KEY NOT NULL,
  	"executed_at" timestamp(3) with time zone NOT NULL,
  	"completed_at" timestamp(3) with time zone NOT NULL,
  	"task_slug" "enum_payload_jobs_log_task_slug" NOT NULL,
  	"task_i_d" varchar NOT NULL,
  	"input" jsonb,
  	"output" jsonb,
  	"state" "enum_payload_jobs_log_state" NOT NULL,
  	"error" jsonb
  );
  
  CREATE TABLE "payload_jobs" (
  	"id" serial PRIMARY KEY NOT NULL,
  	"input" jsonb,
  	"completed_at" timestamp(3) with time zone,
  	"total_tried" numeric DEFAULT 0,
  	"has_error" boolean DEFAULT false,
  	"error" jsonb,
  	"task_slug" "enum_payload_jobs_task_slug",
  	"queue" varchar DEFAULT 'default',
  	"wait_until" timestamp(3) with time zone,
  	"processing" boolean DEFAULT false,
  	"updated_at" timestamp(3) with time zone DEFAULT now() NOT NULL,
  	"created_at" timestamp(3) with time zone DEFAULT now() NOT NULL
  );
  
  CREATE TABLE "payload_folders_folder_type" (
  	"order" integer NOT NULL,
  	"parent_id" integer NOT NULL,
  	"value" "enum_payload_folders_folder_type",
  	"id" serial PRIMARY KEY NOT NULL
  );
  
  CREATE TABLE "payload_folders" (
  	"id" serial PRIMARY KEY NOT NULL,
  	"name" varchar NOT NULL,
  	"folder_id" integer,
  	"updated_at" timestamp(3) with time zone DEFAULT now() NOT NULL,
  	"created_at" timestamp(3) with time zone DEFAULT now() NOT NULL
  );
  
  CREATE TABLE "payload_locked_documents" (
  	"id" serial PRIMARY KEY NOT NULL,
  	"global_slug" varchar,
  	"updated_at" timestamp(3) with time zone DEFAULT now() NOT NULL,
  	"created_at" timestamp(3) with time zone DEFAULT now() NOT NULL
  );
  
  CREATE TABLE "payload_locked_documents_rels" (
  	"id" serial PRIMARY KEY NOT NULL,
  	"order" integer,
  	"parent_id" integer NOT NULL,
  	"path" varchar NOT NULL,
  	"pages_id" integer,
  	"posts_id" integer,
  	"media_id" integer,
  	"categories_id" integer,
  	"users_id" integer,
  	"case_studies_id" integer,
  	"resources_id" integer,
  	"redirects_id" integer,
  	"forms_id" integer,
  	"form_submissions_id" integer,
  	"search_id" integer,
  	"payload_folders_id" integer
  );
  
  CREATE TABLE "payload_preferences" (
  	"id" serial PRIMARY KEY NOT NULL,
  	"key" varchar,
  	"value" jsonb,
  	"updated_at" timestamp(3) with time zone DEFAULT now() NOT NULL,
  	"created_at" timestamp(3) with time zone DEFAULT now() NOT NULL
  );
  
  CREATE TABLE "payload_preferences_rels" (
  	"id" serial PRIMARY KEY NOT NULL,
  	"order" integer,
  	"parent_id" integer NOT NULL,
  	"path" varchar NOT NULL,
  	"users_id" integer
  );
  
  CREATE TABLE "payload_migrations" (
  	"id" serial PRIMARY KEY NOT NULL,
  	"name" varchar,
  	"batch" numeric,
  	"updated_at" timestamp(3) with time zone DEFAULT now() NOT NULL,
  	"created_at" timestamp(3) with time zone DEFAULT now() NOT NULL
  );
  
  CREATE TABLE "header_nav_items" (
  	"_order" integer NOT NULL,
  	"_parent_id" integer NOT NULL,
  	"id" varchar PRIMARY KEY NOT NULL,
  	"link_type" "enum_header_nav_items_link_type" DEFAULT 'reference',
  	"link_new_tab" boolean,
  	"link_url" varchar,
  	"link_label" varchar NOT NULL
  );
  
  CREATE TABLE "header" (
  	"id" serial PRIMARY KEY NOT NULL,
  	"updated_at" timestamp(3) with time zone,
  	"created_at" timestamp(3) with time zone
  );
  
  CREATE TABLE "header_rels" (
  	"id" serial PRIMARY KEY NOT NULL,
  	"order" integer,
  	"parent_id" integer NOT NULL,
  	"path" varchar NOT NULL,
  	"pages_id" integer,
  	"posts_id" integer
  );
  
  CREATE TABLE "footer_nav_items" (
  	"_order" integer NOT NULL,
  	"_parent_id" integer NOT NULL,
  	"id" varchar PRIMARY KEY NOT NULL,
  	"link_type" "enum_footer_nav_items_link_type" DEFAULT 'reference',
  	"link_new_tab" boolean,
  	"link_url" varchar,
  	"link_label" varchar NOT NULL
  );
  
  CREATE TABLE "footer" (
  	"id" serial PRIMARY KEY NOT NULL,
  	"updated_at" timestamp(3) with time zone,
  	"created_at" timestamp(3) with time zone
  );
  
  CREATE TABLE "footer_rels" (
  	"id" serial PRIMARY KEY NOT NULL,
  	"order" integer,
  	"parent_id" integer NOT NULL,
  	"path" varchar NOT NULL,
  	"pages_id" integer,
  	"posts_id" integer
  );
  
  CREATE TABLE "settings" (
  	"id" serial PRIMARY KEY NOT NULL,
  	"site_name" varchar DEFAULT 'Horizon' NOT NULL,
  	"site_description" varchar DEFAULT 'Transform your learning experience with AI-powered study tools' NOT NULL,
  	"logo_id" integer,
  	"favicon_id" integer,
  	"contact_email" varchar NOT NULL,
  	"support_email" varchar,
  	"phone_number" varchar,
  	"address" varchar,
  	"social_twitter" varchar,
  	"social_linkedin" varchar,
  	"social_instagram" varchar,
  	"social_facebook" varchar,
  	"social_youtube" varchar,
  	"social_discord" varchar,
  	"social_tiktok" varchar,
  	"analytics_google_analytics_id" varchar,
  	"analytics_google_tag_manager_id" varchar,
  	"analytics_facebook_pixel_id" varchar,
  	"analytics_hotjar_id" varchar,
  	"analytics_mixpanel_token" varchar,
  	"announcement_bar_enabled" boolean DEFAULT false,
  	"announcement_bar_message" varchar,
  	"announcement_bar_link_text" varchar,
  	"announcement_bar_link_url" varchar,
  	"announcement_bar_background_color" "enum_settings_announcement_bar_background_color" DEFAULT 'blue',
  	"updated_at" timestamp(3) with time zone,
  	"created_at" timestamp(3) with time zone
  );
  
  ALTER TABLE "pages_hero_links" ADD CONSTRAINT "pages_hero_links_parent_id_fk" FOREIGN KEY ("_parent_id") REFERENCES "public"."pages"("id") ON DELETE cascade ON UPDATE no action;
  ALTER TABLE "pages_blocks_cta_links" ADD CONSTRAINT "pages_blocks_cta_links_parent_id_fk" FOREIGN KEY ("_parent_id") REFERENCES "public"."pages_blocks_cta"("id") ON DELETE cascade ON UPDATE no action;
  ALTER TABLE "pages_blocks_cta" ADD CONSTRAINT "pages_blocks_cta_parent_id_fk" FOREIGN KEY ("_parent_id") REFERENCES "public"."pages"("id") ON DELETE cascade ON UPDATE no action;
  ALTER TABLE "pages_blocks_content_columns" ADD CONSTRAINT "pages_blocks_content_columns_parent_id_fk" FOREIGN KEY ("_parent_id") REFERENCES "public"."pages_blocks_content"("id") ON DELETE cascade ON UPDATE no action;
  ALTER TABLE "pages_blocks_content" ADD CONSTRAINT "pages_blocks_content_parent_id_fk" FOREIGN KEY ("_parent_id") REFERENCES "public"."pages"("id") ON DELETE cascade ON UPDATE no action;
  ALTER TABLE "pages_blocks_media_block" ADD CONSTRAINT "pages_blocks_media_block_media_id_media_id_fk" FOREIGN KEY ("media_id") REFERENCES "public"."media"("id") ON DELETE set null ON UPDATE no action;
  ALTER TABLE "pages_blocks_media_block" ADD CONSTRAINT "pages_blocks_media_block_parent_id_fk" FOREIGN KEY ("_parent_id") REFERENCES "public"."pages"("id") ON DELETE cascade ON UPDATE no action;
  ALTER TABLE "pages_blocks_archive" ADD CONSTRAINT "pages_blocks_archive_parent_id_fk" FOREIGN KEY ("_parent_id") REFERENCES "public"."pages"("id") ON DELETE cascade ON UPDATE no action;
  ALTER TABLE "pages_blocks_form_block" ADD CONSTRAINT "pages_blocks_form_block_form_id_forms_id_fk" FOREIGN KEY ("form_id") REFERENCES "public"."forms"("id") ON DELETE set null ON UPDATE no action;
  ALTER TABLE "pages_blocks_form_block" ADD CONSTRAINT "pages_blocks_form_block_parent_id_fk" FOREIGN KEY ("_parent_id") REFERENCES "public"."pages"("id") ON DELETE cascade ON UPDATE no action;
  ALTER TABLE "pages" ADD CONSTRAINT "pages_hero_media_id_media_id_fk" FOREIGN KEY ("hero_media_id") REFERENCES "public"."media"("id") ON DELETE set null ON UPDATE no action;
  ALTER TABLE "pages" ADD CONSTRAINT "pages_meta_image_id_media_id_fk" FOREIGN KEY ("meta_image_id") REFERENCES "public"."media"("id") ON DELETE set null ON UPDATE no action;
  ALTER TABLE "pages_rels" ADD CONSTRAINT "pages_rels_parent_fk" FOREIGN KEY ("parent_id") REFERENCES "public"."pages"("id") ON DELETE cascade ON UPDATE no action;
  ALTER TABLE "pages_rels" ADD CONSTRAINT "pages_rels_pages_fk" FOREIGN KEY ("pages_id") REFERENCES "public"."pages"("id") ON DELETE cascade ON UPDATE no action;
  ALTER TABLE "pages_rels" ADD CONSTRAINT "pages_rels_posts_fk" FOREIGN KEY ("posts_id") REFERENCES "public"."posts"("id") ON DELETE cascade ON UPDATE no action;
  ALTER TABLE "pages_rels" ADD CONSTRAINT "pages_rels_categories_fk" FOREIGN KEY ("categories_id") REFERENCES "public"."categories"("id") ON DELETE cascade ON UPDATE no action;
  ALTER TABLE "_pages_v_version_hero_links" ADD CONSTRAINT "_pages_v_version_hero_links_parent_id_fk" FOREIGN KEY ("_parent_id") REFERENCES "public"."_pages_v"("id") ON DELETE cascade ON UPDATE no action;
  ALTER TABLE "_pages_v_blocks_cta_links" ADD CONSTRAINT "_pages_v_blocks_cta_links_parent_id_fk" FOREIGN KEY ("_parent_id") REFERENCES "public"."_pages_v_blocks_cta"("id") ON DELETE cascade ON UPDATE no action;
  ALTER TABLE "_pages_v_blocks_cta" ADD CONSTRAINT "_pages_v_blocks_cta_parent_id_fk" FOREIGN KEY ("_parent_id") REFERENCES "public"."_pages_v"("id") ON DELETE cascade ON UPDATE no action;
  ALTER TABLE "_pages_v_blocks_content_columns" ADD CONSTRAINT "_pages_v_blocks_content_columns_parent_id_fk" FOREIGN KEY ("_parent_id") REFERENCES "public"."_pages_v_blocks_content"("id") ON DELETE cascade ON UPDATE no action;
  ALTER TABLE "_pages_v_blocks_content" ADD CONSTRAINT "_pages_v_blocks_content_parent_id_fk" FOREIGN KEY ("_parent_id") REFERENCES "public"."_pages_v"("id") ON DELETE cascade ON UPDATE no action;
  ALTER TABLE "_pages_v_blocks_media_block" ADD CONSTRAINT "_pages_v_blocks_media_block_media_id_media_id_fk" FOREIGN KEY ("media_id") REFERENCES "public"."media"("id") ON DELETE set null ON UPDATE no action;
  ALTER TABLE "_pages_v_blocks_media_block" ADD CONSTRAINT "_pages_v_blocks_media_block_parent_id_fk" FOREIGN KEY ("_parent_id") REFERENCES "public"."_pages_v"("id") ON DELETE cascade ON UPDATE no action;
  ALTER TABLE "_pages_v_blocks_archive" ADD CONSTRAINT "_pages_v_blocks_archive_parent_id_fk" FOREIGN KEY ("_parent_id") REFERENCES "public"."_pages_v"("id") ON DELETE cascade ON UPDATE no action;
  ALTER TABLE "_pages_v_blocks_form_block" ADD CONSTRAINT "_pages_v_blocks_form_block_form_id_forms_id_fk" FOREIGN KEY ("form_id") REFERENCES "public"."forms"("id") ON DELETE set null ON UPDATE no action;
  ALTER TABLE "_pages_v_blocks_form_block" ADD CONSTRAINT "_pages_v_blocks_form_block_parent_id_fk" FOREIGN KEY ("_parent_id") REFERENCES "public"."_pages_v"("id") ON DELETE cascade ON UPDATE no action;
  ALTER TABLE "_pages_v" ADD CONSTRAINT "_pages_v_parent_id_pages_id_fk" FOREIGN KEY ("parent_id") REFERENCES "public"."pages"("id") ON DELETE set null ON UPDATE no action;
  ALTER TABLE "_pages_v" ADD CONSTRAINT "_pages_v_version_hero_media_id_media_id_fk" FOREIGN KEY ("version_hero_media_id") REFERENCES "public"."media"("id") ON DELETE set null ON UPDATE no action;
  ALTER TABLE "_pages_v" ADD CONSTRAINT "_pages_v_version_meta_image_id_media_id_fk" FOREIGN KEY ("version_meta_image_id") REFERENCES "public"."media"("id") ON DELETE set null ON UPDATE no action;
  ALTER TABLE "_pages_v_rels" ADD CONSTRAINT "_pages_v_rels_parent_fk" FOREIGN KEY ("parent_id") REFERENCES "public"."_pages_v"("id") ON DELETE cascade ON UPDATE no action;
  ALTER TABLE "_pages_v_rels" ADD CONSTRAINT "_pages_v_rels_pages_fk" FOREIGN KEY ("pages_id") REFERENCES "public"."pages"("id") ON DELETE cascade ON UPDATE no action;
  ALTER TABLE "_pages_v_rels" ADD CONSTRAINT "_pages_v_rels_posts_fk" FOREIGN KEY ("posts_id") REFERENCES "public"."posts"("id") ON DELETE cascade ON UPDATE no action;
  ALTER TABLE "_pages_v_rels" ADD CONSTRAINT "_pages_v_rels_categories_fk" FOREIGN KEY ("categories_id") REFERENCES "public"."categories"("id") ON DELETE cascade ON UPDATE no action;
  ALTER TABLE "posts_populated_authors" ADD CONSTRAINT "posts_populated_authors_parent_id_fk" FOREIGN KEY ("_parent_id") REFERENCES "public"."posts"("id") ON DELETE cascade ON UPDATE no action;
  ALTER TABLE "posts" ADD CONSTRAINT "posts_hero_image_id_media_id_fk" FOREIGN KEY ("hero_image_id") REFERENCES "public"."media"("id") ON DELETE set null ON UPDATE no action;
  ALTER TABLE "posts" ADD CONSTRAINT "posts_meta_image_id_media_id_fk" FOREIGN KEY ("meta_image_id") REFERENCES "public"."media"("id") ON DELETE set null ON UPDATE no action;
  ALTER TABLE "posts_rels" ADD CONSTRAINT "posts_rels_parent_fk" FOREIGN KEY ("parent_id") REFERENCES "public"."posts"("id") ON DELETE cascade ON UPDATE no action;
  ALTER TABLE "posts_rels" ADD CONSTRAINT "posts_rels_posts_fk" FOREIGN KEY ("posts_id") REFERENCES "public"."posts"("id") ON DELETE cascade ON UPDATE no action;
  ALTER TABLE "posts_rels" ADD CONSTRAINT "posts_rels_categories_fk" FOREIGN KEY ("categories_id") REFERENCES "public"."categories"("id") ON DELETE cascade ON UPDATE no action;
  ALTER TABLE "posts_rels" ADD CONSTRAINT "posts_rels_users_fk" FOREIGN KEY ("users_id") REFERENCES "public"."users"("id") ON DELETE cascade ON UPDATE no action;
  ALTER TABLE "_posts_v_version_populated_authors" ADD CONSTRAINT "_posts_v_version_populated_authors_parent_id_fk" FOREIGN KEY ("_parent_id") REFERENCES "public"."_posts_v"("id") ON DELETE cascade ON UPDATE no action;
  ALTER TABLE "_posts_v" ADD CONSTRAINT "_posts_v_parent_id_posts_id_fk" FOREIGN KEY ("parent_id") REFERENCES "public"."posts"("id") ON DELETE set null ON UPDATE no action;
  ALTER TABLE "_posts_v" ADD CONSTRAINT "_posts_v_version_hero_image_id_media_id_fk" FOREIGN KEY ("version_hero_image_id") REFERENCES "public"."media"("id") ON DELETE set null ON UPDATE no action;
  ALTER TABLE "_posts_v" ADD CONSTRAINT "_posts_v_version_meta_image_id_media_id_fk" FOREIGN KEY ("version_meta_image_id") REFERENCES "public"."media"("id") ON DELETE set null ON UPDATE no action;
  ALTER TABLE "_posts_v_rels" ADD CONSTRAINT "_posts_v_rels_parent_fk" FOREIGN KEY ("parent_id") REFERENCES "public"."_posts_v"("id") ON DELETE cascade ON UPDATE no action;
  ALTER TABLE "_posts_v_rels" ADD CONSTRAINT "_posts_v_rels_posts_fk" FOREIGN KEY ("posts_id") REFERENCES "public"."posts"("id") ON DELETE cascade ON UPDATE no action;
  ALTER TABLE "_posts_v_rels" ADD CONSTRAINT "_posts_v_rels_categories_fk" FOREIGN KEY ("categories_id") REFERENCES "public"."categories"("id") ON DELETE cascade ON UPDATE no action;
  ALTER TABLE "_posts_v_rels" ADD CONSTRAINT "_posts_v_rels_users_fk" FOREIGN KEY ("users_id") REFERENCES "public"."users"("id") ON DELETE cascade ON UPDATE no action;
  ALTER TABLE "media" ADD CONSTRAINT "media_folder_id_payload_folders_id_fk" FOREIGN KEY ("folder_id") REFERENCES "public"."payload_folders"("id") ON DELETE set null ON UPDATE no action;
  ALTER TABLE "categories_breadcrumbs" ADD CONSTRAINT "categories_breadcrumbs_doc_id_categories_id_fk" FOREIGN KEY ("doc_id") REFERENCES "public"."categories"("id") ON DELETE set null ON UPDATE no action;
  ALTER TABLE "categories_breadcrumbs" ADD CONSTRAINT "categories_breadcrumbs_parent_id_fk" FOREIGN KEY ("_parent_id") REFERENCES "public"."categories"("id") ON DELETE cascade ON UPDATE no action;
  ALTER TABLE "categories" ADD CONSTRAINT "categories_parent_id_categories_id_fk" FOREIGN KEY ("parent_id") REFERENCES "public"."categories"("id") ON DELETE set null ON UPDATE no action;
  ALTER TABLE "users_sessions" ADD CONSTRAINT "users_sessions_parent_id_fk" FOREIGN KEY ("_parent_id") REFERENCES "public"."users"("id") ON DELETE cascade ON UPDATE no action;
  ALTER TABLE "case_studies_metrics" ADD CONSTRAINT "case_studies_metrics_parent_id_fk" FOREIGN KEY ("_parent_id") REFERENCES "public"."case_studies"("id") ON DELETE cascade ON UPDATE no action;
  ALTER TABLE "case_studies" ADD CONSTRAINT "case_studies_student_photo_id_media_id_fk" FOREIGN KEY ("student_photo_id") REFERENCES "public"."media"("id") ON DELETE set null ON UPDATE no action;
  ALTER TABLE "case_studies" ADD CONSTRAINT "case_studies_before_after_before_id_media_id_fk" FOREIGN KEY ("before_after_before_id") REFERENCES "public"."media"("id") ON DELETE set null ON UPDATE no action;
  ALTER TABLE "case_studies" ADD CONSTRAINT "case_studies_before_after_after_id_media_id_fk" FOREIGN KEY ("before_after_after_id") REFERENCES "public"."media"("id") ON DELETE set null ON UPDATE no action;
  ALTER TABLE "case_studies" ADD CONSTRAINT "case_studies_meta_image_id_media_id_fk" FOREIGN KEY ("meta_image_id") REFERENCES "public"."media"("id") ON DELETE set null ON UPDATE no action;
  ALTER TABLE "_case_studies_v_version_metrics" ADD CONSTRAINT "_case_studies_v_version_metrics_parent_id_fk" FOREIGN KEY ("_parent_id") REFERENCES "public"."_case_studies_v"("id") ON DELETE cascade ON UPDATE no action;
  ALTER TABLE "_case_studies_v" ADD CONSTRAINT "_case_studies_v_parent_id_case_studies_id_fk" FOREIGN KEY ("parent_id") REFERENCES "public"."case_studies"("id") ON DELETE set null ON UPDATE no action;
  ALTER TABLE "_case_studies_v" ADD CONSTRAINT "_case_studies_v_version_student_photo_id_media_id_fk" FOREIGN KEY ("version_student_photo_id") REFERENCES "public"."media"("id") ON DELETE set null ON UPDATE no action;
  ALTER TABLE "_case_studies_v" ADD CONSTRAINT "_case_studies_v_version_before_after_before_id_media_id_fk" FOREIGN KEY ("version_before_after_before_id") REFERENCES "public"."media"("id") ON DELETE set null ON UPDATE no action;
  ALTER TABLE "_case_studies_v" ADD CONSTRAINT "_case_studies_v_version_before_after_after_id_media_id_fk" FOREIGN KEY ("version_before_after_after_id") REFERENCES "public"."media"("id") ON DELETE set null ON UPDATE no action;
  ALTER TABLE "_case_studies_v" ADD CONSTRAINT "_case_studies_v_version_meta_image_id_media_id_fk" FOREIGN KEY ("version_meta_image_id") REFERENCES "public"."media"("id") ON DELETE set null ON UPDATE no action;
  ALTER TABLE "resources" ADD CONSTRAINT "resources_thumbnail_id_media_id_fk" FOREIGN KEY ("thumbnail_id") REFERENCES "public"."media"("id") ON DELETE set null ON UPDATE no action;
  ALTER TABLE "resources" ADD CONSTRAINT "resources_download_file_id_media_id_fk" FOREIGN KEY ("download_file_id") REFERENCES "public"."media"("id") ON DELETE set null ON UPDATE no action;
  ALTER TABLE "resources" ADD CONSTRAINT "resources_meta_image_id_media_id_fk" FOREIGN KEY ("meta_image_id") REFERENCES "public"."media"("id") ON DELETE set null ON UPDATE no action;
  ALTER TABLE "resources_rels" ADD CONSTRAINT "resources_rels_parent_fk" FOREIGN KEY ("parent_id") REFERENCES "public"."resources"("id") ON DELETE cascade ON UPDATE no action;
  ALTER TABLE "resources_rels" ADD CONSTRAINT "resources_rels_categories_fk" FOREIGN KEY ("categories_id") REFERENCES "public"."categories"("id") ON DELETE cascade ON UPDATE no action;
  ALTER TABLE "_resources_v" ADD CONSTRAINT "_resources_v_parent_id_resources_id_fk" FOREIGN KEY ("parent_id") REFERENCES "public"."resources"("id") ON DELETE set null ON UPDATE no action;
  ALTER TABLE "_resources_v" ADD CONSTRAINT "_resources_v_version_thumbnail_id_media_id_fk" FOREIGN KEY ("version_thumbnail_id") REFERENCES "public"."media"("id") ON DELETE set null ON UPDATE no action;
  ALTER TABLE "_resources_v" ADD CONSTRAINT "_resources_v_version_download_file_id_media_id_fk" FOREIGN KEY ("version_download_file_id") REFERENCES "public"."media"("id") ON DELETE set null ON UPDATE no action;
  ALTER TABLE "_resources_v" ADD CONSTRAINT "_resources_v_version_meta_image_id_media_id_fk" FOREIGN KEY ("version_meta_image_id") REFERENCES "public"."media"("id") ON DELETE set null ON UPDATE no action;
  ALTER TABLE "_resources_v_rels" ADD CONSTRAINT "_resources_v_rels_parent_fk" FOREIGN KEY ("parent_id") REFERENCES "public"."_resources_v"("id") ON DELETE cascade ON UPDATE no action;
  ALTER TABLE "_resources_v_rels" ADD CONSTRAINT "_resources_v_rels_categories_fk" FOREIGN KEY ("categories_id") REFERENCES "public"."categories"("id") ON DELETE cascade ON UPDATE no action;
  ALTER TABLE "redirects_rels" ADD CONSTRAINT "redirects_rels_parent_fk" FOREIGN KEY ("parent_id") REFERENCES "public"."redirects"("id") ON DELETE cascade ON UPDATE no action;
  ALTER TABLE "redirects_rels" ADD CONSTRAINT "redirects_rels_pages_fk" FOREIGN KEY ("pages_id") REFERENCES "public"."pages"("id") ON DELETE cascade ON UPDATE no action;
  ALTER TABLE "redirects_rels" ADD CONSTRAINT "redirects_rels_posts_fk" FOREIGN KEY ("posts_id") REFERENCES "public"."posts"("id") ON DELETE cascade ON UPDATE no action;
  ALTER TABLE "forms_blocks_checkbox" ADD CONSTRAINT "forms_blocks_checkbox_parent_id_fk" FOREIGN KEY ("_parent_id") REFERENCES "public"."forms"("id") ON DELETE cascade ON UPDATE no action;
  ALTER TABLE "forms_blocks_country" ADD CONSTRAINT "forms_blocks_country_parent_id_fk" FOREIGN KEY ("_parent_id") REFERENCES "public"."forms"("id") ON DELETE cascade ON UPDATE no action;
  ALTER TABLE "forms_blocks_email" ADD CONSTRAINT "forms_blocks_email_parent_id_fk" FOREIGN KEY ("_parent_id") REFERENCES "public"."forms"("id") ON DELETE cascade ON UPDATE no action;
  ALTER TABLE "forms_blocks_message" ADD CONSTRAINT "forms_blocks_message_parent_id_fk" FOREIGN KEY ("_parent_id") REFERENCES "public"."forms"("id") ON DELETE cascade ON UPDATE no action;
  ALTER TABLE "forms_blocks_number" ADD CONSTRAINT "forms_blocks_number_parent_id_fk" FOREIGN KEY ("_parent_id") REFERENCES "public"."forms"("id") ON DELETE cascade ON UPDATE no action;
  ALTER TABLE "forms_blocks_select_options" ADD CONSTRAINT "forms_blocks_select_options_parent_id_fk" FOREIGN KEY ("_parent_id") REFERENCES "public"."forms_blocks_select"("id") ON DELETE cascade ON UPDATE no action;
  ALTER TABLE "forms_blocks_select" ADD CONSTRAINT "forms_blocks_select_parent_id_fk" FOREIGN KEY ("_parent_id") REFERENCES "public"."forms"("id") ON DELETE cascade ON UPDATE no action;
  ALTER TABLE "forms_blocks_state" ADD CONSTRAINT "forms_blocks_state_parent_id_fk" FOREIGN KEY ("_parent_id") REFERENCES "public"."forms"("id") ON DELETE cascade ON UPDATE no action;
  ALTER TABLE "forms_blocks_text" ADD CONSTRAINT "forms_blocks_text_parent_id_fk" FOREIGN KEY ("_parent_id") REFERENCES "public"."forms"("id") ON DELETE cascade ON UPDATE no action;
  ALTER TABLE "forms_blocks_textarea" ADD CONSTRAINT "forms_blocks_textarea_parent_id_fk" FOREIGN KEY ("_parent_id") REFERENCES "public"."forms"("id") ON DELETE cascade ON UPDATE no action;
  ALTER TABLE "forms_emails" ADD CONSTRAINT "forms_emails_parent_id_fk" FOREIGN KEY ("_parent_id") REFERENCES "public"."forms"("id") ON DELETE cascade ON UPDATE no action;
  ALTER TABLE "form_submissions_submission_data" ADD CONSTRAINT "form_submissions_submission_data_parent_id_fk" FOREIGN KEY ("_parent_id") REFERENCES "public"."form_submissions"("id") ON DELETE cascade ON UPDATE no action;
  ALTER TABLE "form_submissions" ADD CONSTRAINT "form_submissions_form_id_forms_id_fk" FOREIGN KEY ("form_id") REFERENCES "public"."forms"("id") ON DELETE set null ON UPDATE no action;
  ALTER TABLE "search_categories" ADD CONSTRAINT "search_categories_parent_id_fk" FOREIGN KEY ("_parent_id") REFERENCES "public"."search"("id") ON DELETE cascade ON UPDATE no action;
  ALTER TABLE "search" ADD CONSTRAINT "search_meta_image_id_media_id_fk" FOREIGN KEY ("meta_image_id") REFERENCES "public"."media"("id") ON DELETE set null ON UPDATE no action;
  ALTER TABLE "search_rels" ADD CONSTRAINT "search_rels_parent_fk" FOREIGN KEY ("parent_id") REFERENCES "public"."search"("id") ON DELETE cascade ON UPDATE no action;
  ALTER TABLE "search_rels" ADD CONSTRAINT "search_rels_posts_fk" FOREIGN KEY ("posts_id") REFERENCES "public"."posts"("id") ON DELETE cascade ON UPDATE no action;
  ALTER TABLE "payload_jobs_log" ADD CONSTRAINT "payload_jobs_log_parent_id_fk" FOREIGN KEY ("_parent_id") REFERENCES "public"."payload_jobs"("id") ON DELETE cascade ON UPDATE no action;
  ALTER TABLE "payload_folders_folder_type" ADD CONSTRAINT "payload_folders_folder_type_parent_fk" FOREIGN KEY ("parent_id") REFERENCES "public"."payload_folders"("id") ON DELETE cascade ON UPDATE no action;
  ALTER TABLE "payload_folders" ADD CONSTRAINT "payload_folders_folder_id_payload_folders_id_fk" FOREIGN KEY ("folder_id") REFERENCES "public"."payload_folders"("id") ON DELETE set null ON UPDATE no action;
  ALTER TABLE "payload_locked_documents_rels" ADD CONSTRAINT "payload_locked_documents_rels_parent_fk" FOREIGN KEY ("parent_id") REFERENCES "public"."payload_locked_documents"("id") ON DELETE cascade ON UPDATE no action;
  ALTER TABLE "payload_locked_documents_rels" ADD CONSTRAINT "payload_locked_documents_rels_pages_fk" FOREIGN KEY ("pages_id") REFERENCES "public"."pages"("id") ON DELETE cascade ON UPDATE no action;
  ALTER TABLE "payload_locked_documents_rels" ADD CONSTRAINT "payload_locked_documents_rels_posts_fk" FOREIGN KEY ("posts_id") REFERENCES "public"."posts"("id") ON DELETE cascade ON UPDATE no action;
  ALTER TABLE "payload_locked_documents_rels" ADD CONSTRAINT "payload_locked_documents_rels_media_fk" FOREIGN KEY ("media_id") REFERENCES "public"."media"("id") ON DELETE cascade ON UPDATE no action;
  ALTER TABLE "payload_locked_documents_rels" ADD CONSTRAINT "payload_locked_documents_rels_categories_fk" FOREIGN KEY ("categories_id") REFERENCES "public"."categories"("id") ON DELETE cascade ON UPDATE no action;
  ALTER TABLE "payload_locked_documents_rels" ADD CONSTRAINT "payload_locked_documents_rels_users_fk" FOREIGN KEY ("users_id") REFERENCES "public"."users"("id") ON DELETE cascade ON UPDATE no action;
  ALTER TABLE "payload_locked_documents_rels" ADD CONSTRAINT "payload_locked_documents_rels_case_studies_fk" FOREIGN KEY ("case_studies_id") REFERENCES "public"."case_studies"("id") ON DELETE cascade ON UPDATE no action;
  ALTER TABLE "payload_locked_documents_rels" ADD CONSTRAINT "payload_locked_documents_rels_resources_fk" FOREIGN KEY ("resources_id") REFERENCES "public"."resources"("id") ON DELETE cascade ON UPDATE no action;
  ALTER TABLE "payload_locked_documents_rels" ADD CONSTRAINT "payload_locked_documents_rels_redirects_fk" FOREIGN KEY ("redirects_id") REFERENCES "public"."redirects"("id") ON DELETE cascade ON UPDATE no action;
  ALTER TABLE "payload_locked_documents_rels" ADD CONSTRAINT "payload_locked_documents_rels_forms_fk" FOREIGN KEY ("forms_id") REFERENCES "public"."forms"("id") ON DELETE cascade ON UPDATE no action;
  ALTER TABLE "payload_locked_documents_rels" ADD CONSTRAINT "payload_locked_documents_rels_form_submissions_fk" FOREIGN KEY ("form_submissions_id") REFERENCES "public"."form_submissions"("id") ON DELETE cascade ON UPDATE no action;
  ALTER TABLE "payload_locked_documents_rels" ADD CONSTRAINT "payload_locked_documents_rels_search_fk" FOREIGN KEY ("search_id") REFERENCES "public"."search"("id") ON DELETE cascade ON UPDATE no action;
  ALTER TABLE "payload_locked_documents_rels" ADD CONSTRAINT "payload_locked_documents_rels_payload_folders_fk" FOREIGN KEY ("payload_folders_id") REFERENCES "public"."payload_folders"("id") ON DELETE cascade ON UPDATE no action;
  ALTER TABLE "payload_preferences_rels" ADD CONSTRAINT "payload_preferences_rels_parent_fk" FOREIGN KEY ("parent_id") REFERENCES "public"."payload_preferences"("id") ON DELETE cascade ON UPDATE no action;
  ALTER TABLE "payload_preferences_rels" ADD CONSTRAINT "payload_preferences_rels_users_fk" FOREIGN KEY ("users_id") REFERENCES "public"."users"("id") ON DELETE cascade ON UPDATE no action;
  ALTER TABLE "header_nav_items" ADD CONSTRAINT "header_nav_items_parent_id_fk" FOREIGN KEY ("_parent_id") REFERENCES "public"."header"("id") ON DELETE cascade ON UPDATE no action;
  ALTER TABLE "header_rels" ADD CONSTRAINT "header_rels_parent_fk" FOREIGN KEY ("parent_id") REFERENCES "public"."header"("id") ON DELETE cascade ON UPDATE no action;
  ALTER TABLE "header_rels" ADD CONSTRAINT "header_rels_pages_fk" FOREIGN KEY ("pages_id") REFERENCES "public"."pages"("id") ON DELETE cascade ON UPDATE no action;
  ALTER TABLE "header_rels" ADD CONSTRAINT "header_rels_posts_fk" FOREIGN KEY ("posts_id") REFERENCES "public"."posts"("id") ON DELETE cascade ON UPDATE no action;
  ALTER TABLE "footer_nav_items" ADD CONSTRAINT "footer_nav_items_parent_id_fk" FOREIGN KEY ("_parent_id") REFERENCES "public"."footer"("id") ON DELETE cascade ON UPDATE no action;
  ALTER TABLE "footer_rels" ADD CONSTRAINT "footer_rels_parent_fk" FOREIGN KEY ("parent_id") REFERENCES "public"."footer"("id") ON DELETE cascade ON UPDATE no action;
  ALTER TABLE "footer_rels" ADD CONSTRAINT "footer_rels_pages_fk" FOREIGN KEY ("pages_id") REFERENCES "public"."pages"("id") ON DELETE cascade ON UPDATE no action;
  ALTER TABLE "footer_rels" ADD CONSTRAINT "footer_rels_posts_fk" FOREIGN KEY ("posts_id") REFERENCES "public"."posts"("id") ON DELETE cascade ON UPDATE no action;
  ALTER TABLE "settings" ADD CONSTRAINT "settings_logo_id_media_id_fk" FOREIGN KEY ("logo_id") REFERENCES "public"."media"("id") ON DELETE set null ON UPDATE no action;
  ALTER TABLE "settings" ADD CONSTRAINT "settings_favicon_id_media_id_fk" FOREIGN KEY ("favicon_id") REFERENCES "public"."media"("id") ON DELETE set null ON UPDATE no action;
  CREATE INDEX "pages_hero_links_order_idx" ON "pages_hero_links" USING btree ("_order");
  CREATE INDEX "pages_hero_links_parent_id_idx" ON "pages_hero_links" USING btree ("_parent_id");
  CREATE INDEX "pages_blocks_cta_links_order_idx" ON "pages_blocks_cta_links" USING btree ("_order");
  CREATE INDEX "pages_blocks_cta_links_parent_id_idx" ON "pages_blocks_cta_links" USING btree ("_parent_id");
  CREATE INDEX "pages_blocks_cta_order_idx" ON "pages_blocks_cta" USING btree ("_order");
  CREATE INDEX "pages_blocks_cta_parent_id_idx" ON "pages_blocks_cta" USING btree ("_parent_id");
  CREATE INDEX "pages_blocks_cta_path_idx" ON "pages_blocks_cta" USING btree ("_path");
  CREATE INDEX "pages_blocks_content_columns_order_idx" ON "pages_blocks_content_columns" USING btree ("_order");
  CREATE INDEX "pages_blocks_content_columns_parent_id_idx" ON "pages_blocks_content_columns" USING btree ("_parent_id");
  CREATE INDEX "pages_blocks_content_order_idx" ON "pages_blocks_content" USING btree ("_order");
  CREATE INDEX "pages_blocks_content_parent_id_idx" ON "pages_blocks_content" USING btree ("_parent_id");
  CREATE INDEX "pages_blocks_content_path_idx" ON "pages_blocks_content" USING btree ("_path");
  CREATE INDEX "pages_blocks_media_block_order_idx" ON "pages_blocks_media_block" USING btree ("_order");
  CREATE INDEX "pages_blocks_media_block_parent_id_idx" ON "pages_blocks_media_block" USING btree ("_parent_id");
  CREATE INDEX "pages_blocks_media_block_path_idx" ON "pages_blocks_media_block" USING btree ("_path");
  CREATE INDEX "pages_blocks_media_block_media_idx" ON "pages_blocks_media_block" USING btree ("media_id");
  CREATE INDEX "pages_blocks_archive_order_idx" ON "pages_blocks_archive" USING btree ("_order");
  CREATE INDEX "pages_blocks_archive_parent_id_idx" ON "pages_blocks_archive" USING btree ("_parent_id");
  CREATE INDEX "pages_blocks_archive_path_idx" ON "pages_blocks_archive" USING btree ("_path");
  CREATE INDEX "pages_blocks_form_block_order_idx" ON "pages_blocks_form_block" USING btree ("_order");
  CREATE INDEX "pages_blocks_form_block_parent_id_idx" ON "pages_blocks_form_block" USING btree ("_parent_id");
  CREATE INDEX "pages_blocks_form_block_path_idx" ON "pages_blocks_form_block" USING btree ("_path");
  CREATE INDEX "pages_blocks_form_block_form_idx" ON "pages_blocks_form_block" USING btree ("form_id");
  CREATE INDEX "pages_hero_hero_media_idx" ON "pages" USING btree ("hero_media_id");
  CREATE INDEX "pages_meta_meta_image_idx" ON "pages" USING btree ("meta_image_id");
  CREATE UNIQUE INDEX "pages_slug_idx" ON "pages" USING btree ("slug");
  CREATE INDEX "pages_updated_at_idx" ON "pages" USING btree ("updated_at");
  CREATE INDEX "pages_created_at_idx" ON "pages" USING btree ("created_at");
  CREATE INDEX "pages__status_idx" ON "pages" USING btree ("_status");
  CREATE INDEX "pages_rels_order_idx" ON "pages_rels" USING btree ("order");
  CREATE INDEX "pages_rels_parent_idx" ON "pages_rels" USING btree ("parent_id");
  CREATE INDEX "pages_rels_path_idx" ON "pages_rels" USING btree ("path");
  CREATE INDEX "pages_rels_pages_id_idx" ON "pages_rels" USING btree ("pages_id");
  CREATE INDEX "pages_rels_posts_id_idx" ON "pages_rels" USING btree ("posts_id");
  CREATE INDEX "pages_rels_categories_id_idx" ON "pages_rels" USING btree ("categories_id");
  CREATE INDEX "_pages_v_version_hero_links_order_idx" ON "_pages_v_version_hero_links" USING btree ("_order");
  CREATE INDEX "_pages_v_version_hero_links_parent_id_idx" ON "_pages_v_version_hero_links" USING btree ("_parent_id");
  CREATE INDEX "_pages_v_blocks_cta_links_order_idx" ON "_pages_v_blocks_cta_links" USING btree ("_order");
  CREATE INDEX "_pages_v_blocks_cta_links_parent_id_idx" ON "_pages_v_blocks_cta_links" USING btree ("_parent_id");
  CREATE INDEX "_pages_v_blocks_cta_order_idx" ON "_pages_v_blocks_cta" USING btree ("_order");
  CREATE INDEX "_pages_v_blocks_cta_parent_id_idx" ON "_pages_v_blocks_cta" USING btree ("_parent_id");
  CREATE INDEX "_pages_v_blocks_cta_path_idx" ON "_pages_v_blocks_cta" USING btree ("_path");
  CREATE INDEX "_pages_v_blocks_content_columns_order_idx" ON "_pages_v_blocks_content_columns" USING btree ("_order");
  CREATE INDEX "_pages_v_blocks_content_columns_parent_id_idx" ON "_pages_v_blocks_content_columns" USING btree ("_parent_id");
  CREATE INDEX "_pages_v_blocks_content_order_idx" ON "_pages_v_blocks_content" USING btree ("_order");
  CREATE INDEX "_pages_v_blocks_content_parent_id_idx" ON "_pages_v_blocks_content" USING btree ("_parent_id");
  CREATE INDEX "_pages_v_blocks_content_path_idx" ON "_pages_v_blocks_content" USING btree ("_path");
  CREATE INDEX "_pages_v_blocks_media_block_order_idx" ON "_pages_v_blocks_media_block" USING btree ("_order");
  CREATE INDEX "_pages_v_blocks_media_block_parent_id_idx" ON "_pages_v_blocks_media_block" USING btree ("_parent_id");
  CREATE INDEX "_pages_v_blocks_media_block_path_idx" ON "_pages_v_blocks_media_block" USING btree ("_path");
  CREATE INDEX "_pages_v_blocks_media_block_media_idx" ON "_pages_v_blocks_media_block" USING btree ("media_id");
  CREATE INDEX "_pages_v_blocks_archive_order_idx" ON "_pages_v_blocks_archive" USING btree ("_order");
  CREATE INDEX "_pages_v_blocks_archive_parent_id_idx" ON "_pages_v_blocks_archive" USING btree ("_parent_id");
  CREATE INDEX "_pages_v_blocks_archive_path_idx" ON "_pages_v_blocks_archive" USING btree ("_path");
  CREATE INDEX "_pages_v_blocks_form_block_order_idx" ON "_pages_v_blocks_form_block" USING btree ("_order");
  CREATE INDEX "_pages_v_blocks_form_block_parent_id_idx" ON "_pages_v_blocks_form_block" USING btree ("_parent_id");
  CREATE INDEX "_pages_v_blocks_form_block_path_idx" ON "_pages_v_blocks_form_block" USING btree ("_path");
  CREATE INDEX "_pages_v_blocks_form_block_form_idx" ON "_pages_v_blocks_form_block" USING btree ("form_id");
  CREATE INDEX "_pages_v_parent_idx" ON "_pages_v" USING btree ("parent_id");
  CREATE INDEX "_pages_v_version_hero_version_hero_media_idx" ON "_pages_v" USING btree ("version_hero_media_id");
  CREATE INDEX "_pages_v_version_meta_version_meta_image_idx" ON "_pages_v" USING btree ("version_meta_image_id");
  CREATE INDEX "_pages_v_version_version_slug_idx" ON "_pages_v" USING btree ("version_slug");
  CREATE INDEX "_pages_v_version_version_updated_at_idx" ON "_pages_v" USING btree ("version_updated_at");
  CREATE INDEX "_pages_v_version_version_created_at_idx" ON "_pages_v" USING btree ("version_created_at");
  CREATE INDEX "_pages_v_version_version__status_idx" ON "_pages_v" USING btree ("version__status");
  CREATE INDEX "_pages_v_created_at_idx" ON "_pages_v" USING btree ("created_at");
  CREATE INDEX "_pages_v_updated_at_idx" ON "_pages_v" USING btree ("updated_at");
  CREATE INDEX "_pages_v_latest_idx" ON "_pages_v" USING btree ("latest");
  CREATE INDEX "_pages_v_autosave_idx" ON "_pages_v" USING btree ("autosave");
  CREATE INDEX "_pages_v_rels_order_idx" ON "_pages_v_rels" USING btree ("order");
  CREATE INDEX "_pages_v_rels_parent_idx" ON "_pages_v_rels" USING btree ("parent_id");
  CREATE INDEX "_pages_v_rels_path_idx" ON "_pages_v_rels" USING btree ("path");
  CREATE INDEX "_pages_v_rels_pages_id_idx" ON "_pages_v_rels" USING btree ("pages_id");
  CREATE INDEX "_pages_v_rels_posts_id_idx" ON "_pages_v_rels" USING btree ("posts_id");
  CREATE INDEX "_pages_v_rels_categories_id_idx" ON "_pages_v_rels" USING btree ("categories_id");
  CREATE INDEX "posts_populated_authors_order_idx" ON "posts_populated_authors" USING btree ("_order");
  CREATE INDEX "posts_populated_authors_parent_id_idx" ON "posts_populated_authors" USING btree ("_parent_id");
  CREATE INDEX "posts_hero_image_idx" ON "posts" USING btree ("hero_image_id");
  CREATE INDEX "posts_meta_meta_image_idx" ON "posts" USING btree ("meta_image_id");
  CREATE UNIQUE INDEX "posts_slug_idx" ON "posts" USING btree ("slug");
  CREATE INDEX "posts_updated_at_idx" ON "posts" USING btree ("updated_at");
  CREATE INDEX "posts_created_at_idx" ON "posts" USING btree ("created_at");
  CREATE INDEX "posts__status_idx" ON "posts" USING btree ("_status");
  CREATE INDEX "posts_rels_order_idx" ON "posts_rels" USING btree ("order");
  CREATE INDEX "posts_rels_parent_idx" ON "posts_rels" USING btree ("parent_id");
  CREATE INDEX "posts_rels_path_idx" ON "posts_rels" USING btree ("path");
  CREATE INDEX "posts_rels_posts_id_idx" ON "posts_rels" USING btree ("posts_id");
  CREATE INDEX "posts_rels_categories_id_idx" ON "posts_rels" USING btree ("categories_id");
  CREATE INDEX "posts_rels_users_id_idx" ON "posts_rels" USING btree ("users_id");
  CREATE INDEX "_posts_v_version_populated_authors_order_idx" ON "_posts_v_version_populated_authors" USING btree ("_order");
  CREATE INDEX "_posts_v_version_populated_authors_parent_id_idx" ON "_posts_v_version_populated_authors" USING btree ("_parent_id");
  CREATE INDEX "_posts_v_parent_idx" ON "_posts_v" USING btree ("parent_id");
  CREATE INDEX "_posts_v_version_version_hero_image_idx" ON "_posts_v" USING btree ("version_hero_image_id");
  CREATE INDEX "_posts_v_version_meta_version_meta_image_idx" ON "_posts_v" USING btree ("version_meta_image_id");
  CREATE INDEX "_posts_v_version_version_slug_idx" ON "_posts_v" USING btree ("version_slug");
  CREATE INDEX "_posts_v_version_version_updated_at_idx" ON "_posts_v" USING btree ("version_updated_at");
  CREATE INDEX "_posts_v_version_version_created_at_idx" ON "_posts_v" USING btree ("version_created_at");
  CREATE INDEX "_posts_v_version_version__status_idx" ON "_posts_v" USING btree ("version__status");
  CREATE INDEX "_posts_v_created_at_idx" ON "_posts_v" USING btree ("created_at");
  CREATE INDEX "_posts_v_updated_at_idx" ON "_posts_v" USING btree ("updated_at");
  CREATE INDEX "_posts_v_latest_idx" ON "_posts_v" USING btree ("latest");
  CREATE INDEX "_posts_v_autosave_idx" ON "_posts_v" USING btree ("autosave");
  CREATE INDEX "_posts_v_rels_order_idx" ON "_posts_v_rels" USING btree ("order");
  CREATE INDEX "_posts_v_rels_parent_idx" ON "_posts_v_rels" USING btree ("parent_id");
  CREATE INDEX "_posts_v_rels_path_idx" ON "_posts_v_rels" USING btree ("path");
  CREATE INDEX "_posts_v_rels_posts_id_idx" ON "_posts_v_rels" USING btree ("posts_id");
  CREATE INDEX "_posts_v_rels_categories_id_idx" ON "_posts_v_rels" USING btree ("categories_id");
  CREATE INDEX "_posts_v_rels_users_id_idx" ON "_posts_v_rels" USING btree ("users_id");
  CREATE INDEX "media_folder_idx" ON "media" USING btree ("folder_id");
  CREATE INDEX "media_updated_at_idx" ON "media" USING btree ("updated_at");
  CREATE INDEX "media_created_at_idx" ON "media" USING btree ("created_at");
  CREATE UNIQUE INDEX "media_filename_idx" ON "media" USING btree ("filename");
  CREATE INDEX "media_sizes_thumbnail_sizes_thumbnail_filename_idx" ON "media" USING btree ("sizes_thumbnail_filename");
  CREATE INDEX "media_sizes_square_sizes_square_filename_idx" ON "media" USING btree ("sizes_square_filename");
  CREATE INDEX "media_sizes_small_sizes_small_filename_idx" ON "media" USING btree ("sizes_small_filename");
  CREATE INDEX "media_sizes_medium_sizes_medium_filename_idx" ON "media" USING btree ("sizes_medium_filename");
  CREATE INDEX "media_sizes_large_sizes_large_filename_idx" ON "media" USING btree ("sizes_large_filename");
  CREATE INDEX "media_sizes_xlarge_sizes_xlarge_filename_idx" ON "media" USING btree ("sizes_xlarge_filename");
  CREATE INDEX "media_sizes_og_sizes_og_filename_idx" ON "media" USING btree ("sizes_og_filename");
  CREATE INDEX "categories_breadcrumbs_order_idx" ON "categories_breadcrumbs" USING btree ("_order");
  CREATE INDEX "categories_breadcrumbs_parent_id_idx" ON "categories_breadcrumbs" USING btree ("_parent_id");
  CREATE INDEX "categories_breadcrumbs_doc_idx" ON "categories_breadcrumbs" USING btree ("doc_id");
  CREATE UNIQUE INDEX "categories_slug_idx" ON "categories" USING btree ("slug");
  CREATE INDEX "categories_parent_idx" ON "categories" USING btree ("parent_id");
  CREATE INDEX "categories_updated_at_idx" ON "categories" USING btree ("updated_at");
  CREATE INDEX "categories_created_at_idx" ON "categories" USING btree ("created_at");
  CREATE INDEX "users_sessions_order_idx" ON "users_sessions" USING btree ("_order");
  CREATE INDEX "users_sessions_parent_id_idx" ON "users_sessions" USING btree ("_parent_id");
  CREATE INDEX "users_updated_at_idx" ON "users" USING btree ("updated_at");
  CREATE INDEX "users_created_at_idx" ON "users" USING btree ("created_at");
  CREATE UNIQUE INDEX "users_email_idx" ON "users" USING btree ("email");
  CREATE INDEX "case_studies_metrics_order_idx" ON "case_studies_metrics" USING btree ("_order");
  CREATE INDEX "case_studies_metrics_parent_id_idx" ON "case_studies_metrics" USING btree ("_parent_id");
  CREATE INDEX "case_studies_student_photo_idx" ON "case_studies" USING btree ("student_photo_id");
  CREATE INDEX "case_studies_before_after_before_after_before_idx" ON "case_studies" USING btree ("before_after_before_id");
  CREATE INDEX "case_studies_before_after_before_after_after_idx" ON "case_studies" USING btree ("before_after_after_id");
  CREATE INDEX "case_studies_meta_meta_image_idx" ON "case_studies" USING btree ("meta_image_id");
  CREATE UNIQUE INDEX "case_studies_slug_idx" ON "case_studies" USING btree ("slug");
  CREATE INDEX "case_studies_updated_at_idx" ON "case_studies" USING btree ("updated_at");
  CREATE INDEX "case_studies_created_at_idx" ON "case_studies" USING btree ("created_at");
  CREATE INDEX "case_studies__status_idx" ON "case_studies" USING btree ("_status");
  CREATE INDEX "_case_studies_v_version_metrics_order_idx" ON "_case_studies_v_version_metrics" USING btree ("_order");
  CREATE INDEX "_case_studies_v_version_metrics_parent_id_idx" ON "_case_studies_v_version_metrics" USING btree ("_parent_id");
  CREATE INDEX "_case_studies_v_parent_idx" ON "_case_studies_v" USING btree ("parent_id");
  CREATE INDEX "_case_studies_v_version_version_student_photo_idx" ON "_case_studies_v" USING btree ("version_student_photo_id");
  CREATE INDEX "_case_studies_v_version_before_after_version_before_afte_idx" ON "_case_studies_v" USING btree ("version_before_after_before_id");
  CREATE INDEX "_case_studies_v_version_before_after_version_before_af_1_idx" ON "_case_studies_v" USING btree ("version_before_after_after_id");
  CREATE INDEX "_case_studies_v_version_meta_version_meta_image_idx" ON "_case_studies_v" USING btree ("version_meta_image_id");
  CREATE INDEX "_case_studies_v_version_version_slug_idx" ON "_case_studies_v" USING btree ("version_slug");
  CREATE INDEX "_case_studies_v_version_version_updated_at_idx" ON "_case_studies_v" USING btree ("version_updated_at");
  CREATE INDEX "_case_studies_v_version_version_created_at_idx" ON "_case_studies_v" USING btree ("version_created_at");
  CREATE INDEX "_case_studies_v_version_version__status_idx" ON "_case_studies_v" USING btree ("version__status");
  CREATE INDEX "_case_studies_v_created_at_idx" ON "_case_studies_v" USING btree ("created_at");
  CREATE INDEX "_case_studies_v_updated_at_idx" ON "_case_studies_v" USING btree ("updated_at");
  CREATE INDEX "_case_studies_v_latest_idx" ON "_case_studies_v" USING btree ("latest");
  CREATE INDEX "_case_studies_v_autosave_idx" ON "_case_studies_v" USING btree ("autosave");
  CREATE INDEX "resources_thumbnail_idx" ON "resources" USING btree ("thumbnail_id");
  CREATE INDEX "resources_download_file_idx" ON "resources" USING btree ("download_file_id");
  CREATE INDEX "resources_meta_meta_image_idx" ON "resources" USING btree ("meta_image_id");
  CREATE UNIQUE INDEX "resources_slug_idx" ON "resources" USING btree ("slug");
  CREATE INDEX "resources_updated_at_idx" ON "resources" USING btree ("updated_at");
  CREATE INDEX "resources_created_at_idx" ON "resources" USING btree ("created_at");
  CREATE INDEX "resources__status_idx" ON "resources" USING btree ("_status");
  CREATE INDEX "resources_rels_order_idx" ON "resources_rels" USING btree ("order");
  CREATE INDEX "resources_rels_parent_idx" ON "resources_rels" USING btree ("parent_id");
  CREATE INDEX "resources_rels_path_idx" ON "resources_rels" USING btree ("path");
  CREATE INDEX "resources_rels_categories_id_idx" ON "resources_rels" USING btree ("categories_id");
  CREATE INDEX "_resources_v_parent_idx" ON "_resources_v" USING btree ("parent_id");
  CREATE INDEX "_resources_v_version_version_thumbnail_idx" ON "_resources_v" USING btree ("version_thumbnail_id");
  CREATE INDEX "_resources_v_version_version_download_file_idx" ON "_resources_v" USING btree ("version_download_file_id");
  CREATE INDEX "_resources_v_version_meta_version_meta_image_idx" ON "_resources_v" USING btree ("version_meta_image_id");
  CREATE INDEX "_resources_v_version_version_slug_idx" ON "_resources_v" USING btree ("version_slug");
  CREATE INDEX "_resources_v_version_version_updated_at_idx" ON "_resources_v" USING btree ("version_updated_at");
  CREATE INDEX "_resources_v_version_version_created_at_idx" ON "_resources_v" USING btree ("version_created_at");
  CREATE INDEX "_resources_v_version_version__status_idx" ON "_resources_v" USING btree ("version__status");
  CREATE INDEX "_resources_v_created_at_idx" ON "_resources_v" USING btree ("created_at");
  CREATE INDEX "_resources_v_updated_at_idx" ON "_resources_v" USING btree ("updated_at");
  CREATE INDEX "_resources_v_latest_idx" ON "_resources_v" USING btree ("latest");
  CREATE INDEX "_resources_v_autosave_idx" ON "_resources_v" USING btree ("autosave");
  CREATE INDEX "_resources_v_rels_order_idx" ON "_resources_v_rels" USING btree ("order");
  CREATE INDEX "_resources_v_rels_parent_idx" ON "_resources_v_rels" USING btree ("parent_id");
  CREATE INDEX "_resources_v_rels_path_idx" ON "_resources_v_rels" USING btree ("path");
  CREATE INDEX "_resources_v_rels_categories_id_idx" ON "_resources_v_rels" USING btree ("categories_id");
  CREATE UNIQUE INDEX "redirects_from_idx" ON "redirects" USING btree ("from");
  CREATE INDEX "redirects_updated_at_idx" ON "redirects" USING btree ("updated_at");
  CREATE INDEX "redirects_created_at_idx" ON "redirects" USING btree ("created_at");
  CREATE INDEX "redirects_rels_order_idx" ON "redirects_rels" USING btree ("order");
  CREATE INDEX "redirects_rels_parent_idx" ON "redirects_rels" USING btree ("parent_id");
  CREATE INDEX "redirects_rels_path_idx" ON "redirects_rels" USING btree ("path");
  CREATE INDEX "redirects_rels_pages_id_idx" ON "redirects_rels" USING btree ("pages_id");
  CREATE INDEX "redirects_rels_posts_id_idx" ON "redirects_rels" USING btree ("posts_id");
  CREATE INDEX "forms_blocks_checkbox_order_idx" ON "forms_blocks_checkbox" USING btree ("_order");
  CREATE INDEX "forms_blocks_checkbox_parent_id_idx" ON "forms_blocks_checkbox" USING btree ("_parent_id");
  CREATE INDEX "forms_blocks_checkbox_path_idx" ON "forms_blocks_checkbox" USING btree ("_path");
  CREATE INDEX "forms_blocks_country_order_idx" ON "forms_blocks_country" USING btree ("_order");
  CREATE INDEX "forms_blocks_country_parent_id_idx" ON "forms_blocks_country" USING btree ("_parent_id");
  CREATE INDEX "forms_blocks_country_path_idx" ON "forms_blocks_country" USING btree ("_path");
  CREATE INDEX "forms_blocks_email_order_idx" ON "forms_blocks_email" USING btree ("_order");
  CREATE INDEX "forms_blocks_email_parent_id_idx" ON "forms_blocks_email" USING btree ("_parent_id");
  CREATE INDEX "forms_blocks_email_path_idx" ON "forms_blocks_email" USING btree ("_path");
  CREATE INDEX "forms_blocks_message_order_idx" ON "forms_blocks_message" USING btree ("_order");
  CREATE INDEX "forms_blocks_message_parent_id_idx" ON "forms_blocks_message" USING btree ("_parent_id");
  CREATE INDEX "forms_blocks_message_path_idx" ON "forms_blocks_message" USING btree ("_path");
  CREATE INDEX "forms_blocks_number_order_idx" ON "forms_blocks_number" USING btree ("_order");
  CREATE INDEX "forms_blocks_number_parent_id_idx" ON "forms_blocks_number" USING btree ("_parent_id");
  CREATE INDEX "forms_blocks_number_path_idx" ON "forms_blocks_number" USING btree ("_path");
  CREATE INDEX "forms_blocks_select_options_order_idx" ON "forms_blocks_select_options" USING btree ("_order");
  CREATE INDEX "forms_blocks_select_options_parent_id_idx" ON "forms_blocks_select_options" USING btree ("_parent_id");
  CREATE INDEX "forms_blocks_select_order_idx" ON "forms_blocks_select" USING btree ("_order");
  CREATE INDEX "forms_blocks_select_parent_id_idx" ON "forms_blocks_select" USING btree ("_parent_id");
  CREATE INDEX "forms_blocks_select_path_idx" ON "forms_blocks_select" USING btree ("_path");
  CREATE INDEX "forms_blocks_state_order_idx" ON "forms_blocks_state" USING btree ("_order");
  CREATE INDEX "forms_blocks_state_parent_id_idx" ON "forms_blocks_state" USING btree ("_parent_id");
  CREATE INDEX "forms_blocks_state_path_idx" ON "forms_blocks_state" USING btree ("_path");
  CREATE INDEX "forms_blocks_text_order_idx" ON "forms_blocks_text" USING btree ("_order");
  CREATE INDEX "forms_blocks_text_parent_id_idx" ON "forms_blocks_text" USING btree ("_parent_id");
  CREATE INDEX "forms_blocks_text_path_idx" ON "forms_blocks_text" USING btree ("_path");
  CREATE INDEX "forms_blocks_textarea_order_idx" ON "forms_blocks_textarea" USING btree ("_order");
  CREATE INDEX "forms_blocks_textarea_parent_id_idx" ON "forms_blocks_textarea" USING btree ("_parent_id");
  CREATE INDEX "forms_blocks_textarea_path_idx" ON "forms_blocks_textarea" USING btree ("_path");
  CREATE INDEX "forms_emails_order_idx" ON "forms_emails" USING btree ("_order");
  CREATE INDEX "forms_emails_parent_id_idx" ON "forms_emails" USING btree ("_parent_id");
  CREATE INDEX "forms_updated_at_idx" ON "forms" USING btree ("updated_at");
  CREATE INDEX "forms_created_at_idx" ON "forms" USING btree ("created_at");
  CREATE INDEX "form_submissions_submission_data_order_idx" ON "form_submissions_submission_data" USING btree ("_order");
  CREATE INDEX "form_submissions_submission_data_parent_id_idx" ON "form_submissions_submission_data" USING btree ("_parent_id");
  CREATE INDEX "form_submissions_form_idx" ON "form_submissions" USING btree ("form_id");
  CREATE INDEX "form_submissions_updated_at_idx" ON "form_submissions" USING btree ("updated_at");
  CREATE INDEX "form_submissions_created_at_idx" ON "form_submissions" USING btree ("created_at");
  CREATE INDEX "search_categories_order_idx" ON "search_categories" USING btree ("_order");
  CREATE INDEX "search_categories_parent_id_idx" ON "search_categories" USING btree ("_parent_id");
  CREATE INDEX "search_slug_idx" ON "search" USING btree ("slug");
  CREATE INDEX "search_meta_meta_image_idx" ON "search" USING btree ("meta_image_id");
  CREATE INDEX "search_updated_at_idx" ON "search" USING btree ("updated_at");
  CREATE INDEX "search_created_at_idx" ON "search" USING btree ("created_at");
  CREATE INDEX "search_rels_order_idx" ON "search_rels" USING btree ("order");
  CREATE INDEX "search_rels_parent_idx" ON "search_rels" USING btree ("parent_id");
  CREATE INDEX "search_rels_path_idx" ON "search_rels" USING btree ("path");
  CREATE INDEX "search_rels_posts_id_idx" ON "search_rels" USING btree ("posts_id");
  CREATE UNIQUE INDEX "payload_kv_key_idx" ON "payload_kv" USING btree ("key");
  CREATE INDEX "payload_jobs_log_order_idx" ON "payload_jobs_log" USING btree ("_order");
  CREATE INDEX "payload_jobs_log_parent_id_idx" ON "payload_jobs_log" USING btree ("_parent_id");
  CREATE INDEX "payload_jobs_completed_at_idx" ON "payload_jobs" USING btree ("completed_at");
  CREATE INDEX "payload_jobs_total_tried_idx" ON "payload_jobs" USING btree ("total_tried");
  CREATE INDEX "payload_jobs_has_error_idx" ON "payload_jobs" USING btree ("has_error");
  CREATE INDEX "payload_jobs_task_slug_idx" ON "payload_jobs" USING btree ("task_slug");
  CREATE INDEX "payload_jobs_queue_idx" ON "payload_jobs" USING btree ("queue");
  CREATE INDEX "payload_jobs_wait_until_idx" ON "payload_jobs" USING btree ("wait_until");
  CREATE INDEX "payload_jobs_processing_idx" ON "payload_jobs" USING btree ("processing");
  CREATE INDEX "payload_jobs_updated_at_idx" ON "payload_jobs" USING btree ("updated_at");
  CREATE INDEX "payload_jobs_created_at_idx" ON "payload_jobs" USING btree ("created_at");
  CREATE INDEX "payload_folders_folder_type_order_idx" ON "payload_folders_folder_type" USING btree ("order");
  CREATE INDEX "payload_folders_folder_type_parent_idx" ON "payload_folders_folder_type" USING btree ("parent_id");
  CREATE INDEX "payload_folders_name_idx" ON "payload_folders" USING btree ("name");
  CREATE INDEX "payload_folders_folder_idx" ON "payload_folders" USING btree ("folder_id");
  CREATE INDEX "payload_folders_updated_at_idx" ON "payload_folders" USING btree ("updated_at");
  CREATE INDEX "payload_folders_created_at_idx" ON "payload_folders" USING btree ("created_at");
  CREATE INDEX "payload_locked_documents_global_slug_idx" ON "payload_locked_documents" USING btree ("global_slug");
  CREATE INDEX "payload_locked_documents_updated_at_idx" ON "payload_locked_documents" USING btree ("updated_at");
  CREATE INDEX "payload_locked_documents_created_at_idx" ON "payload_locked_documents" USING btree ("created_at");
  CREATE INDEX "payload_locked_documents_rels_order_idx" ON "payload_locked_documents_rels" USING btree ("order");
  CREATE INDEX "payload_locked_documents_rels_parent_idx" ON "payload_locked_documents_rels" USING btree ("parent_id");
  CREATE INDEX "payload_locked_documents_rels_path_idx" ON "payload_locked_documents_rels" USING btree ("path");
  CREATE INDEX "payload_locked_documents_rels_pages_id_idx" ON "payload_locked_documents_rels" USING btree ("pages_id");
  CREATE INDEX "payload_locked_documents_rels_posts_id_idx" ON "payload_locked_documents_rels" USING btree ("posts_id");
  CREATE INDEX "payload_locked_documents_rels_media_id_idx" ON "payload_locked_documents_rels" USING btree ("media_id");
  CREATE INDEX "payload_locked_documents_rels_categories_id_idx" ON "payload_locked_documents_rels" USING btree ("categories_id");
  CREATE INDEX "payload_locked_documents_rels_users_id_idx" ON "payload_locked_documents_rels" USING btree ("users_id");
  CREATE INDEX "payload_locked_documents_rels_case_studies_id_idx" ON "payload_locked_documents_rels" USING btree ("case_studies_id");
  CREATE INDEX "payload_locked_documents_rels_resources_id_idx" ON "payload_locked_documents_rels" USING btree ("resources_id");
  CREATE INDEX "payload_locked_documents_rels_redirects_id_idx" ON "payload_locked_documents_rels" USING btree ("redirects_id");
  CREATE INDEX "payload_locked_documents_rels_forms_id_idx" ON "payload_locked_documents_rels" USING btree ("forms_id");
  CREATE INDEX "payload_locked_documents_rels_form_submissions_id_idx" ON "payload_locked_documents_rels" USING btree ("form_submissions_id");
  CREATE INDEX "payload_locked_documents_rels_search_id_idx" ON "payload_locked_documents_rels" USING btree ("search_id");
  CREATE INDEX "payload_locked_documents_rels_payload_folders_id_idx" ON "payload_locked_documents_rels" USING btree ("payload_folders_id");
  CREATE INDEX "payload_preferences_key_idx" ON "payload_preferences" USING btree ("key");
  CREATE INDEX "payload_preferences_updated_at_idx" ON "payload_preferences" USING btree ("updated_at");
  CREATE INDEX "payload_preferences_created_at_idx" ON "payload_preferences" USING btree ("created_at");
  CREATE INDEX "payload_preferences_rels_order_idx" ON "payload_preferences_rels" USING btree ("order");
  CREATE INDEX "payload_preferences_rels_parent_idx" ON "payload_preferences_rels" USING btree ("parent_id");
  CREATE INDEX "payload_preferences_rels_path_idx" ON "payload_preferences_rels" USING btree ("path");
  CREATE INDEX "payload_preferences_rels_users_id_idx" ON "payload_preferences_rels" USING btree ("users_id");
  CREATE INDEX "payload_migrations_updated_at_idx" ON "payload_migrations" USING btree ("updated_at");
  CREATE INDEX "payload_migrations_created_at_idx" ON "payload_migrations" USING btree ("created_at");
  CREATE INDEX "header_nav_items_order_idx" ON "header_nav_items" USING btree ("_order");
  CREATE INDEX "header_nav_items_parent_id_idx" ON "header_nav_items" USING btree ("_parent_id");
  CREATE INDEX "header_rels_order_idx" ON "header_rels" USING btree ("order");
  CREATE INDEX "header_rels_parent_idx" ON "header_rels" USING btree ("parent_id");
  CREATE INDEX "header_rels_path_idx" ON "header_rels" USING btree ("path");
  CREATE INDEX "header_rels_pages_id_idx" ON "header_rels" USING btree ("pages_id");
  CREATE INDEX "header_rels_posts_id_idx" ON "header_rels" USING btree ("posts_id");
  CREATE INDEX "footer_nav_items_order_idx" ON "footer_nav_items" USING btree ("_order");
  CREATE INDEX "footer_nav_items_parent_id_idx" ON "footer_nav_items" USING btree ("_parent_id");
  CREATE INDEX "footer_rels_order_idx" ON "footer_rels" USING btree ("order");
  CREATE INDEX "footer_rels_parent_idx" ON "footer_rels" USING btree ("parent_id");
  CREATE INDEX "footer_rels_path_idx" ON "footer_rels" USING btree ("path");
  CREATE INDEX "footer_rels_pages_id_idx" ON "footer_rels" USING btree ("pages_id");
  CREATE INDEX "footer_rels_posts_id_idx" ON "footer_rels" USING btree ("posts_id");
  CREATE INDEX "settings_logo_idx" ON "settings" USING btree ("logo_id");
  CREATE INDEX "settings_favicon_idx" ON "settings" USING btree ("favicon_id");
params: .[39m
    err: {
      "type": "DrizzleQueryError",
      "message": "Failed query: \n   CREATE TYPE \"public\".\"enum_pages_hero_links_link_type\" AS ENUM('reference', 'custom');\n  CREATE TYPE \"public\".\"enum_pages_hero_links_link_appearance\" AS ENUM('default', 'outline');\n  CREATE TYPE \"public\".\"enum_pages_blocks_cta_links_link_type\" AS ENUM('reference', 'custom');\n  CREATE TYPE \"public\".\"enum_pages_blocks_cta_links_link_appearance\" AS ENUM('default', 'outline');\n  CREATE TYPE \"public\".\"enum_pages_blocks_content_columns_size\" AS ENUM('oneThird', 'half', 'twoThirds', 'full');\n  CREATE TYPE \"public\".\"enum_pages_blocks_content_columns_link_type\" AS ENUM('reference', 'custom');\n  CREATE TYPE \"public\".\"enum_pages_blocks_content_columns_link_appearance\" AS ENUM('default', 'outline');\n  CREATE TYPE \"public\".\"enum_pages_blocks_archive_populate_by\" AS ENUM('collection', 'selection');\n  CREATE TYPE \"public\".\"enum_pages_blocks_archive_relation_to\" AS ENUM('posts');\n  CREATE TYPE \"public\".\"enum_pages_hero_type\" AS ENUM('none', 'highImpact', 'mediumImpact', 'lowImpact');\n  CREATE TYPE \"public\".\"enum_pages_status\" AS ENUM('draft', 'published');\n  CREATE TYPE \"public\".\"enum__pages_v_version_hero_links_link_type\" AS ENUM('reference', 'custom');\n  CREATE TYPE \"public\".\"enum__pages_v_version_hero_links_link_appearance\" AS ENUM('default', 'outline');\n  CREATE TYPE \"public\".\"enum__pages_v_blocks_cta_links_link_type\" AS ENUM('reference', 'custom');\n  CREATE TYPE \"public\".\"enum__pages_v_blocks_cta_links_link_appearance\" AS ENUM('default', 'outline');\n  CREATE TYPE \"public\".\"enum__pages_v_blocks_content_columns_size\" AS ENUM('oneThird', 'half', 'twoThirds', 'full');\n  CREATE TYPE \"public\".\"enum__pages_v_blocks_content_columns_link_type\" AS ENUM('reference', 'custom');\n  CREATE TYPE \"public\".\"enum__pages_v_blocks_content_columns_link_appearance\" AS ENUM('default', 'outline');\n  CREATE TYPE \"public\".\"enum__pages_v_blocks_archive_populate_by\" AS ENUM('collection', 'selection');\n  CREATE TYPE \"public\".\"enum__pages_v_blocks_archive_relation_to\" AS ENUM('posts');\n  CREATE TYPE \"public\".\"enum__pages_v_version_hero_type\" AS ENUM('none', 'highImpact', 'mediumImpact', 'lowImpact');\n  CREATE TYPE \"public\".\"enum__pages_v_version_status\" AS ENUM('draft', 'published');\n  CREATE TYPE \"public\".\"enum_posts_status\" AS ENUM('draft', 'published');\n  CREATE TYPE \"public\".\"enum__posts_v_version_status\" AS ENUM('draft', 'published');\n  CREATE TYPE \"public\".\"enum_case_studies_metrics_icon\" AS ENUM('trend-up', 'clock', 'target', 'trophy', 'chart');\n  CREATE TYPE \"public\".\"enum_case_studies_year_in_school\" AS ENUM('freshman', 'sophomore', 'junior', 'senior', 'graduate');\n  CREATE TYPE \"public\".\"enum_case_studies_status\" AS ENUM('draft', 'published');\n  CREATE TYPE \"public\".\"enum__case_studies_v_version_metrics_icon\" AS ENUM('trend-up', 'clock', 'target', 'trophy', 'chart');\n  CREATE TYPE \"public\".\"enum__case_studies_v_version_year_in_school\" AS ENUM('freshman', 'sophomore', 'junior', 'senior', 'graduate');\n  CREATE TYPE \"public\".\"enum__case_studies_v_version_status\" AS ENUM('draft', 'published');\n  CREATE TYPE \"public\".\"enum_resources_type\" AS ENUM('study-guide', 'template', 'cheat-sheet', 'video', 'podcast', 'webinar', 'ebook');\n  CREATE TYPE \"public\".\"enum_resources_difficulty\" AS ENUM('beginner', 'intermediate', 'advanced');\n  CREATE TYPE \"public\".\"enum_resources_status\" AS ENUM('draft', 'published');\n  CREATE TYPE \"public\".\"enum__resources_v_version_type\" AS ENUM('study-guide', 'template', 'cheat-sheet', 'video', 'podcast', 'webinar', 'ebook');\n  CREATE TYPE \"public\".\"enum__resources_v_version_difficulty\" AS ENUM('beginner', 'intermediate', 'advanced');\n  CREATE TYPE \"public\".\"enum__resources_v_version_status\" AS ENUM('draft', 'published');\n  CREATE TYPE \"public\".\"enum_redirects_to_type\" AS ENUM('reference', 'custom');\n  CREATE TYPE \"public\".\"enum_forms_confirmation_type\" AS ENUM('message', 'redirect');\n  CREATE TYPE \"public\".\"enum_payload_jobs_log_task_slug\" AS ENUM('inline', 'schedulePublish');\n  CREATE TYPE \"public\".\"enum_payload_jobs_log_state\" AS ENUM('failed', 'succeeded');\n  CREATE TYPE \"public\".\"enum_payload_jobs_task_slug\" AS ENUM('inline', 'schedulePublish');\n  CREATE TYPE \"public\".\"enum_payload_folders_folder_type\" AS ENUM('media');\n  CREATE TYPE \"public\".\"enum_header_nav_items_link_type\" AS ENUM('reference', 'custom');\n  CREATE TYPE \"public\".\"enum_footer_nav_items_link_type\" AS ENUM('reference', 'custom');\n  CREATE TYPE \"public\".\"enum_settings_announcement_bar_background_color\" AS ENUM('blue', 'green', 'orange', 'red', 'purple');\n  CREATE TABLE \"pages_hero_links\" (\n  \t\"_order\" integer NOT NULL,\n  \t\"_parent_id\" integer NOT NULL,\n  \t\"id\" varchar PRIMARY KEY NOT NULL,\n  \t\"link_type\" \"enum_pages_hero_links_link_type\" DEFAULT 'reference',\n  \t\"link_new_tab\" boolean,\n  \t\"link_url\" varchar,\n  \t\"link_label\" varchar,\n  \t\"link_appearance\" \"enum_pages_hero_links_link_appearance\" DEFAULT 'default'\n  );\n  \n  CREATE TABLE \"pages_blocks_cta_links\" (\n  \t\"_order\" integer NOT NULL,\n  \t\"_parent_id\" varchar NOT NULL,\n  \t\"id\" varchar PRIMARY KEY NOT NULL,\n  \t\"link_type\" \"enum_pages_blocks_cta_links_link_type\" DEFAULT 'reference',\n  \t\"link_new_tab\" boolean,\n  \t\"link_url\" varchar,\n  \t\"link_label\" varchar,\n  \t\"link_appearance\" \"enum_pages_blocks_cta_links_link_appearance\" DEFAULT 'default'\n  );\n  \n  CREATE TABLE \"pages_blocks_cta\" (\n  \t\"_order\" integer NOT NULL,\n  \t\"_parent_id\" integer NOT NULL,\n  \t\"_path\" text NOT NULL,\n  \t\"id\" varchar PRIMARY KEY NOT NULL,\n  \t\"rich_text\" jsonb,\n  \t\"block_name\" varchar\n  );\n  \n  CREATE TABLE \"pages_blocks_content_columns\" (\n  \t\"_order\" integer NOT NULL,\n  \t\"_parent_id\" varchar NOT NULL,\n  \t\"id\" varchar PRIMARY KEY NOT NULL,\n  \t\"size\" \"enum_pages_blocks_content_columns_size\" DEFAULT 'oneThird',\n  \t\"rich_text\" jsonb,\n  \t\"enable_link\" boolean,\n  \t\"link_type\" \"enum_pages_blocks_content_columns_link_type\" DEFAULT 'reference',\n  \t\"link_new_tab\" boolean,\n  \t\"link_url\" varchar,\n  \t\"link_label\" varchar,\n  \t\"link_appearance\" \"enum_pages_blocks_content_columns_link_appearance\" DEFAULT 'default'\n  );\n  \n  CREATE TABLE \"pages_blocks_content\" (\n  \t\"_order\" integer NOT NULL,\n  \t\"_parent_id\" integer NOT NULL,\n  \t\"_path\" text NOT NULL,\n  \t\"id\" varchar PRIMARY KEY NOT NULL,\n  \t\"block_name\" varchar\n  );\n  \n  CREATE TABLE \"pages_blocks_media_block\" (\n  \t\"_order\" integer NOT NULL,\n  \t\"_parent_id\" integer NOT NULL,\n  \t\"_path\" text NOT NULL,\n  \t\"id\" varchar PRIMARY KEY NOT NULL,\n  \t\"media_id\" integer,\n  \t\"block_name\" varchar\n  );\n  \n  CREATE TABLE \"pages_blocks_archive\" (\n  \t\"_order\" integer NOT NULL,\n  \t\"_parent_id\" integer NOT NULL,\n  \t\"_path\" text NOT NULL,\n  \t\"id\" varchar PRIMARY KEY NOT NULL,\n  \t\"intro_content\" jsonb,\n  \t\"populate_by\" \"enum_pages_blocks_archive_populate_by\" DEFAULT 'collection',\n  \t\"relation_to\" \"enum_pages_blocks_archive_relation_to\" DEFAULT 'posts',\n  \t\"limit\" numeric DEFAULT 10,\n  \t\"block_name\" varchar\n  );\n  \n  CREATE TABLE \"pages_blocks_form_block\" (\n  \t\"_order\" integer NOT NULL,\n  \t\"_parent_id\" integer NOT NULL,\n  \t\"_path\" text NOT NULL,\n  \t\"id\" varchar PRIMARY KEY NOT NULL,\n  \t\"form_id\" integer,\n  \t\"enable_intro\" boolean,\n  \t\"intro_content\" jsonb,\n  \t\"block_name\" varchar\n  );\n  \n  CREATE TABLE \"pages\" (\n  \t\"id\" serial PRIMARY KEY NOT NULL,\n  \t\"title\" varchar,\n  \t\"hero_type\" \"enum_pages_hero_type\" DEFAULT 'lowImpact',\n  \t\"hero_rich_text\" jsonb,\n  \t\"hero_media_id\" integer,\n  \t\"meta_title\" varchar,\n  \t\"meta_image_id\" integer,\n  \t\"meta_description\" varchar,\n  \t\"published_at\" timestamp(3) with time zone,\n  \t\"generate_slug\" boolean DEFAULT true,\n  \t\"slug\" varchar,\n  \t\"updated_at\" timestamp(3) with time zone DEFAULT now() NOT NULL,\n  \t\"created_at\" timestamp(3) with time zone DEFAULT now() NOT NULL,\n  \t\"_status\" \"enum_pages_status\" DEFAULT 'draft'\n  );\n  \n  CREATE TABLE \"pages_rels\" (\n  \t\"id\" serial PRIMARY KEY NOT NULL,\n  \t\"order\" integer,\n  \t\"parent_id\" integer NOT NULL,\n  \t\"path\" varchar NOT NULL,\n  \t\"pages_id\" integer,\n  \t\"posts_id\" integer,\n  \t\"categories_id\" integer\n  );\n  \n  CREATE TABLE \"_pages_v_version_hero_links\" (\n  \t\"_order\" integer NOT NULL,\n  \t\"_parent_id\" integer NOT NULL,\n  \t\"id\" serial PRIMARY KEY NOT NULL,\n  \t\"link_type\" \"enum__pages_v_version_hero_links_link_type\" DEFAULT 'reference',\n  \t\"link_new_tab\" boolean,\n  \t\"link_url\" varchar,\n  \t\"link_label\" varchar,\n  \t\"link_appearance\" \"enum__pages_v_version_hero_links_link_appearance\" DEFAULT 'default',\n  \t\"_uuid\" varchar\n  );\n  \n  CREATE TABLE \"_pages_v_blocks_cta_links\" (\n  \t\"_order\" integer NOT NULL,\n  \t\"_parent_id\" integer NOT NULL,\n  \t\"id\" serial PRIMARY KEY NOT NULL,\n  \t\"link_type\" \"enum__pages_v_blocks_cta_links_link_type\" DEFAULT 'reference',\n  \t\"link_new_tab\" boolean,\n  \t\"link_url\" varchar,\n  \t\"link_label\" varchar,\n  \t\"link_appearance\" \"enum__pages_v_blocks_cta_links_link_appearance\" DEFAULT 'default',\n  \t\"_uuid\" varchar\n  );\n  \n  CREATE TABLE \"_pages_v_blocks_cta\" (\n  \t\"_order\" integer NOT NULL,\n  \t\"_parent_id\" integer NOT NULL,\n  \t\"_path\" text NOT NULL,\n  \t\"id\" serial PRIMARY KEY NOT NULL,\n  \t\"rich_text\" jsonb,\n  \t\"_uuid\" varchar,\n  \t\"block_name\" varchar\n  );\n  \n  CREATE TABLE \"_pages_v_blocks_content_columns\" (\n  \t\"_order\" integer NOT NULL,\n  \t\"_parent_id\" integer NOT NULL,\n  \t\"id\" serial PRIMARY KEY NOT NULL,\n  \t\"size\" \"enum__pages_v_blocks_content_columns_size\" DEFAULT 'oneThird',\n  \t\"rich_text\" jsonb,\n  \t\"enable_link\" boolean,\n  \t\"link_type\" \"enum__pages_v_blocks_content_columns_link_type\" DEFAULT 'reference',\n  \t\"link_new_tab\" boolean,\n  \t\"link_url\" varchar,\n  \t\"link_label\" varchar,\n  \t\"link_appearance\" \"enum__pages_v_blocks_content_columns_link_appearance\" DEFAULT 'default',\n  \t\"_uuid\" varchar\n  );\n  \n  CREATE TABLE \"_pages_v_blocks_content\" (\n  \t\"_order\" integer NOT NULL,\n  \t\"_parent_id\" integer NOT NULL,\n  \t\"_path\" text NOT NULL,\n  \t\"id\" serial PRIMARY KEY NOT NULL,\n  \t\"_uuid\" varchar,\n  \t\"block_name\" varchar\n  );\n  \n  CREATE TABLE \"_pages_v_blocks_media_block\" (\n  \t\"_order\" integer NOT NULL,\n  \t\"_parent_id\" integer NOT NULL,\n  \t\"_path\" text NOT NULL,\n  \t\"id\" serial PRIMARY KEY NOT NULL,\n  \t\"media_id\" integer,\n  \t\"_uuid\" varchar,\n  \t\"block_name\" varchar\n  );\n  \n  CREATE TABLE \"_pages_v_blocks_archive\" (\n  \t\"_order\" integer NOT NULL,\n  \t\"_parent_id\" integer NOT NULL,\n  \t\"_path\" text NOT NULL,\n  \t\"id\" serial PRIMARY KEY NOT NULL,\n  \t\"intro_content\" jsonb,\n  \t\"populate_by\" \"enum__pages_v_blocks_archive_populate_by\" DEFAULT 'collection',\n  \t\"relation_to\" \"enum__pages_v_blocks_archive_relation_to\" DEFAULT 'posts',\n  \t\"limit\" numeric DEFAULT 10,\n  \t\"_uuid\" varchar,\n  \t\"block_name\" varchar\n  );\n  \n  CREATE TABLE \"_pages_v_blocks_form_block\" (\n  \t\"_order\" integer NOT NULL,\n  \t\"_parent_id\" integer NOT NULL,\n  \t\"_path\" text NOT NULL,\n  \t\"id\" serial PRIMARY KEY NOT NULL,\n  \t\"form_id\" integer,\n  \t\"enable_intro\" boolean,\n  \t\"intro_content\" jsonb,\n  \t\"_uuid\" varchar,\n  \t\"block_name\" varchar\n  );\n  \n  CREATE TABLE \"_pages_v\" (\n  \t\"id\" serial PRIMARY KEY NOT NULL,\n  \t\"parent_id\" integer,\n  \t\"version_title\" varchar,\n  \t\"version_hero_type\" \"enum__pages_v_version_hero_type\" DEFAULT 'lowImpact',\n  \t\"version_hero_rich_text\" jsonb,\n  \t\"version_hero_media_id\" integer,\n  \t\"version_meta_title\" varchar,\n  \t\"version_meta_image_id\" integer,\n  \t\"version_meta_description\" varchar,\n  \t\"version_published_at\" timestamp(3) with time zone,\n  \t\"version_generate_slug\" boolean DEFAULT true,\n  \t\"version_slug\" varchar,\n  \t\"version_updated_at\" timestamp(3) with time zone,\n  \t\"version_created_at\" timestamp(3) with time zone,\n  \t\"version__status\" \"enum__pages_v_version_status\" DEFAULT 'draft',\n  \t\"created_at\" timestamp(3) with time zone DEFAULT now() NOT NULL,\n  \t\"updated_at\" timestamp(3) with time zone DEFAULT now() NOT NULL,\n  \t\"latest\" boolean,\n  \t\"autosave\" boolean\n  );\n  \n  CREATE TABLE \"_pages_v_rels\" (\n  \t\"id\" serial PRIMARY KEY NOT NULL,\n  \t\"order\" integer,\n  \t\"parent_id\" integer NOT NULL,\n  \t\"path\" varchar NOT NULL,\n  \t\"pages_id\" integer,\n  \t\"posts_id\" integer,\n  \t\"categories_id\" integer\n  );\n  \n  CREATE TABLE \"posts_populated_authors\" (\n  \t\"_order\" integer NOT NULL,\n  \t\"_parent_id\" integer NOT NULL,\n  \t\"id\" varchar PRIMARY KEY NOT NULL,\n  \t\"name\" varchar\n  );\n  \n  CREATE TABLE \"posts\" (\n  \t\"id\" serial PRIMARY KEY NOT NULL,\n  \t\"title\" varchar,\n  \t\"hero_image_id\" integer,\n  \t\"content\" jsonb,\n  \t\"meta_title\" varchar,\n  \t\"meta_image_id\" integer,\n  \t\"meta_description\" varchar,\n  \t\"published_at\" timestamp(3) with time zone,\n  \t\"generate_slug\" boolean DEFAULT true,\n  \t\"slug\" varchar,\n  \t\"updated_at\" timestamp(3) with time zone DEFAULT now() NOT NULL,\n  \t\"created_at\" timestamp(3) with time zone DEFAULT now() NOT NULL,\n  \t\"_status\" \"enum_posts_status\" DEFAULT 'draft'\n  );\n  \n  CREATE TABLE \"posts_rels\" (\n  \t\"id\" serial PRIMARY KEY NOT NULL,\n  \t\"order\" integer,\n  \t\"parent_id\" integer NOT NULL,\n  \t\"path\" varchar NOT NULL,\n  \t\"posts_id\" integer,\n  \t\"categories_id\" integer,\n  \t\"users_id\" integer\n  );\n  \n  CREATE TABLE \"_posts_v_version_populated_authors\" (\n  \t\"_order\" integer NOT NULL,\n  \t\"_parent_id\" integer NOT NULL,\n  \t\"id\" serial PRIMARY KEY NOT NULL,\n  \t\"_uuid\" varchar,\n  \t\"name\" varchar\n  );\n  \n  CREATE TABLE \"_posts_v\" (\n  \t\"id\" serial PRIMARY KEY NOT NULL,\n  \t\"parent_id\" integer,\n  \t\"version_title\" varchar,\n  \t\"version_hero_image_id\" integer,\n  \t\"version_content\" jsonb,\n  \t\"version_meta_title\" varchar,\n  \t\"version_meta_image_id\" integer,\n  \t\"version_meta_description\" varchar,\n  \t\"version_published_at\" timestamp(3) with time zone,\n  \t\"version_generate_slug\" boolean DEFAULT true,\n  \t\"version_slug\" varchar,\n  \t\"version_updated_at\" timestamp(3) with time zone,\n  \t\"version_created_at\" timestamp(3) with time zone,\n  \t\"version__status\" \"enum__posts_v_version_status\" DEFAULT 'draft',\n  \t\"created_at\" timestamp(3) with time zone DEFAULT now() NOT NULL,\n  \t\"updated_at\" timestamp(3) with time zone DEFAULT now() NOT NULL,\n  \t\"latest\" boolean,\n  \t\"autosave\" boolean\n  );\n  \n  CREATE TABLE \"_posts_v_rels\" (\n  \t\"id\" serial PRIMARY KEY NOT NULL,\n  \t\"order\" integer,\n  \t\"parent_id\" integer NOT NULL,\n  \t\"path\" varchar NOT NULL,\n  \t\"posts_id\" integer,\n  \t\"categories_id\" integer,\n  \t\"users_id\" integer\n  );\n  \n  CREATE TABLE \"media\" (\n  \t\"id\" serial PRIMARY KEY NOT NULL,\n  \t\"alt\" varchar,\n  \t\"caption\" jsonb,\n  \t\"folder_id\" integer,\n  \t\"updated_at\" timestamp(3) with time zone DEFAULT now() NOT NULL,\n  \t\"created_at\" timestamp(3) with time zone DEFAULT now() NOT NULL,\n  \t\"url\" varchar,\n  \t\"thumbnail_u_r_l\" varchar,\n  \t\"filename\" varchar,\n  \t\"mime_type\" varchar,\n  \t\"filesize\" numeric,\n  \t\"width\" numeric,\n  \t\"height\" numeric,\n  \t\"focal_x\" numeric,\n  \t\"focal_y\" numeric,\n  \t\"sizes_thumbnail_url\" varchar,\n  \t\"sizes_thumbnail_width\" numeric,\n  \t\"sizes_thumbnail_height\" numeric,\n  \t\"sizes_thumbnail_mime_type\" varchar,\n  \t\"sizes_thumbnail_filesize\" numeric,\n  \t\"sizes_thumbnail_filename\" varchar,\n  \t\"sizes_square_url\" varchar,\n  \t\"sizes_square_width\" numeric,\n  \t\"sizes_square_height\" numeric,\n  \t\"sizes_square_mime_type\" varchar,\n  \t\"sizes_square_filesize\" numeric,\n  \t\"sizes_square_filename\" varchar,\n  \t\"sizes_small_url\" varchar,\n  \t\"sizes_small_width\" numeric,\n  \t\"sizes_small_height\" numeric,\n  \t\"sizes_small_mime_type\" varchar,\n  \t\"sizes_small_filesize\" numeric,\n  \t\"sizes_small_filename\" varchar,\n  \t\"sizes_medium_url\" varchar,\n  \t\"sizes_medium_width\" numeric,\n  \t\"sizes_medium_height\" numeric,\n  \t\"sizes_medium_mime_type\" varchar,\n  \t\"sizes_medium_filesize\" numeric,\n  \t\"sizes_medium_filename\" varchar,\n  \t\"sizes_large_url\" varchar,\n  \t\"sizes_large_width\" numeric,\n  \t\"sizes_large_height\" numeric,\n  \t\"sizes_large_mime_type\" varchar,\n  \t\"sizes_large_filesize\" numeric,\n  \t\"sizes_large_filename\" varchar,\n  \t\"sizes_xlarge_url\" varchar,\n  \t\"sizes_xlarge_width\" numeric,\n  \t\"sizes_xlarge_height\" numeric,\n  \t\"sizes_xlarge_mime_type\" varchar,\n  \t\"sizes_xlarge_filesize\" numeric,\n  \t\"sizes_xlarge_filename\" varchar,\n  \t\"sizes_og_url\" varchar,\n  \t\"sizes_og_width\" numeric,\n  \t\"sizes_og_height\" numeric,\n  \t\"sizes_og_mime_type\" varchar,\n  \t\"sizes_og_filesize\" numeric,\n  \t\"sizes_og_filename\" varchar\n  );\n  \n  CREATE TABLE \"categories_breadcrumbs\" (\n  \t\"_order\" integer NOT NULL,\n  \t\"_parent_id\" integer NOT NULL,\n  \t\"id\" varchar PRIMARY KEY NOT NULL,\n  \t\"doc_id\" integer,\n  \t\"url\" varchar,\n  \t\"label\" varchar\n  );\n  \n  CREATE TABLE \"categories\" (\n  \t\"id\" serial PRIMARY KEY NOT NULL,\n  \t\"title\" varchar NOT NULL,\n  \t\"generate_slug\" boolean DEFAULT true,\n  \t\"slug\" varchar NOT NULL,\n  \t\"parent_id\" integer,\n  \t\"updated_at\" timestamp(3) with time zone DEFAULT now() NOT NULL,\n  \t\"created_at\" timestamp(3) with time zone DEFAULT now() NOT NULL\n  );\n  \n  CREATE TABLE \"users_sessions\" (\n  \t\"_order\" integer NOT NULL,\n  \t\"_parent_id\" integer NOT NULL,\n  \t\"id\" varchar PRIMARY KEY NOT NULL,\n  \t\"created_at\" timestamp(3) with time zone,\n  \t\"expires_at\" timestamp(3) with time zone NOT NULL\n  );\n  \n  CREATE TABLE \"users\" (\n  \t\"id\" serial PRIMARY KEY NOT NULL,\n  \t\"name\" varchar,\n  \t\"updated_at\" timestamp(3) with time zone DEFAULT now() NOT NULL,\n  \t\"created_at\" timestamp(3) with time zone DEFAULT now() NOT NULL,\n  \t\"email\" varchar NOT NULL,\n  \t\"reset_password_token\" varchar,\n  \t\"reset_password_expiration\" timestamp(3) with time zone,\n  \t\"salt\" varchar,\n  \t\"hash\" varchar,\n  \t\"login_attempts\" numeric DEFAULT 0,\n  \t\"lock_until\" timestamp(3) with time zone\n  );\n  \n  CREATE TABLE \"case_studies_metrics\" (\n  \t\"_order\" integer NOT NULL,\n  \t\"_parent_id\" integer NOT NULL,\n  \t\"id\" varchar PRIMARY KEY NOT NULL,\n  \t\"label\" varchar,\n  \t\"value\" varchar,\n  \t\"icon\" \"enum_case_studies_metrics_icon\"\n  );\n  \n  CREATE TABLE \"case_studies\" (\n  \t\"id\" serial PRIMARY KEY NOT NULL,\n  \t\"student_name\" varchar,\n  \t\"student_photo_id\" integer,\n  \t\"institution\" varchar,\n  \t\"major\" varchar,\n  \t\"year_in_school\" \"enum_case_studies_year_in_school\",\n  \t\"gpa\" numeric,\n  \t\"challenge\" varchar,\n  \t\"solution\" varchar,\n  \t\"outcome\" varchar,\n  \t\"testimonial\" varchar,\n  \t\"before_after_before_id\" integer,\n  \t\"before_after_after_id\" integer,\n  \t\"video_testimonial\" varchar,\n  \t\"meta_title\" varchar,\n  \t\"meta_image_id\" integer,\n  \t\"meta_description\" varchar,\n  \t\"generate_slug\" boolean DEFAULT true,\n  \t\"slug\" varchar,\n  \t\"published_at\" timestamp(3) with time zone,\n  \t\"featured\" boolean DEFAULT false,\n  \t\"updated_at\" timestamp(3) with time zone DEFAULT now() NOT NULL,\n  \t\"created_at\" timestamp(3) with time zone DEFAULT now() NOT NULL,\n  \t\"_status\" \"enum_case_studies_status\" DEFAULT 'draft'\n  );\n  \n  CREATE TABLE \"_case_studies_v_version_metrics\" (\n  \t\"_order\" integer NOT NULL,\n  \t\"_parent_id\" integer NOT NULL,\n  \t\"id\" serial PRIMARY KEY NOT NULL,\n  \t\"label\" varchar,\n  \t\"value\" varchar,\n  \t\"icon\" \"enum__case_studies_v_version_metrics_icon\",\n  \t\"_uuid\" varchar\n  );\n  \n  CREATE TABLE \"_case_studies_v\" (\n  \t\"id\" serial PRIMARY KEY NOT NULL,\n  \t\"parent_id\" integer,\n  \t\"version_student_name\" varchar,\n  \t\"version_student_photo_id\" integer,\n  \t\"version_institution\" varchar,\n  \t\"version_major\" varchar,\n  \t\"version_year_in_school\" \"enum__case_studies_v_version_year_in_school\",\n  \t\"version_gpa\" numeric,\n  \t\"version_challenge\" varchar,\n  \t\"version_solution\" varchar,\n  \t\"version_outcome\" varchar,\n  \t\"version_testimonial\" varchar,\n  \t\"version_before_after_before_id\" integer,\n  \t\"version_before_after_after_id\" integer,\n  \t\"version_video_testimonial\" varchar,\n  \t\"version_meta_title\" varchar,\n  \t\"version_meta_image_id\" integer,\n  \t\"version_meta_description\" varchar,\n  \t\"version_generate_slug\" boolean DEFAULT true,\n  \t\"version_slug\" varchar,\n  \t\"version_published_at\" timestamp(3) with time zone,\n  \t\"version_featured\" boolean DEFAULT false,\n  \t\"version_updated_at\" timestamp(3) with time zone,\n  \t\"version_created_at\" timestamp(3) with time zone,\n  \t\"version__status\" \"enum__case_studies_v_version_status\" DEFAULT 'draft',\n  \t\"created_at\" timestamp(3) with time zone DEFAULT now() NOT NULL,\n  \t\"updated_at\" timestamp(3) with time zone DEFAULT now() NOT NULL,\n  \t\"latest\" boolean,\n  \t\"autosave\" boolean\n  );\n  \n  CREATE TABLE \"resources\" (\n  \t\"id\" serial PRIMARY KEY NOT NULL,\n  \t\"title\" varchar,\n  \t\"type\" \"enum_resources_type\",\n  \t\"description\" varchar,\n  \t\"thumbnail_id\" integer,\n  \t\"download_file_id\" integer,\n  \t\"external_url\" varchar,\n  \t\"difficulty\" \"enum_resources_difficulty\",\n  \t\"duration\" numeric,\n  \t\"meta_title\" varchar,\n  \t\"meta_image_id\" integer,\n  \t\"meta_description\" varchar,\n  \t\"generate_slug\" boolean DEFAULT true,\n  \t\"slug\" varchar,\n  \t\"published_at\" timestamp(3) with time zone,\n  \t\"featured\" boolean DEFAULT false,\n  \t\"download_count\" numeric DEFAULT 0,\n  \t\"updated_at\" timestamp(3) with time zone DEFAULT now() NOT NULL,\n  \t\"created_at\" timestamp(3) with time zone DEFAULT now() NOT NULL,\n  \t\"_status\" \"enum_resources_status\" DEFAULT 'draft'\n  );\n  \n  CREATE TABLE \"resources_rels\" (\n  \t\"id\" serial PRIMARY KEY NOT NULL,\n  \t\"order\" integer,\n  \t\"parent_id\" integer NOT NULL,\n  \t\"path\" varchar NOT NULL,\n  \t\"categories_id\" integer\n  );\n  \n  CREATE TABLE \"_resources_v\" (\n  \t\"id\" serial PRIMARY KEY NOT NULL,\n  \t\"parent_id\" integer,\n  \t\"version_title\" varchar,\n  \t\"version_type\" \"enum__resources_v_version_type\",\n  \t\"version_description\" varchar,\n  \t\"version_thumbnail_id\" integer,\n  \t\"version_download_file_id\" integer,\n  \t\"version_external_url\" varchar,\n  \t\"version_difficulty\" \"enum__resources_v_version_difficulty\",\n  \t\"version_duration\" numeric,\n  \t\"version_meta_title\" varchar,\n  \t\"version_meta_image_id\" integer,\n  \t\"version_meta_description\" varchar,\n  \t\"version_generate_slug\" boolean DEFAULT true,\n  \t\"version_slug\" varchar,\n  \t\"version_published_at\" timestamp(3) with time zone,\n  \t\"version_featured\" boolean DEFAULT false,\n  \t\"version_download_count\" numeric DEFAULT 0,\n  \t\"version_updated_at\" timestamp(3) with time zone,\n  \t\"version_created_at\" timestamp(3) with time zone,\n  \t\"version__status\" \"enum__resources_v_version_status\" DEFAULT 'draft',\n  \t\"created_at\" timestamp(3) with time zone DEFAULT now() NOT NULL,\n  \t\"updated_at\" timestamp(3) with time zone DEFAULT now() NOT NULL,\n  \t\"latest\" boolean,\n  \t\"autosave\" boolean\n  );\n  \n  CREATE TABLE \"_resources_v_rels\" (\n  \t\"id\" serial PRIMARY KEY NOT NULL,\n  \t\"order\" integer,\n  \t\"parent_id\" integer NOT NULL,\n  \t\"path\" varchar NOT NULL,\n  \t\"categories_id\" integer\n  );\n  \n  CREATE TABLE \"redirects\" (\n  \t\"id\" serial PRIMARY KEY NOT NULL,\n  \t\"from\" varchar NOT NULL,\n  \t\"to_type\" \"enum_redirects_to_type\" DEFAULT 'reference',\n  \t\"to_url\" varchar,\n  \t\"updated_at\" timestamp(3) with time zone DEFAULT now() NOT NULL,\n  \t\"created_at\" timestamp(3) with time zone DEFAULT now() NOT NULL\n  );\n  \n  CREATE TABLE \"redirects_rels\" (\n  \t\"id\" serial PRIMARY KEY NOT NULL,\n  \t\"order\" integer,\n  \t\"parent_id\" integer NOT NULL,\n  \t\"path\" varchar NOT NULL,\n  \t\"pages_id\" integer,\n  \t\"posts_id\" integer\n  );\n  \n  CREATE TABLE \"forms_blocks_checkbox\" (\n  \t\"_order\" integer NOT NULL,\n  \t\"_parent_id\" integer NOT NULL,\n  \t\"_path\" text NOT NULL,\n  \t\"id\" varchar PRIMARY KEY NOT NULL,\n  \t\"name\" varchar NOT NULL,\n  \t\"label\" varchar,\n  \t\"width\" numeric,\n  \t\"required\" boolean,\n  \t\"default_value\" boolean,\n  \t\"block_name\" varchar\n  );\n  \n  CREATE TABLE \"forms_blocks_country\" (\n  \t\"_order\" integer NOT NULL,\n  \t\"_parent_id\" integer NOT NULL,\n  \t\"_path\" text NOT NULL,\n  \t\"id\" varchar PRIMARY KEY NOT NULL,\n  \t\"name\" varchar NOT NULL,\n  \t\"label\" varchar,\n  \t\"width\" numeric,\n  \t\"required\" boolean,\n  \t\"block_name\" varchar\n  );\n  \n  CREATE TABLE \"forms_blocks_email\" (\n  \t\"_order\" integer NOT NULL,\n  \t\"_parent_id\" integer NOT NULL,\n  \t\"_path\" text NOT NULL,\n  \t\"id\" varchar PRIMARY KEY NOT NULL,\n  \t\"name\" varchar NOT NULL,\n  \t\"label\" varchar,\n  \t\"width\" numeric,\n  \t\"required\" boolean,\n  \t\"block_name\" varchar\n  );\n  \n  CREATE TABLE \"forms_blocks_message\" (\n  \t\"_order\" integer NOT NULL,\n  \t\"_parent_id\" integer NOT NULL,\n  \t\"_path\" text NOT NULL,\n  \t\"id\" varchar PRIMARY KEY NOT NULL,\n  \t\"message\" jsonb,\n  \t\"block_name\" varchar\n  );\n  \n  CREATE TABLE \"forms_blocks_number\" (\n  \t\"_order\" integer NOT NULL,\n  \t\"_parent_id\" integer NOT NULL,\n  \t\"_path\" text NOT NULL,\n  \t\"id\" varchar PRIMARY KEY NOT NULL,\n  \t\"name\" varchar NOT NULL,\n  \t\"label\" varchar,\n  \t\"width\" numeric,\n  \t\"default_value\" numeric,\n  \t\"required\" boolean,\n  \t\"block_name\" varchar\n  );\n  \n  CREATE TABLE \"forms_blocks_select_options\" (\n  \t\"_order\" integer NOT NULL,\n  \t\"_parent_id\" varchar NOT NULL,\n  \t\"id\" varchar PRIMARY KEY NOT NULL,\n  \t\"label\" varchar NOT NULL,\n  \t\"value\" varchar NOT NULL\n  );\n  \n  CREATE TABLE \"forms_blocks_select\" (\n  \t\"_order\" integer NOT NULL,\n  \t\"_parent_id\" integer NOT NULL,\n  \t\"_path\" text NOT NULL,\n  \t\"id\" varchar PRIMARY KEY NOT NULL,\n  \t\"name\" varchar NOT NULL,\n  \t\"label\" varchar,\n  \t\"width\" numeric,\n  \t\"default_value\" varchar,\n  \t\"placeholder\" varchar,\n  \t\"required\" boolean,\n  \t\"block_name\" varchar\n  );\n  \n  CREATE TABLE \"forms_blocks_state\" (\n  \t\"_order\" integer NOT NULL,\n  \t\"_parent_id\" integer NOT NULL,\n  \t\"_path\" text NOT NULL,\n  \t\"id\" varchar PRIMARY KEY NOT NULL,\n  \t\"name\" varchar NOT NULL,\n  \t\"label\" varchar,\n  \t\"width\" numeric,\n  \t\"required\" boolean,\n  \t\"block_name\" varchar\n  );\n  \n  CREATE TABLE \"forms_blocks_text\" (\n  \t\"_order\" integer NOT NULL,\n  \t\"_parent_id\" integer NOT NULL,\n  \t\"_path\" text NOT NULL,\n  \t\"id\" varchar PRIMARY KEY NOT NULL,\n  \t\"name\" varchar NOT NULL,\n  \t\"label\" varchar,\n  \t\"width\" numeric,\n  \t\"default_value\" varchar,\n  \t\"required\" boolean,\n  \t\"block_name\" varchar\n  );\n  \n  CREATE TABLE \"forms_blocks_textarea\" (\n  \t\"_order\" integer NOT NULL,\n  \t\"_parent_id\" integer NOT NULL,\n  \t\"_path\" text NOT NULL,\n  \t\"id\" varchar PRIMARY KEY NOT NULL,\n  \t\"name\" varchar NOT NULL,\n  \t\"label\" varchar,\n  \t\"width\" numeric,\n  \t\"default_value\" varchar,\n  \t\"required\" boolean,\n  \t\"block_name\" varchar\n  );\n  \n  CREATE TABLE \"forms_emails\" (\n  \t\"_order\" integer NOT NULL,\n  \t\"_parent_id\" integer NOT NULL,\n  \t\"id\" varchar PRIMARY KEY NOT NULL,\n  \t\"email_to\" varchar,\n  \t\"cc\" varchar,\n  \t\"bcc\" varchar,\n  \t\"reply_to\" varchar,\n  \t\"email_from\" varchar,\n  \t\"subject\" varchar DEFAULT 'You''ve received a new message.' NOT NULL,\n  \t\"message\" jsonb\n  );\n  \n  CREATE TABLE \"forms\" (\n  \t\"id\" serial PRIMARY KEY NOT NULL,\n  \t\"title\" varchar NOT NULL,\n  \t\"submit_button_label\" varchar,\n  \t\"confirmation_type\" \"enum_forms_confirmation_type\" DEFAULT 'message',\n  \t\"confirmation_message\" jsonb,\n  \t\"redirect_url\" varchar,\n  \t\"updated_at\" timestamp(3) with time zone DEFAULT now() NOT NULL,\n  \t\"created_at\" timestamp(3) with time zone DEFAULT now() NOT NULL\n  );\n  \n  CREATE TABLE \"form_submissions_submission_data\" (\n  \t\"_order\" integer NOT NULL,\n  \t\"_parent_id\" integer NOT NULL,\n  \t\"id\" varchar PRIMARY KEY NOT NULL,\n  \t\"field\" varchar NOT NULL,\n  \t\"value\" varchar NOT NULL\n  );\n  \n  CREATE TABLE \"form_submissions\" (\n  \t\"id\" serial PRIMARY KEY NOT NULL,\n  \t\"form_id\" integer NOT NULL,\n  \t\"updated_at\" timestamp(3) with time zone DEFAULT now() NOT NULL,\n  \t\"created_at\" timestamp(3) with time zone DEFAULT now() NOT NULL\n  );\n  \n  CREATE TABLE \"search_categories\" (\n  \t\"_order\" integer NOT NULL,\n  \t\"_parent_id\" integer NOT NULL,\n  \t\"id\" varchar PRIMARY KEY NOT NULL,\n  \t\"relation_to\" varchar,\n  \t\"category_i_d\" varchar,\n  \t\"title\" varchar\n  );\n  \n  CREATE TABLE \"search\" (\n  \t\"id\" serial PRIMARY KEY NOT NULL,\n  \t\"title\" varchar,\n  \t\"priority\" numeric,\n  \t\"slug\" varchar,\n  \t\"meta_title\" varchar,\n  \t\"meta_description\" varchar,\n  \t\"meta_image_id\" integer,\n  \t\"updated_at\" timestamp(3) with time zone DEFAULT now() NOT NULL,\n  \t\"created_at\" timestamp(3) with time zone DEFAULT now() NOT NULL\n  );\n  \n  CREATE TABLE \"search_rels\" (\n  \t\"id\" serial PRIMARY KEY NOT NULL,\n  \t\"order\" integer,\n  \t\"parent_id\" integer NOT NULL,\n  \t\"path\" varchar NOT NULL,\n  \t\"posts_id\" integer\n  );\n  \n  CREATE TABLE \"payload_kv\" (\n  \t\"id\" serial PRIMARY KEY NOT NULL,\n  \t\"key\" varchar NOT NULL,\n  \t\"data\" jsonb NOT NULL\n  );\n  \n  CREATE TABLE \"payload_jobs_log\" (\n  \t\"_order\" integer NOT NULL,\n  \t\"_parent_id\" integer NOT NULL,\n  \t\"id\" varchar PRIMARY KEY NOT NULL,\n  \t\"executed_at\" timestamp(3) with time zone NOT NULL,\n  \t\"completed_at\" timestamp(3) with time zone NOT NULL,\n  \t\"task_slug\" \"enum_payload_jobs_log_task_slug\" NOT NULL,\n  \t\"task_i_d\" varchar NOT NULL,\n  \t\"input\" jsonb,\n  \t\"output\" jsonb,\n  \t\"state\" \"enum_payload_jobs_log_state\" NOT NULL,\n  \t\"error\" jsonb\n  );\n  \n  CREATE TABLE \"payload_jobs\" (\n  \t\"id\" serial PRIMARY KEY NOT NULL,\n  \t\"input\" jsonb,\n  \t\"completed_at\" timestamp(3) with time zone,\n  \t\"total_tried\" numeric DEFAULT 0,\n  \t\"has_error\" boolean DEFAULT false,\n  \t\"error\" jsonb,\n  \t\"task_slug\" \"enum_payload_jobs_task_slug\",\n  \t\"queue\" varchar DEFAULT 'default',\n  \t\"wait_until\" timestamp(3) with time zone,\n  \t\"processing\" boolean DEFAULT false,\n  \t\"updated_at\" timestamp(3) with time zone DEFAULT now() NOT NULL,\n  \t\"created_at\" timestamp(3) with time zone DEFAULT now() NOT NULL\n  );\n  \n  CREATE TABLE \"payload_folders_folder_type\" (\n  \t\"order\" integer NOT NULL,\n  \t\"parent_id\" integer NOT NULL,\n  \t\"value\" \"enum_payload_folders_folder_type\",\n  \t\"id\" serial PRIMARY KEY NOT NULL\n  );\n  \n  CREATE TABLE \"payload_folders\" (\n  \t\"id\" serial PRIMARY KEY NOT NULL,\n  \t\"name\" varchar NOT NULL,\n  \t\"folder_id\" integer,\n  \t\"updated_at\" timestamp(3) with time zone DEFAULT now() NOT NULL,\n  \t\"created_at\" timestamp(3) with time zone DEFAULT now() NOT NULL\n  );\n  \n  CREATE TABLE \"payload_locked_documents\" (\n  \t\"id\" serial PRIMARY KEY NOT NULL,\n  \t\"global_slug\" varchar,\n  \t\"updated_at\" timestamp(3) with time zone DEFAULT now() NOT NULL,\n  \t\"created_at\" timestamp(3) with time zone DEFAULT now() NOT NULL\n  );\n  \n  CREATE TABLE \"payload_locked_documents_rels\" (\n  \t\"id\" serial PRIMARY KEY NOT NULL,\n  \t\"order\" integer,\n  \t\"parent_id\" integer NOT NULL,\n  \t\"path\" varchar NOT NULL,\n  \t\"pages_id\" integer,\n  \t\"posts_id\" integer,\n  \t\"media_id\" integer,\n  \t\"categories_id\" integer,\n  \t\"users_id\" integer,\n  \t\"case_studies_id\" integer,\n  \t\"resources_id\" integer,\n  \t\"redirects_id\" integer,\n  \t\"forms_id\" integer,\n  \t\"form_submissions_id\" integer,\n  \t\"search_id\" integer,\n  \t\"payload_folders_id\" integer\n  );\n  \n  CREATE TABLE \"payload_preferences\" (\n  \t\"id\" serial PRIMARY KEY NOT NULL,\n  \t\"key\" varchar,\n  \t\"value\" jsonb,\n  \t\"updated_at\" timestamp(3) with time zone DEFAULT now() NOT NULL,\n  \t\"created_at\" timestamp(3) with time zone DEFAULT now() NOT NULL\n  );\n  \n  CREATE TABLE \"payload_preferences_rels\" (\n  \t\"id\" serial PRIMARY KEY NOT NULL,\n  \t\"order\" integer,\n  \t\"parent_id\" integer NOT NULL,\n  \t\"path\" varchar NOT NULL,\n  \t\"users_id\" integer\n  );\n  \n  CREATE TABLE \"payload_migrations\" (\n  \t\"id\" serial PRIMARY KEY NOT NULL,\n  \t\"name\" varchar,\n  \t\"batch\" numeric,\n  \t\"updated_at\" timestamp(3) with time zone DEFAULT now() NOT NULL,\n  \t\"created_at\" timestamp(3) with time zone DEFAULT now() NOT NULL\n  );\n  \n  CREATE TABLE \"header_nav_items\" (\n  \t\"_order\" integer NOT NULL,\n  \t\"_parent_id\" integer NOT NULL,\n  \t\"id\" varchar PRIMARY KEY NOT NULL,\n  \t\"link_type\" \"enum_header_nav_items_link_type\" DEFAULT 'reference',\n  \t\"link_new_tab\" boolean,\n  \t\"link_url\" varchar,\n  \t\"link_label\" varchar NOT NULL\n  );\n  \n  CREATE TABLE \"header\" (\n  \t\"id\" serial PRIMARY KEY NOT NULL,\n  \t\"updated_at\" timestamp(3) with time zone,\n  \t\"created_at\" timestamp(3) with time zone\n  );\n  \n  CREATE TABLE \"header_rels\" (\n  \t\"id\" serial PRIMARY KEY NOT NULL,\n  \t\"order\" integer,\n  \t\"parent_id\" integer NOT NULL,\n  \t\"path\" varchar NOT NULL,\n  \t\"pages_id\" integer,\n  \t\"posts_id\" integer\n  );\n  \n  CREATE TABLE \"footer_nav_items\" (\n  \t\"_order\" integer NOT NULL,\n  \t\"_parent_id\" integer NOT NULL,\n  \t\"id\" varchar PRIMARY KEY NOT NULL,\n  \t\"link_type\" \"enum_footer_nav_items_link_type\" DEFAULT 'reference',\n  \t\"link_new_tab\" boolean,\n  \t\"link_url\" varchar,\n  \t\"link_label\" varchar NOT NULL\n  );\n  \n  CREATE TABLE \"footer\" (\n  \t\"id\" serial PRIMARY KEY NOT NULL,\n  \t\"updated_at\" timestamp(3) with time zone,\n  \t\"created_at\" timestamp(3) with time zone\n  );\n  \n  CREATE TABLE \"footer_rels\" (\n  \t\"id\" serial PRIMARY KEY NOT NULL,\n  \t\"order\" integer,\n  \t\"parent_id\" integer NOT NULL,\n  \t\"path\" varchar NOT NULL,\n  \t\"pages_id\" integer,\n  \t\"posts_id\" integer\n  );\n  \n  CREATE TABLE \"settings\" (\n  \t\"id\" serial PRIMARY KEY NOT NULL,\n  \t\"site_name\" varchar DEFAULT 'Horizon' NOT NULL,\n  \t\"site_description\" varchar DEFAULT 'Transform your learning experience with AI-powered study tools' NOT NULL,\n  \t\"logo_id\" integer,\n  \t\"favicon_id\" integer,\n  \t\"contact_email\" varchar NOT NULL,\n  \t\"support_email\" varchar,\n  \t\"phone_number\" varchar,\n  \t\"address\" varchar,\n  \t\"social_twitter\" varchar,\n  \t\"social_linkedin\" varchar,\n  \t\"social_instagram\" varchar,\n  \t\"social_facebook\" varchar,\n  \t\"social_youtube\" varchar,\n  \t\"social_discord\" varchar,\n  \t\"social_tiktok\" varchar,\n  \t\"analytics_google_analytics_id\" varchar,\n  \t\"analytics_google_tag_manager_id\" varchar,\n  \t\"analytics_facebook_pixel_id\" varchar,\n  \t\"analytics_hotjar_id\" varchar,\n  \t\"analytics_mixpanel_token\" varchar,\n  \t\"announcement_bar_enabled\" boolean DEFAULT false,\n  \t\"announcement_bar_message\" varchar,\n  \t\"announcement_bar_link_text\" varchar,\n  \t\"announcement_bar_link_url\" varchar,\n  \t\"announcement_bar_background_color\" \"enum_settings_announcement_bar_background_color\" DEFAULT 'blue',\n  \t\"updated_at\" timestamp(3) with time zone,\n  \t\"created_at\" timestamp(3) with time zone\n  );\n  \n  ALTER TABLE \"pages_hero_links\" ADD CONSTRAINT \"pages_hero_links_parent_id_fk\" FOREIGN KEY (\"_parent_id\") REFERENCES \"public\".\"pages\"(\"id\") ON DELETE cascade ON UPDATE no action;\n  ALTER TABLE \"pages_blocks_cta_links\" ADD CONSTRAINT \"pages_blocks_cta_links_parent_id_fk\" FOREIGN KEY (\"_parent_id\") REFERENCES \"public\".\"pages_blocks_cta\"(\"id\") ON DELETE cascade ON UPDATE no action;\n  ALTER TABLE \"pages_blocks_cta\" ADD CONSTRAINT \"pages_blocks_cta_parent_id_fk\" FOREIGN KEY (\"_parent_id\") REFERENCES \"public\".\"pages\"(\"id\") ON DELETE cascade ON UPDATE no action;\n  ALTER TABLE \"pages_blocks_content_columns\" ADD CONSTRAINT \"pages_blocks_content_columns_parent_id_fk\" FOREIGN KEY (\"_parent_id\") REFERENCES \"public\".\"pages_blocks_content\"(\"id\") ON DELETE cascade ON UPDATE no action;\n  ALTER TABLE \"pages_blocks_content\" ADD CONSTRAINT \"pages_blocks_content_parent_id_fk\" FOREIGN KEY (\"_parent_id\") REFERENCES \"public\".\"pages\"(\"id\") ON DELETE cascade ON UPDATE no action;\n  ALTER TABLE \"pages_blocks_media_block\" ADD CONSTRAINT \"pages_blocks_media_block_media_id_media_id_fk\" FOREIGN KEY (\"media_id\") REFERENCES \"public\".\"media\"(\"id\") ON DELETE set null ON UPDATE no action;\n  ALTER TABLE \"pages_blocks_media_block\" ADD CONSTRAINT \"pages_blocks_media_block_parent_id_fk\" FOREIGN KEY (\"_parent_id\") REFERENCES \"public\".\"pages\"(\"id\") ON DELETE cascade ON UPDATE no action;\n  ALTER TABLE \"pages_blocks_archive\" ADD CONSTRAINT \"pages_blocks_archive_parent_id_fk\" FOREIGN KEY (\"_parent_id\") REFERENCES \"public\".\"pages\"(\"id\") ON DELETE cascade ON UPDATE no action;\n  ALTER TABLE \"pages_blocks_form_block\" ADD CONSTRAINT \"pages_blocks_form_block_form_id_forms_id_fk\" FOREIGN KEY (\"form_id\") REFERENCES \"public\".\"forms\"(\"id\") ON DELETE set null ON UPDATE no action;\n  ALTER TABLE \"pages_blocks_form_block\" ADD CONSTRAINT \"pages_blocks_form_block_parent_id_fk\" FOREIGN KEY (\"_parent_id\") REFERENCES \"public\".\"pages\"(\"id\") ON DELETE cascade ON UPDATE no action;\n  ALTER TABLE \"pages\" ADD CONSTRAINT \"pages_hero_media_id_media_id_fk\" FOREIGN KEY (\"hero_media_id\") REFERENCES \"public\".\"media\"(\"id\") ON DELETE set null ON UPDATE no action;\n  ALTER TABLE \"pages\" ADD CONSTRAINT \"pages_meta_image_id_media_id_fk\" FOREIGN KEY (\"meta_image_id\") REFERENCES \"public\".\"media\"(\"id\") ON DELETE set null ON UPDATE no action;\n  ALTER TABLE \"pages_rels\" ADD CONSTRAINT \"pages_rels_parent_fk\" FOREIGN KEY (\"parent_id\") REFERENCES \"public\".\"pages\"(\"id\") ON DELETE cascade ON UPDATE no action;\n  ALTER TABLE \"pages_rels\" ADD CONSTRAINT \"pages_rels_pages_fk\" FOREIGN KEY (\"pages_id\") REFERENCES \"public\".\"pages\"(\"id\") ON DELETE cascade ON UPDATE no action;\n  ALTER TABLE \"pages_rels\" ADD CONSTRAINT \"pages_rels_posts_fk\" FOREIGN KEY (\"posts_id\") REFERENCES \"public\".\"posts\"(\"id\") ON DELETE cascade ON UPDATE no action;\n  ALTER TABLE \"pages_rels\" ADD CONSTRAINT \"pages_rels_categories_fk\" FOREIGN KEY (\"categories_id\") REFERENCES \"public\".\"categories\"(\"id\") ON DELETE cascade ON UPDATE no action;\n  ALTER TABLE \"_pages_v_version_hero_links\" ADD CONSTRAINT \"_pages_v_version_hero_links_parent_id_fk\" FOREIGN KEY (\"_parent_id\") REFERENCES \"public\".\"_pages_v\"(\"id\") ON DELETE cascade ON UPDATE no action;\n  ALTER TABLE \"_pages_v_blocks_cta_links\" ADD CONSTRAINT \"_pages_v_blocks_cta_links_parent_id_fk\" FOREIGN KEY (\"_parent_id\") REFERENCES \"public\".\"_pages_v_blocks_cta\"(\"id\") ON DELETE cascade ON UPDATE no action;\n  ALTER TABLE \"_pages_v_blocks_cta\" ADD CONSTRAINT \"_pages_v_blocks_cta_parent_id_fk\" FOREIGN KEY (\"_parent_id\") REFERENCES \"public\".\"_pages_v\"(\"id\") ON DELETE cascade ON UPDATE no action;\n  ALTER TABLE \"_pages_v_blocks_content_columns\" ADD CONSTRAINT \"_pages_v_blocks_content_columns_parent_id_fk\" FOREIGN KEY (\"_parent_id\") REFERENCES \"public\".\"_pages_v_blocks_content\"(\"id\") ON DELETE cascade ON UPDATE no action;\n  ALTER TABLE \"_pages_v_blocks_content\" ADD CONSTRAINT \"_pages_v_blocks_content_parent_id_fk\" FOREIGN KEY (\"_parent_id\") REFERENCES \"public\".\"_pages_v\"(\"id\") ON DELETE cascade ON UPDATE no action;\n  ALTER TABLE \"_pages_v_blocks_media_block\" ADD CONSTRAINT \"_pages_v_blocks_media_block_media_id_media_id_fk\" FOREIGN KEY (\"media_id\") REFERENCES \"public\".\"media\"(\"id\") ON DELETE set null ON UPDATE no action;\n  ALTER TABLE \"_pages_v_blocks_media_block\" ADD CONSTRAINT \"_pages_v_blocks_media_block_parent_id_fk\" FOREIGN KEY (\"_parent_id\") REFERENCES \"public\".\"_pages_v\"(\"id\") ON DELETE cascade ON UPDATE no action;\n  ALTER TABLE \"_pages_v_blocks_archive\" ADD CONSTRAINT \"_pages_v_blocks_archive_parent_id_fk\" FOREIGN KEY (\"_parent_id\") REFERENCES \"public\".\"_pages_v\"(\"id\") ON DELETE cascade ON UPDATE no action;\n  ALTER TABLE \"_pages_v_blocks_form_block\" ADD CONSTRAINT \"_pages_v_blocks_form_block_form_id_forms_id_fk\" FOREIGN KEY (\"form_id\") REFERENCES \"public\".\"forms\"(\"id\") ON DELETE set null ON UPDATE no action;\n  ALTER TABLE \"_pages_v_blocks_form_block\" ADD CONSTRAINT \"_pages_v_blocks_form_block_parent_id_fk\" FOREIGN KEY (\"_parent_id\") REFERENCES \"public\".\"_pages_v\"(\"id\") ON DELETE cascade ON UPDATE no action;\n  ALTER TABLE \"_pages_v\" ADD CONSTRAINT \"_pages_v_parent_id_pages_id_fk\" FOREIGN KEY (\"parent_id\") REFERENCES \"public\".\"pages\"(\"id\") ON DELETE set null ON UPDATE no action;\n  ALTER TABLE \"_pages_v\" ADD CONSTRAINT \"_pages_v_version_hero_media_id_media_id_fk\" FOREIGN KEY (\"version_hero_media_id\") REFERENCES \"public\".\"media\"(\"id\") ON DELETE set null ON UPDATE no action;\n  ALTER TABLE \"_pages_v\" ADD CONSTRAINT \"_pages_v_version_meta_image_id_media_id_fk\" FOREIGN KEY (\"version_meta_image_id\") REFERENCES \"public\".\"media\"(\"id\") ON DELETE set null ON UPDATE no action;\n  ALTER TABLE \"_pages_v_rels\" ADD CONSTRAINT \"_pages_v_rels_parent_fk\" FOREIGN KEY (\"parent_id\") REFERENCES \"public\".\"_pages_v\"(\"id\") ON DELETE cascade ON UPDATE no action;\n  ALTER TABLE \"_pages_v_rels\" ADD CONSTRAINT \"_pages_v_rels_pages_fk\" FOREIGN KEY (\"pages_id\") REFERENCES \"public\".\"pages\"(\"id\") ON DELETE cascade ON UPDATE no action;\n  ALTER TABLE \"_pages_v_rels\" ADD CONSTRAINT \"_pages_v_rels_posts_fk\" FOREIGN KEY (\"posts_id\") REFERENCES \"public\".\"posts\"(\"id\") ON DELETE cascade ON UPDATE no action;\n  ALTER TABLE \"_pages_v_rels\" ADD CONSTRAINT \"_pages_v_rels_categories_fk\" FOREIGN KEY (\"categories_id\") REFERENCES \"public\".\"categories\"(\"id\") ON DELETE cascade ON UPDATE no action;\n  ALTER TABLE \"posts_populated_authors\" ADD CONSTRAINT \"posts_populated_authors_parent_id_fk\" FOREIGN KEY (\"_parent_id\") REFERENCES \"public\".\"posts\"(\"id\") ON DELETE cascade ON UPDATE no action;\n  ALTER TABLE \"posts\" ADD CONSTRAINT \"posts_hero_image_id_media_id_fk\" FOREIGN KEY (\"hero_image_id\") REFERENCES \"public\".\"media\"(\"id\") ON DELETE set null ON UPDATE no action;\n  ALTER TABLE \"posts\" ADD CONSTRAINT \"posts_meta_image_id_media_id_fk\" FOREIGN KEY (\"meta_image_id\") REFERENCES \"public\".\"media\"(\"id\") ON DELETE set null ON UPDATE no action;\n  ALTER TABLE \"posts_rels\" ADD CONSTRAINT \"posts_rels_parent_fk\" FOREIGN KEY (\"parent_id\") REFERENCES \"public\".\"posts\"(\"id\") ON DELETE cascade ON UPDATE no action;\n  ALTER TABLE \"posts_rels\" ADD CONSTRAINT \"posts_rels_posts_fk\" FOREIGN KEY (\"posts_id\") REFERENCES \"public\".\"posts\"(\"id\") ON DELETE cascade ON UPDATE no action;\n  ALTER TABLE \"posts_rels\" ADD CONSTRAINT \"posts_rels_categories_fk\" FOREIGN KEY (\"categories_id\") REFERENCES \"public\".\"categories\"(\"id\") ON DELETE cascade ON UPDATE no action;\n  ALTER TABLE \"posts_rels\" ADD CONSTRAINT \"posts_rels_users_fk\" FOREIGN KEY (\"users_id\") REFERENCES \"public\".\"users\"(\"id\") ON DELETE cascade ON UPDATE no action;\n  ALTER TABLE \"_posts_v_version_populated_authors\" ADD CONSTRAINT \"_posts_v_version_populated_authors_parent_id_fk\" FOREIGN KEY (\"_parent_id\") REFERENCES \"public\".\"_posts_v\"(\"id\") ON DELETE cascade ON UPDATE no action;\n  ALTER TABLE \"_posts_v\" ADD CONSTRAINT \"_posts_v_parent_id_posts_id_fk\" FOREIGN KEY (\"parent_id\") REFERENCES \"public\".\"posts\"(\"id\") ON DELETE set null ON UPDATE no action;\n  ALTER TABLE \"_posts_v\" ADD CONSTRAINT \"_posts_v_version_hero_image_id_media_id_fk\" FOREIGN KEY (\"version_hero_image_id\") REFERENCES \"public\".\"media\"(\"id\") ON DELETE set null ON UPDATE no action;\n  ALTER TABLE \"_posts_v\" ADD CONSTRAINT \"_posts_v_version_meta_image_id_media_id_fk\" FOREIGN KEY (\"version_meta_image_id\") REFERENCES \"public\".\"media\"(\"id\") ON DELETE set null ON UPDATE no action;\n  ALTER TABLE \"_posts_v_rels\" ADD CONSTRAINT \"_posts_v_rels_parent_fk\" FOREIGN KEY (\"parent_id\") REFERENCES \"public\".\"_posts_v\"(\"id\") ON DELETE cascade ON UPDATE no action;\n  ALTER TABLE \"_posts_v_rels\" ADD CONSTRAINT \"_posts_v_rels_posts_fk\" FOREIGN KEY (\"posts_id\") REFERENCES \"public\".\"posts\"(\"id\") ON DELETE cascade ON UPDATE no action;\n  ALTER TABLE \"_posts_v_rels\" ADD CONSTRAINT \"_posts_v_rels_categories_fk\" FOREIGN KEY (\"categories_id\") REFERENCES \"public\".\"categories\"(\"id\") ON DELETE cascade ON UPDATE no action;\n  ALTER TABLE \"_posts_v_rels\" ADD CONSTRAINT \"_posts_v_rels_users_fk\" FOREIGN KEY (\"users_id\") REFERENCES \"public\".\"users\"(\"id\") ON DELETE cascade ON UPDATE no action;\n  ALTER TABLE \"media\" ADD CONSTRAINT \"media_folder_id_payload_folders_id_fk\" FOREIGN KEY (\"folder_id\") REFERENCES \"public\".\"payload_folders\"(\"id\") ON DELETE set null ON UPDATE no action;\n  ALTER TABLE \"categories_breadcrumbs\" ADD CONSTRAINT \"categories_breadcrumbs_doc_id_categories_id_fk\" FOREIGN KEY (\"doc_id\") REFERENCES \"public\".\"categories\"(\"id\") ON DELETE set null ON UPDATE no action;\n  ALTER TABLE \"categories_breadcrumbs\" ADD CONSTRAINT \"categories_breadcrumbs_parent_id_fk\" FOREIGN KEY (\"_parent_id\") REFERENCES \"public\".\"categories\"(\"id\") ON DELETE cascade ON UPDATE no action;\n  ALTER TABLE \"categories\" ADD CONSTRAINT \"categories_parent_id_categories_id_fk\" FOREIGN KEY (\"parent_id\") REFERENCES \"public\".\"categories\"(\"id\") ON DELETE set null ON UPDATE no action;\n  ALTER TABLE \"users_sessions\" ADD CONSTRAINT \"users_sessions_parent_id_fk\" FOREIGN KEY (\"_parent_id\") REFERENCES \"public\".\"users\"(\"id\") ON DELETE cascade ON UPDATE no action;\n  ALTER TABLE \"case_studies_metrics\" ADD CONSTRAINT \"case_studies_metrics_parent_id_fk\" FOREIGN KEY (\"_parent_id\") REFERENCES \"public\".\"case_studies\"(\"id\") ON DELETE cascade ON UPDATE no action;\n  ALTER TABLE \"case_studies\" ADD CONSTRAINT \"case_studies_student_photo_id_media_id_fk\" FOREIGN KEY (\"student_photo_id\") REFERENCES \"public\".\"media\"(\"id\") ON DELETE set null ON UPDATE no action;\n  ALTER TABLE \"case_studies\" ADD CONSTRAINT \"case_studies_before_after_before_id_media_id_fk\" FOREIGN KEY (\"before_after_before_id\") REFERENCES \"public\".\"media\"(\"id\") ON DELETE set null ON UPDATE no action;\n  ALTER TABLE \"case_studies\" ADD CONSTRAINT \"case_studies_before_after_after_id_media_id_fk\" FOREIGN KEY (\"before_after_after_id\") REFERENCES \"public\".\"media\"(\"id\") ON DELETE set null ON UPDATE no action;\n  ALTER TABLE \"case_studies\" ADD CONSTRAINT \"case_studies_meta_image_id_media_id_fk\" FOREIGN KEY (\"meta_image_id\") REFERENCES \"public\".\"media\"(\"id\") ON DELETE set null ON UPDATE no action;\n  ALTER TABLE \"_case_studies_v_version_metrics\" ADD CONSTRAINT \"_case_studies_v_version_metrics_parent_id_fk\" FOREIGN KEY (\"_parent_id\") REFERENCES \"public\".\"_case_studies_v\"(\"id\") ON DELETE cascade ON UPDATE no action;\n  ALTER TABLE \"_case_studies_v\" ADD CONSTRAINT \"_case_studies_v_parent_id_case_studies_id_fk\" FOREIGN KEY (\"parent_id\") REFERENCES \"public\".\"case_studies\"(\"id\") ON DELETE set null ON UPDATE no action;\n  ALTER TABLE \"_case_studies_v\" ADD CONSTRAINT \"_case_studies_v_version_student_photo_id_media_id_fk\" FOREIGN KEY (\"version_student_photo_id\") REFERENCES \"public\".\"media\"(\"id\") ON DELETE set null ON UPDATE no action;\n  ALTER TABLE \"_case_studies_v\" ADD CONSTRAINT \"_case_studies_v_version_before_after_before_id_media_id_fk\" FOREIGN KEY (\"version_before_after_before_id\") REFERENCES \"public\".\"media\"(\"id\") ON DELETE set null ON UPDATE no action;\n  ALTER TABLE \"_case_studies_v\" ADD CONSTRAINT \"_case_studies_v_version_before_after_after_id_media_id_fk\" FOREIGN KEY (\"version_before_after_after_id\") REFERENCES \"public\".\"media\"(\"id\") ON DELETE set null ON UPDATE no action;\n  ALTER TABLE \"_case_studies_v\" ADD CONSTRAINT \"_case_studies_v_version_meta_image_id_media_id_fk\" FOREIGN KEY (\"version_meta_image_id\") REFERENCES \"public\".\"media\"(\"id\") ON DELETE set null ON UPDATE no action;\n  ALTER TABLE \"resources\" ADD CONSTRAINT \"resources_thumbnail_id_media_id_fk\" FOREIGN KEY (\"thumbnail_id\") REFERENCES \"public\".\"media\"(\"id\") ON DELETE set null ON UPDATE no action;\n  ALTER TABLE \"resources\" ADD CONSTRAINT \"resources_download_file_id_media_id_fk\" FOREIGN KEY (\"download_file_id\") REFERENCES \"public\".\"media\"(\"id\") ON DELETE set null ON UPDATE no action;\n  ALTER TABLE \"resources\" ADD CONSTRAINT \"resources_meta_image_id_media_id_fk\" FOREIGN KEY (\"meta_image_id\") REFERENCES \"public\".\"media\"(\"id\") ON DELETE set null ON UPDATE no action;\n  ALTER TABLE \"resources_rels\" ADD CONSTRAINT \"resources_rels_parent_fk\" FOREIGN KEY (\"parent_id\") REFERENCES \"public\".\"resources\"(\"id\") ON DELETE cascade ON UPDATE no action;\n  ALTER TABLE \"resources_rels\" ADD CONSTRAINT \"resources_rels_categories_fk\" FOREIGN KEY (\"categories_id\") REFERENCES \"public\".\"categories\"(\"id\") ON DELETE cascade ON UPDATE no action;\n  ALTER TABLE \"_resources_v\" ADD CONSTRAINT \"_resources_v_parent_id_resources_id_fk\" FOREIGN KEY (\"parent_id\") REFERENCES \"public\".\"resources\"(\"id\") ON DELETE set null ON UPDATE no action;\n  ALTER TABLE \"_resources_v\" ADD CONSTRAINT \"_resources_v_version_thumbnail_id_media_id_fk\" FOREIGN KEY (\"version_thumbnail_id\") REFERENCES \"public\".\"media\"(\"id\") ON DELETE set null ON UPDATE no action;\n  ALTER TABLE \"_resources_v\" ADD CONSTRAINT \"_resources_v_version_download_file_id_media_id_fk\" FOREIGN KEY (\"version_download_file_id\") REFERENCES \"public\".\"media\"(\"id\") ON DELETE set null ON UPDATE no action;\n  ALTER TABLE \"_resources_v\" ADD CONSTRAINT \"_resources_v_version_meta_image_id_media_id_fk\" FOREIGN KEY (\"version_meta_image_id\") REFERENCES \"public\".\"media\"(\"id\") ON DELETE set null ON UPDATE no action;\n  ALTER TABLE \"_resources_v_rels\" ADD CONSTRAINT \"_resources_v_rels_parent_fk\" FOREIGN KEY (\"parent_id\") REFERENCES \"public\".\"_resources_v\"(\"id\") ON DELETE cascade ON UPDATE no action;\n  ALTER TABLE \"_resources_v_rels\" ADD CONSTRAINT \"_resources_v_rels_categories_fk\" FOREIGN KEY (\"categories_id\") REFERENCES \"public\".\"categories\"(\"id\") ON DELETE cascade ON UPDATE no action;\n  ALTER TABLE \"redirects_rels\" ADD CONSTRAINT \"redirects_rels_parent_fk\" FOREIGN KEY (\"parent_id\") REFERENCES \"public\".\"redirects\"(\"id\") ON DELETE cascade ON UPDATE no action;\n  ALTER TABLE \"redirects_rels\" ADD CONSTRAINT \"redirects_rels_pages_fk\" FOREIGN KEY (\"pages_id\") REFERENCES \"public\".\"pages\"(\"id\") ON DELETE cascade ON UPDATE no action;\n  ALTER TABLE \"redirects_rels\" ADD CONSTRAINT \"redirects_rels_posts_fk\" FOREIGN KEY (\"posts_id\") REFERENCES \"public\".\"posts\"(\"id\") ON DELETE cascade ON UPDATE no action;\n  ALTER TABLE \"forms_blocks_checkbox\" ADD CONSTRAINT \"forms_blocks_checkbox_parent_id_fk\" FOREIGN KEY (\"_parent_id\") REFERENCES \"public\".\"forms\"(\"id\") ON DELETE cascade ON UPDATE no action;\n  ALTER TABLE \"forms_blocks_country\" ADD CONSTRAINT \"forms_blocks_country_parent_id_fk\" FOREIGN KEY (\"_parent_id\") REFERENCES \"public\".\"forms\"(\"id\") ON DELETE cascade ON UPDATE no action;\n  ALTER TABLE \"forms_blocks_email\" ADD CONSTRAINT \"forms_blocks_email_parent_id_fk\" FOREIGN KEY (\"_parent_id\") REFERENCES \"public\".\"forms\"(\"id\") ON DELETE cascade ON UPDATE no action;\n  ALTER TABLE \"forms_blocks_message\" ADD CONSTRAINT \"forms_blocks_message_parent_id_fk\" FOREIGN KEY (\"_parent_id\") REFERENCES \"public\".\"forms\"(\"id\") ON DELETE cascade ON UPDATE no action;\n  ALTER TABLE \"forms_blocks_number\" ADD CONSTRAINT \"forms_blocks_number_parent_id_fk\" FOREIGN KEY (\"_parent_id\") REFERENCES \"public\".\"forms\"(\"id\") ON DELETE cascade ON UPDATE no action;\n  ALTER TABLE \"forms_blocks_select_options\" ADD CONSTRAINT \"forms_blocks_select_options_parent_id_fk\" FOREIGN KEY (\"_parent_id\") REFERENCES \"public\".\"forms_blocks_select\"(\"id\") ON DELETE cascade ON UPDATE no action;\n  ALTER TABLE \"forms_blocks_select\" ADD CONSTRAINT \"forms_blocks_select_parent_id_fk\" FOREIGN KEY (\"_parent_id\") REFERENCES \"public\".\"forms\"(\"id\") ON DELETE cascade ON UPDATE no action;\n  ALTER TABLE \"forms_blocks_state\" ADD CONSTRAINT \"forms_blocks_state_parent_id_fk\" FOREIGN KEY (\"_parent_id\") REFERENCES \"public\".\"forms\"(\"id\") ON DELETE cascade ON UPDATE no action;\n  ALTER TABLE \"forms_blocks_text\" ADD CONSTRAINT \"forms_blocks_text_parent_id_fk\" FOREIGN KEY (\"_parent_id\") REFERENCES \"public\".\"forms\"(\"id\") ON DELETE cascade ON UPDATE no action;\n  ALTER TABLE \"forms_blocks_textarea\" ADD CONSTRAINT \"forms_blocks_textarea_parent_id_fk\" FOREIGN KEY (\"_parent_id\") REFERENCES \"public\".\"forms\"(\"id\") ON DELETE cascade ON UPDATE no action;\n  ALTER TABLE \"forms_emails\" ADD CONSTRAINT \"forms_emails_parent_id_fk\" FOREIGN KEY (\"_parent_id\") REFERENCES \"public\".\"forms\"(\"id\") ON DELETE cascade ON UPDATE no action;\n  ALTER TABLE \"form_submissions_submission_data\" ADD CONSTRAINT \"form_submissions_submission_data_parent_id_fk\" FOREIGN KEY (\"_parent_id\") REFERENCES \"public\".\"form_submissions\"(\"id\") ON DELETE cascade ON UPDATE no action;\n  ALTER TABLE \"form_submissions\" ADD CONSTRAINT \"form_submissions_form_id_forms_id_fk\" FOREIGN KEY (\"form_id\") REFERENCES \"public\".\"forms\"(\"id\") ON DELETE set null ON UPDATE no action;\n  ALTER TABLE \"search_categories\" ADD CONSTRAINT \"search_categories_parent_id_fk\" FOREIGN KEY (\"_parent_id\") REFERENCES \"public\".\"search\"(\"id\") ON DELETE cascade ON UPDATE no action;\n  ALTER TABLE \"search\" ADD CONSTRAINT \"search_meta_image_id_media_id_fk\" FOREIGN KEY (\"meta_image_id\") REFERENCES \"public\".\"media\"(\"id\") ON DELETE set null ON UPDATE no action;\n  ALTER TABLE \"search_rels\" ADD CONSTRAINT \"search_rels_parent_fk\" FOREIGN KEY (\"parent_id\") REFERENCES \"public\".\"search\"(\"id\") ON DELETE cascade ON UPDATE no action;\n  ALTER TABLE \"search_rels\" ADD CONSTRAINT \"search_rels_posts_fk\" FOREIGN KEY (\"posts_id\") REFERENCES \"public\".\"posts\"(\"id\") ON DELETE cascade ON UPDATE no action;\n  ALTER TABLE \"payload_jobs_log\" ADD CONSTRAINT \"payload_jobs_log_parent_id_fk\" FOREIGN KEY (\"_parent_id\") REFERENCES \"public\".\"payload_jobs\"(\"id\") ON DELETE cascade ON UPDATE no action;\n  ALTER TABLE \"payload_folders_folder_type\" ADD CONSTRAINT \"payload_folders_folder_type_parent_fk\" FOREIGN KEY (\"parent_id\") REFERENCES \"public\".\"payload_folders\"(\"id\") ON DELETE cascade ON UPDATE no action;\n  ALTER TABLE \"payload_folders\" ADD CONSTRAINT \"payload_folders_folder_id_payload_folders_id_fk\" FOREIGN KEY (\"folder_id\") REFERENCES \"public\".\"payload_folders\"(\"id\") ON DELETE set null ON UPDATE no action;\n  ALTER TABLE \"payload_locked_documents_rels\" ADD CONSTRAINT \"payload_locked_documents_rels_parent_fk\" FOREIGN KEY (\"parent_id\") REFERENCES \"public\".\"payload_locked_documents\"(\"id\") ON DELETE cascade ON UPDATE no action;\n  ALTER TABLE \"payload_locked_documents_rels\" ADD CONSTRAINT \"payload_locked_documents_rels_pages_fk\" FOREIGN KEY (\"pages_id\") REFERENCES \"public\".\"pages\"(\"id\") ON DELETE cascade ON UPDATE no action;\n  ALTER TABLE \"payload_locked_documents_rels\" ADD CONSTRAINT \"payload_locked_documents_rels_posts_fk\" FOREIGN KEY (\"posts_id\") REFERENCES \"public\".\"posts\"(\"id\") ON DELETE cascade ON UPDATE no action;\n  ALTER TABLE \"payload_locked_documents_rels\" ADD CONSTRAINT \"payload_locked_documents_rels_media_fk\" FOREIGN KEY (\"media_id\") REFERENCES \"public\".\"media\"(\"id\") ON DELETE cascade ON UPDATE no action;\n  ALTER TABLE \"payload_locked_documents_rels\" ADD CONSTRAINT \"payload_locked_documents_rels_categories_fk\" FOREIGN KEY (\"categories_id\") REFERENCES \"public\".\"categories\"(\"id\") ON DELETE cascade ON UPDATE no action;\n  ALTER TABLE \"payload_locked_documents_rels\" ADD CONSTRAINT \"payload_locked_documents_rels_users_fk\" FOREIGN KEY (\"users_id\") REFERENCES \"public\".\"users\"(\"id\") ON DELETE cascade ON UPDATE no action;\n  ALTER TABLE \"payload_locked_documents_rels\" ADD CONSTRAINT \"payload_locked_documents_rels_case_studies_fk\" FOREIGN KEY (\"case_studies_id\") REFERENCES \"public\".\"case_studies\"(\"id\") ON DELETE cascade ON UPDATE no action;\n  ALTER TABLE \"payload_locked_documents_rels\" ADD CONSTRAINT \"payload_locked_documents_rels_resources_fk\" FOREIGN KEY (\"resources_id\") REFERENCES \"public\".\"resources\"(\"id\") ON DELETE cascade ON UPDATE no action;\n  ALTER TABLE \"payload_locked_documents_rels\" ADD CONSTRAINT \"payload_locked_documents_rels_redirects_fk\" FOREIGN KEY (\"redirects_id\") REFERENCES \"public\".\"redirects\"(\"id\") ON DELETE cascade ON UPDATE no action;\n  ALTER TABLE \"payload_locked_documents_rels\" ADD CONSTRAINT \"payload_locked_documents_rels_forms_fk\" FOREIGN KEY (\"forms_id\") REFERENCES \"public\".\"forms\"(\"id\") ON DELETE cascade ON UPDATE no action;\n  ALTER TABLE \"payload_locked_documents_rels\" ADD CONSTRAINT \"payload_locked_documents_rels_form_submissions_fk\" FOREIGN KEY (\"form_submissions_id\") REFERENCES \"public\".\"form_submissions\"(\"id\") ON DELETE cascade ON UPDATE no action;\n  ALTER TABLE \"payload_locked_documents_rels\" ADD CONSTRAINT \"payload_locked_documents_rels_search_fk\" FOREIGN KEY (\"search_id\") REFERENCES \"public\".\"search\"(\"id\") ON DELETE cascade ON UPDATE no action;\n  ALTER TABLE \"payload_locked_documents_rels\" ADD CONSTRAINT \"payload_locked_documents_rels_payload_folders_fk\" FOREIGN KEY (\"payload_folders_id\") REFERENCES \"public\".\"payload_folders\"(\"id\") ON DELETE cascade ON UPDATE no action;\n  ALTER TABLE \"payload_preferences_rels\" ADD CONSTRAINT \"payload_preferences_rels_parent_fk\" FOREIGN KEY (\"parent_id\") REFERENCES \"public\".\"payload_preferences\"(\"id\") ON DELETE cascade ON UPDATE no action;\n  ALTER TABLE \"payload_preferences_rels\" ADD CONSTRAINT \"payload_preferences_rels_users_fk\" FOREIGN KEY (\"users_id\") REFERENCES \"public\".\"users\"(\"id\") ON DELETE cascade ON UPDATE no action;\n  ALTER TABLE \"header_nav_items\" ADD CONSTRAINT \"header_nav_items_parent_id_fk\" FOREIGN KEY (\"_parent_id\") REFERENCES \"public\".\"header\"(\"id\") ON DELETE cascade ON UPDATE no action;\n  ALTER TABLE \"header_rels\" ADD CONSTRAINT \"header_rels_parent_fk\" FOREIGN KEY (\"parent_id\") REFERENCES \"public\".\"header\"(\"id\") ON DELETE cascade ON UPDATE no action;\n  ALTER TABLE \"header_rels\" ADD CONSTRAINT \"header_rels_pages_fk\" FOREIGN KEY (\"pages_id\") REFERENCES \"public\".\"pages\"(\"id\") ON DELETE cascade ON UPDATE no action;\n  ALTER TABLE \"header_rels\" ADD CONSTRAINT \"header_rels_posts_fk\" FOREIGN KEY (\"posts_id\") REFERENCES \"public\".\"posts\"(\"id\") ON DELETE cascade ON UPDATE no action;\n  ALTER TABLE \"footer_nav_items\" ADD CONSTRAINT \"footer_nav_items_parent_id_fk\" FOREIGN KEY (\"_parent_id\") REFERENCES \"public\".\"footer\"(\"id\") ON DELETE cascade ON UPDATE no action;\n  ALTER TABLE \"footer_rels\" ADD CONSTRAINT \"footer_rels_parent_fk\" FOREIGN KEY (\"parent_id\") REFERENCES \"public\".\"footer\"(\"id\") ON DELETE cascade ON UPDATE no action;\n  ALTER TABLE \"footer_rels\" ADD CONSTRAINT \"footer_rels_pages_fk\" FOREIGN KEY (\"pages_id\") REFERENCES \"public\".\"pages\"(\"id\") ON DELETE cascade ON UPDATE no action;\n  ALTER TABLE \"footer_rels\" ADD CONSTRAINT \"footer_rels_posts_fk\" FOREIGN KEY (\"posts_id\") REFERENCES \"public\".\"posts\"(\"id\") ON DELETE cascade ON UPDATE no action;\n  ALTER TABLE \"settings\" ADD CONSTRAINT \"settings_logo_id_media_id_fk\" FOREIGN KEY (\"logo_id\") REFERENCES \"public\".\"media\"(\"id\") ON DELETE set null ON UPDATE no action;\n  ALTER TABLE \"settings\" ADD CONSTRAINT \"settings_favicon_id_media_id_fk\" FOREIGN KEY (\"favicon_id\") REFERENCES \"public\".\"media\"(\"id\") ON DELETE set null ON UPDATE no action;\n  CREATE INDEX \"pages_hero_links_order_idx\" ON \"pages_hero_links\" USING btree (\"_order\");\n  CREATE INDEX \"pages_hero_links_parent_id_idx\" ON \"pages_hero_links\" USING btree (\"_parent_id\");\n  CREATE INDEX \"pages_blocks_cta_links_order_idx\" ON \"pages_blocks_cta_links\" USING btree (\"_order\");\n  CREATE INDEX \"pages_blocks_cta_links_parent_id_idx\" ON \"pages_blocks_cta_links\" USING btree (\"_parent_id\");\n  CREATE INDEX \"pages_blocks_cta_order_idx\" ON \"pages_blocks_cta\" USING btree (\"_order\");\n  CREATE INDEX \"pages_blocks_cta_parent_id_idx\" ON \"pages_blocks_cta\" USING btree (\"_parent_id\");\n  CREATE INDEX \"pages_blocks_cta_path_idx\" ON \"pages_blocks_cta\" USING btree (\"_path\");\n  CREATE INDEX \"pages_blocks_content_columns_order_idx\" ON \"pages_blocks_content_columns\" USING btree (\"_order\");\n  CREATE INDEX \"pages_blocks_content_columns_parent_id_idx\" ON \"pages_blocks_content_columns\" USING btree (\"_parent_id\");\n  CREATE INDEX \"pages_blocks_content_order_idx\" ON \"pages_blocks_content\" USING btree (\"_order\");\n  CREATE INDEX \"pages_blocks_content_parent_id_idx\" ON \"pages_blocks_content\" USING btree (\"_parent_id\");\n  CREATE INDEX \"pages_blocks_content_path_idx\" ON \"pages_blocks_content\" USING btree (\"_path\");\n  CREATE INDEX \"pages_blocks_media_block_order_idx\" ON \"pages_blocks_media_block\" USING btree (\"_order\");\n  CREATE INDEX \"pages_blocks_media_block_parent_id_idx\" ON \"pages_blocks_media_block\" USING btree (\"_parent_id\");\n  CREATE INDEX \"pages_blocks_media_block_path_idx\" ON \"pages_blocks_media_block\" USING btree (\"_path\");\n  CREATE INDEX \"pages_blocks_media_block_media_idx\" ON \"pages_blocks_media_block\" USING btree (\"media_id\");\n  CREATE INDEX \"pages_blocks_archive_order_idx\" ON \"pages_blocks_archive\" USING btree (\"_order\");\n  CREATE INDEX \"pages_blocks_archive_parent_id_idx\" ON \"pages_blocks_archive\" USING btree (\"_parent_id\");\n  CREATE INDEX \"pages_blocks_archive_path_idx\" ON \"pages_blocks_archive\" USING btree (\"_path\");\n  CREATE INDEX \"pages_blocks_form_block_order_idx\" ON \"pages_blocks_form_block\" USING btree (\"_order\");\n  CREATE INDEX \"pages_blocks_form_block_parent_id_idx\" ON \"pages_blocks_form_block\" USING btree (\"_parent_id\");\n  CREATE INDEX \"pages_blocks_form_block_path_idx\" ON \"pages_blocks_form_block\" USING btree (\"_path\");\n  CREATE INDEX \"pages_blocks_form_block_form_idx\" ON \"pages_blocks_form_block\" USING btree (\"form_id\");\n  CREATE INDEX \"pages_hero_hero_media_idx\" ON \"pages\" USING btree (\"hero_media_id\");\n  CREATE INDEX \"pages_meta_meta_image_idx\" ON \"pages\" USING btree (\"meta_image_id\");\n  CREATE UNIQUE INDEX \"pages_slug_idx\" ON \"pages\" USING btree (\"slug\");\n  CREATE INDEX \"pages_updated_at_idx\" ON \"pages\" USING btree (\"updated_at\");\n  CREATE INDEX \"pages_created_at_idx\" ON \"pages\" USING btree (\"created_at\");\n  CREATE INDEX \"pages__status_idx\" ON \"pages\" USING btree (\"_status\");\n  CREATE INDEX \"pages_rels_order_idx\" ON \"pages_rels\" USING btree (\"order\");\n  CREATE INDEX \"pages_rels_parent_idx\" ON \"pages_rels\" USING btree (\"parent_id\");\n  CREATE INDEX \"pages_rels_path_idx\" ON \"pages_rels\" USING btree (\"path\");\n  CREATE INDEX \"pages_rels_pages_id_idx\" ON \"pages_rels\" USING btree (\"pages_id\");\n  CREATE INDEX \"pages_rels_posts_id_idx\" ON \"pages_rels\" USING btree (\"posts_id\");\n  CREATE INDEX \"pages_rels_categories_id_idx\" ON \"pages_rels\" USING btree (\"categories_id\");\n  CREATE INDEX \"_pages_v_version_hero_links_order_idx\" ON \"_pages_v_version_hero_links\" USING btree (\"_order\");\n  CREATE INDEX \"_pages_v_version_hero_links_parent_id_idx\" ON \"_pages_v_version_hero_links\" USING btree (\"_parent_id\");\n  CREATE INDEX \"_pages_v_blocks_cta_links_order_idx\" ON \"_pages_v_blocks_cta_links\" USING btree (\"_order\");\n  CREATE INDEX \"_pages_v_blocks_cta_links_parent_id_idx\" ON \"_pages_v_blocks_cta_links\" USING btree (\"_parent_id\");\n  CREATE INDEX \"_pages_v_blocks_cta_order_idx\" ON \"_pages_v_blocks_cta\" USING btree (\"_order\");\n  CREATE INDEX \"_pages_v_blocks_cta_parent_id_idx\" ON \"_pages_v_blocks_cta\" USING btree (\"_parent_id\");\n  CREATE INDEX \"_pages_v_blocks_cta_path_idx\" ON \"_pages_v_blocks_cta\" USING btree (\"_path\");\n  CREATE INDEX \"_pages_v_blocks_content_columns_order_idx\" ON \"_pages_v_blocks_content_columns\" USING btree (\"_order\");\n  CREATE INDEX \"_pages_v_blocks_content_columns_parent_id_idx\" ON \"_pages_v_blocks_content_columns\" USING btree (\"_parent_id\");\n  CREATE INDEX \"_pages_v_blocks_content_order_idx\" ON \"_pages_v_blocks_content\" USING btree (\"_order\");\n  CREATE INDEX \"_pages_v_blocks_content_parent_id_idx\" ON \"_pages_v_blocks_content\" USING btree (\"_parent_id\");\n  CREATE INDEX \"_pages_v_blocks_content_path_idx\" ON \"_pages_v_blocks_content\" USING btree (\"_path\");\n  CREATE INDEX \"_pages_v_blocks_media_block_order_idx\" ON \"_pages_v_blocks_media_block\" USING btree (\"_order\");\n  CREATE INDEX \"_pages_v_blocks_media_block_parent_id_idx\" ON \"_pages_v_blocks_media_block\" USING btree (\"_parent_id\");\n  CREATE INDEX \"_pages_v_blocks_media_block_path_idx\" ON \"_pages_v_blocks_media_block\" USING btree (\"_path\");\n  CREATE INDEX \"_pages_v_blocks_media_block_media_idx\" ON \"_pages_v_blocks_media_block\" USING btree (\"media_id\");\n  CREATE INDEX \"_pages_v_blocks_archive_order_idx\" ON \"_pages_v_blocks_archive\" USING btree (\"_order\");\n  CREATE INDEX \"_pages_v_blocks_archive_parent_id_idx\" ON \"_pages_v_blocks_archive\" USING btree (\"_parent_id\");\n  CREATE INDEX \"_pages_v_blocks_archive_path_idx\" ON \"_pages_v_blocks_archive\" USING btree (\"_path\");\n  CREATE INDEX \"_pages_v_blocks_form_block_order_idx\" ON \"_pages_v_blocks_form_block\" USING btree (\"_order\");\n  CREATE INDEX \"_pages_v_blocks_form_block_parent_id_idx\" ON \"_pages_v_blocks_form_block\" USING btree (\"_parent_id\");\n  CREATE INDEX \"_pages_v_blocks_form_block_path_idx\" ON \"_pages_v_blocks_form_block\" USING btree (\"_path\");\n  CREATE INDEX \"_pages_v_blocks_form_block_form_idx\" ON \"_pages_v_blocks_form_block\" USING btree (\"form_id\");\n  CREATE INDEX \"_pages_v_parent_idx\" ON \"_pages_v\" USING btree (\"parent_id\");\n  CREATE INDEX \"_pages_v_version_hero_version_hero_media_idx\" ON \"_pages_v\" USING btree (\"version_hero_media_id\");\n  CREATE INDEX \"_pages_v_version_meta_version_meta_image_idx\" ON \"_pages_v\" USING btree (\"version_meta_image_id\");\n  CREATE INDEX \"_pages_v_version_version_slug_idx\" ON \"_pages_v\" USING btree (\"version_slug\");\n  CREATE INDEX \"_pages_v_version_version_updated_at_idx\" ON \"_pages_v\" USING btree (\"version_updated_at\");\n  CREATE INDEX \"_pages_v_version_version_created_at_idx\" ON \"_pages_v\" USING btree (\"version_created_at\");\n  CREATE INDEX \"_pages_v_version_version__status_idx\" ON \"_pages_v\" USING btree (\"version__status\");\n  CREATE INDEX \"_pages_v_created_at_idx\" ON \"_pages_v\" USING btree (\"created_at\");\n  CREATE INDEX \"_pages_v_updated_at_idx\" ON \"_pages_v\" USING btree (\"updated_at\");\n  CREATE INDEX \"_pages_v_latest_idx\" ON \"_pages_v\" USING btree (\"latest\");\n  CREATE INDEX \"_pages_v_autosave_idx\" ON \"_pages_v\" USING btree (\"autosave\");\n  CREATE INDEX \"_pages_v_rels_order_idx\" ON \"_pages_v_rels\" USING btree (\"order\");\n  CREATE INDEX \"_pages_v_rels_parent_idx\" ON \"_pages_v_rels\" USING btree (\"parent_id\");\n  CREATE INDEX \"_pages_v_rels_path_idx\" ON \"_pages_v_rels\" USING btree (\"path\");\n  CREATE INDEX \"_pages_v_rels_pages_id_idx\" ON \"_pages_v_rels\" USING btree (\"pages_id\");\n  CREATE INDEX \"_pages_v_rels_posts_id_idx\" ON \"_pages_v_rels\" USING btree (\"posts_id\");\n  CREATE INDEX \"_pages_v_rels_categories_id_idx\" ON \"_pages_v_rels\" USING btree (\"categories_id\");\n  CREATE INDEX \"posts_populated_authors_order_idx\" ON \"posts_populated_authors\" USING btree (\"_order\");\n  CREATE INDEX \"posts_populated_authors_parent_id_idx\" ON \"posts_populated_authors\" USING btree (\"_parent_id\");\n  CREATE INDEX \"posts_hero_image_idx\" ON \"posts\" USING btree (\"hero_image_id\");\n  CREATE INDEX \"posts_meta_meta_image_idx\" ON \"posts\" USING btree (\"meta_image_id\");\n  CREATE UNIQUE INDEX \"posts_slug_idx\" ON \"posts\" USING btree (\"slug\");\n  CREATE INDEX \"posts_updated_at_idx\" ON \"posts\" USING btree (\"updated_at\");\n  CREATE INDEX \"posts_created_at_idx\" ON \"posts\" USING btree (\"created_at\");\n  CREATE INDEX \"posts__status_idx\" ON \"posts\" USING btree (\"_status\");\n  CREATE INDEX \"posts_rels_order_idx\" ON \"posts_rels\" USING btree (\"order\");\n  CREATE INDEX \"posts_rels_parent_idx\" ON \"posts_rels\" USING btree (\"parent_id\");\n  CREATE INDEX \"posts_rels_path_idx\" ON \"posts_rels\" USING btree (\"path\");\n  CREATE INDEX \"posts_rels_posts_id_idx\" ON \"posts_rels\" USING btree (\"posts_id\");\n  CREATE INDEX \"posts_rels_categories_id_idx\" ON \"posts_rels\" USING btree (\"categories_id\");\n  CREATE INDEX \"posts_rels_users_id_idx\" ON \"posts_rels\" USING btree (\"users_id\");\n  CREATE INDEX \"_posts_v_version_populated_authors_order_idx\" ON \"_posts_v_version_populated_authors\" USING btree (\"_order\");\n  CREATE INDEX \"_posts_v_version_populated_authors_parent_id_idx\" ON \"_posts_v_version_populated_authors\" USING btree (\"_parent_id\");\n  CREATE INDEX \"_posts_v_parent_idx\" ON \"_posts_v\" USING btree (\"parent_id\");\n  CREATE INDEX \"_posts_v_version_version_hero_image_idx\" ON \"_posts_v\" USING btree (\"version_hero_image_id\");\n  CREATE INDEX \"_posts_v_version_meta_version_meta_image_idx\" ON \"_posts_v\" USING btree (\"version_meta_image_id\");\n  CREATE INDEX \"_posts_v_version_version_slug_idx\" ON \"_posts_v\" USING btree (\"version_slug\");\n  CREATE INDEX \"_posts_v_version_version_updated_at_idx\" ON \"_posts_v\" USING btree (\"version_updated_at\");\n  CREATE INDEX \"_posts_v_version_version_created_at_idx\" ON \"_posts_v\" USING btree (\"version_created_at\");\n  CREATE INDEX \"_posts_v_version_version__status_idx\" ON \"_posts_v\" USING btree (\"version__status\");\n  CREATE INDEX \"_posts_v_created_at_idx\" ON \"_posts_v\" USING btree (\"created_at\");\n  CREATE INDEX \"_posts_v_updated_at_idx\" ON \"_posts_v\" USING btree (\"updated_at\");\n  CREATE INDEX \"_posts_v_latest_idx\" ON \"_posts_v\" USING btree (\"latest\");\n  CREATE INDEX \"_posts_v_autosave_idx\" ON \"_posts_v\" USING btree (\"autosave\");\n  CREATE INDEX \"_posts_v_rels_order_idx\" ON \"_posts_v_rels\" USING btree (\"order\");\n  CREATE INDEX \"_posts_v_rels_parent_idx\" ON \"_posts_v_rels\" USING btree (\"parent_id\");\n  CREATE INDEX \"_posts_v_rels_path_idx\" ON \"_posts_v_rels\" USING btree (\"path\");\n  CREATE INDEX \"_posts_v_rels_posts_id_idx\" ON \"_posts_v_rels\" USING btree (\"posts_id\");\n  CREATE INDEX \"_posts_v_rels_categories_id_idx\" ON \"_posts_v_rels\" USING btree (\"categories_id\");\n  CREATE INDEX \"_posts_v_rels_users_id_idx\" ON \"_posts_v_rels\" USING btree (\"users_id\");\n  CREATE INDEX \"media_folder_idx\" ON \"media\" USING btree (\"folder_id\");\n  CREATE INDEX \"media_updated_at_idx\" ON \"media\" USING btree (\"updated_at\");\n  CREATE INDEX \"media_created_at_idx\" ON \"media\" USING btree (\"created_at\");\n  CREATE UNIQUE INDEX \"media_filename_idx\" ON \"media\" USING btree (\"filename\");\n  CREATE INDEX \"media_sizes_thumbnail_sizes_thumbnail_filename_idx\" ON \"media\" USING btree (\"sizes_thumbnail_filename\");\n  CREATE INDEX \"media_sizes_square_sizes_square_filename_idx\" ON \"media\" USING btree (\"sizes_square_filename\");\n  CREATE INDEX \"media_sizes_small_sizes_small_filename_idx\" ON \"media\" USING btree (\"sizes_small_filename\");\n  CREATE INDEX \"media_sizes_medium_sizes_medium_filename_idx\" ON \"media\" USING btree (\"sizes_medium_filename\");\n  CREATE INDEX \"media_sizes_large_sizes_large_filename_idx\" ON \"media\" USING btree (\"sizes_large_filename\");\n  CREATE INDEX \"media_sizes_xlarge_sizes_xlarge_filename_idx\" ON \"media\" USING btree (\"sizes_xlarge_filename\");\n  CREATE INDEX \"media_sizes_og_sizes_og_filename_idx\" ON \"media\" USING btree (\"sizes_og_filename\");\n  CREATE INDEX \"categories_breadcrumbs_order_idx\" ON \"categories_breadcrumbs\" USING btree (\"_order\");\n  CREATE INDEX \"categories_breadcrumbs_parent_id_idx\" ON \"categories_breadcrumbs\" USING btree (\"_parent_id\");\n  CREATE INDEX \"categories_breadcrumbs_doc_idx\" ON \"categories_breadcrumbs\" USING btree (\"doc_id\");\n  CREATE UNIQUE INDEX \"categories_slug_idx\" ON \"categories\" USING btree (\"slug\");\n  CREATE INDEX \"categories_parent_idx\" ON \"categories\" USING btree (\"parent_id\");\n  CREATE INDEX \"categories_updated_at_idx\" ON \"categories\" USING btree (\"updated_at\");\n  CREATE INDEX \"categories_created_at_idx\" ON \"categories\" USING btree (\"created_at\");\n  CREATE INDEX \"users_sessions_order_idx\" ON \"users_sessions\" USING btree (\"_order\");\n  CREATE INDEX \"users_sessions_parent_id_idx\" ON \"users_sessions\" USING btree (\"_parent_id\");\n  CREATE INDEX \"users_updated_at_idx\" ON \"users\" USING btree (\"updated_at\");\n  CREATE INDEX \"users_created_at_idx\" ON \"users\" USING btree (\"created_at\");\n  CREATE UNIQUE INDEX \"users_email_idx\" ON \"users\" USING btree (\"email\");\n  CREATE INDEX \"case_studies_metrics_order_idx\" ON \"case_studies_metrics\" USING btree (\"_order\");\n  CREATE INDEX \"case_studies_metrics_parent_id_idx\" ON \"case_studies_metrics\" USING btree (\"_parent_id\");\n  CREATE INDEX \"case_studies_student_photo_idx\" ON \"case_studies\" USING btree (\"student_photo_id\");\n  CREATE INDEX \"case_studies_before_after_before_after_before_idx\" ON \"case_studies\" USING btree (\"before_after_before_id\");\n  CREATE INDEX \"case_studies_before_after_before_after_after_idx\" ON \"case_studies\" USING btree (\"before_after_after_id\");\n  CREATE INDEX \"case_studies_meta_meta_image_idx\" ON \"case_studies\" USING btree (\"meta_image_id\");\n  CREATE UNIQUE INDEX \"case_studies_slug_idx\" ON \"case_studies\" USING btree (\"slug\");\n  CREATE INDEX \"case_studies_updated_at_idx\" ON \"case_studies\" USING btree (\"updated_at\");\n  CREATE INDEX \"case_studies_created_at_idx\" ON \"case_studies\" USING btree (\"created_at\");\n  CREATE INDEX \"case_studies__status_idx\" ON \"case_studies\" USING btree (\"_status\");\n  CREATE INDEX \"_case_studies_v_version_metrics_order_idx\" ON \"_case_studies_v_version_metrics\" USING btree (\"_order\");\n  CREATE INDEX \"_case_studies_v_version_metrics_parent_id_idx\" ON \"_case_studies_v_version_metrics\" USING btree (\"_parent_id\");\n  CREATE INDEX \"_case_studies_v_parent_idx\" ON \"_case_studies_v\" USING btree (\"parent_id\");\n  CREATE INDEX \"_case_studies_v_version_version_student_photo_idx\" ON \"_case_studies_v\" USING btree (\"version_student_photo_id\");\n  CREATE INDEX \"_case_studies_v_version_before_after_version_before_afte_idx\" ON \"_case_studies_v\" USING btree (\"version_before_after_before_id\");\n  CREATE INDEX \"_case_studies_v_version_before_after_version_before_af_1_idx\" ON \"_case_studies_v\" USING btree (\"version_before_after_after_id\");\n  CREATE INDEX \"_case_studies_v_version_meta_version_meta_image_idx\" ON \"_case_studies_v\" USING btree (\"version_meta_image_id\");\n  CREATE INDEX \"_case_studies_v_version_version_slug_idx\" ON \"_case_studies_v\" USING btree (\"version_slug\");\n  CREATE INDEX \"_case_studies_v_version_version_updated_at_idx\" ON \"_case_studies_v\" USING btree (\"version_updated_at\");\n  CREATE INDEX \"_case_studies_v_version_version_created_at_idx\" ON \"_case_studies_v\" USING btree (\"version_created_at\");\n  CREATE INDEX \"_case_studies_v_version_version__status_idx\" ON \"_case_studies_v\" USING btree (\"version__status\");\n  CREATE INDEX \"_case_studies_v_created_at_idx\" ON \"_case_studies_v\" USING btree (\"created_at\");\n  CREATE INDEX \"_case_studies_v_updated_at_idx\" ON \"_case_studies_v\" USING btree (\"updated_at\");\n  CREATE INDEX \"_case_studies_v_latest_idx\" ON \"_case_studies_v\" USING btree (\"latest\");\n  CREATE INDEX \"_case_studies_v_autosave_idx\" ON \"_case_studies_v\" USING btree (\"autosave\");\n  CREATE INDEX \"resources_thumbnail_idx\" ON \"resources\" USING btree (\"thumbnail_id\");\n  CREATE INDEX \"resources_download_file_idx\" ON \"resources\" USING btree (\"download_file_id\");\n  CREATE INDEX \"resources_meta_meta_image_idx\" ON \"resources\" USING btree (\"meta_image_id\");\n  CREATE UNIQUE INDEX \"resources_slug_idx\" ON \"resources\" USING btree (\"slug\");\n  CREATE INDEX \"resources_updated_at_idx\" ON \"resources\" USING btree (\"updated_at\");\n  CREATE INDEX \"resources_created_at_idx\" ON \"resources\" USING btree (\"created_at\");\n  CREATE INDEX \"resources__status_idx\" ON \"resources\" USING btree (\"_status\");\n  CREATE INDEX \"resources_rels_order_idx\" ON \"resources_rels\" USING btree (\"order\");\n  CREATE INDEX \"resources_rels_parent_idx\" ON \"resources_rels\" USING btree (\"parent_id\");\n  CREATE INDEX \"resources_rels_path_idx\" ON \"resources_rels\" USING btree (\"path\");\n  CREATE INDEX \"resources_rels_categories_id_idx\" ON \"resources_rels\" USING btree (\"categories_id\");\n  CREATE INDEX \"_resources_v_parent_idx\" ON \"_resources_v\" USING btree (\"parent_id\");\n  CREATE INDEX \"_resources_v_version_version_thumbnail_idx\" ON \"_resources_v\" USING btree (\"version_thumbnail_id\");\n  CREATE INDEX \"_resources_v_version_version_download_file_idx\" ON \"_resources_v\" USING btree (\"version_download_file_id\");\n  CREATE INDEX \"_resources_v_version_meta_version_meta_image_idx\" ON \"_resources_v\" USING btree (\"version_meta_image_id\");\n  CREATE INDEX \"_resources_v_version_version_slug_idx\" ON \"_resources_v\" USING btree (\"version_slug\");\n  CREATE INDEX \"_resources_v_version_version_updated_at_idx\" ON \"_resources_v\" USING btree (\"version_updated_at\");\n  CREATE INDEX \"_resources_v_version_version_created_at_idx\" ON \"_resources_v\" USING btree (\"version_created_at\");\n  CREATE INDEX \"_resources_v_version_version__status_idx\" ON \"_resources_v\" USING btree (\"version__status\");\n  CREATE INDEX \"_resources_v_created_at_idx\" ON \"_resources_v\" USING btree (\"created_at\");\n  CREATE INDEX \"_resources_v_updated_at_idx\" ON \"_resources_v\" USING btree (\"updated_at\");\n  CREATE INDEX \"_resources_v_latest_idx\" ON \"_resources_v\" USING btree (\"latest\");\n  CREATE INDEX \"_resources_v_autosave_idx\" ON \"_resources_v\" USING btree (\"autosave\");\n  CREATE INDEX \"_resources_v_rels_order_idx\" ON \"_resources_v_rels\" USING btree (\"order\");\n  CREATE INDEX \"_resources_v_rels_parent_idx\" ON \"_resources_v_rels\" USING btree (\"parent_id\");\n  CREATE INDEX \"_resources_v_rels_path_idx\" ON \"_resources_v_rels\" USING btree (\"path\");\n  CREATE INDEX \"_resources_v_rels_categories_id_idx\" ON \"_resources_v_rels\" USING btree (\"categories_id\");\n  CREATE UNIQUE INDEX \"redirects_from_idx\" ON \"redirects\" USING btree (\"from\");\n  CREATE INDEX \"redirects_updated_at_idx\" ON \"redirects\" USING btree (\"updated_at\");\n  CREATE INDEX \"redirects_created_at_idx\" ON \"redirects\" USING btree (\"created_at\");\n  CREATE INDEX \"redirects_rels_order_idx\" ON \"redirects_rels\" USING btree (\"order\");\n  CREATE INDEX \"redirects_rels_parent_idx\" ON \"redirects_rels\" USING btree (\"parent_id\");\n  CREATE INDEX \"redirects_rels_path_idx\" ON \"redirects_rels\" USING btree (\"path\");\n  CREATE INDEX \"redirects_rels_pages_id_idx\" ON \"redirects_rels\" USING btree (\"pages_id\");\n  CREATE INDEX \"redirects_rels_posts_id_idx\" ON \"redirects_rels\" USING btree (\"posts_id\");\n  CREATE INDEX \"forms_blocks_checkbox_order_idx\" ON \"forms_blocks_checkbox\" USING btree (\"_order\");\n  CREATE INDEX \"forms_blocks_checkbox_parent_id_idx\" ON \"forms_blocks_checkbox\" USING btree (\"_parent_id\");\n  CREATE INDEX \"forms_blocks_checkbox_path_idx\" ON \"forms_blocks_checkbox\" USING btree (\"_path\");\n  CREATE INDEX \"forms_blocks_country_order_idx\" ON \"forms_blocks_country\" USING btree (\"_order\");\n  CREATE INDEX \"forms_blocks_country_parent_id_idx\" ON \"forms_blocks_country\" USING btree (\"_parent_id\");\n  CREATE INDEX \"forms_blocks_country_path_idx\" ON \"forms_blocks_country\" USING btree (\"_path\");\n  CREATE INDEX \"forms_blocks_email_order_idx\" ON \"forms_blocks_email\" USING btree (\"_order\");\n  CREATE INDEX \"forms_blocks_email_parent_id_idx\" ON \"forms_blocks_email\" USING btree (\"_parent_id\");\n  CREATE INDEX \"forms_blocks_email_path_idx\" ON \"forms_blocks_email\" USING btree (\"_path\");\n  CREATE INDEX \"forms_blocks_message_order_idx\" ON \"forms_blocks_message\" USING btree (\"_order\");\n  CREATE INDEX \"forms_blocks_message_parent_id_idx\" ON \"forms_blocks_message\" USING btree (\"_parent_id\");\n  CREATE INDEX \"forms_blocks_message_path_idx\" ON \"forms_blocks_message\" USING btree (\"_path\");\n  CREATE INDEX \"forms_blocks_number_order_idx\" ON \"forms_blocks_number\" USING btree (\"_order\");\n  CREATE INDEX \"forms_blocks_number_parent_id_idx\" ON \"forms_blocks_number\" USING btree (\"_parent_id\");\n  CREATE INDEX \"forms_blocks_number_path_idx\" ON \"forms_blocks_number\" USING btree (\"_path\");\n  CREATE INDEX \"forms_blocks_select_options_order_idx\" ON \"forms_blocks_select_options\" USING btree (\"_order\");\n  CREATE INDEX \"forms_blocks_select_options_parent_id_idx\" ON \"forms_blocks_select_options\" USING btree (\"_parent_id\");\n  CREATE INDEX \"forms_blocks_select_order_idx\" ON \"forms_blocks_select\" USING btree (\"_order\");\n  CREATE INDEX \"forms_blocks_select_parent_id_idx\" ON \"forms_blocks_select\" USING btree (\"_parent_id\");\n  CREATE INDEX \"forms_blocks_select_path_idx\" ON \"forms_blocks_select\" USING btree (\"_path\");\n  CREATE INDEX \"forms_blocks_state_order_idx\" ON \"forms_blocks_state\" USING btree (\"_order\");\n  CREATE INDEX \"forms_blocks_state_parent_id_idx\" ON \"forms_blocks_state\" USING btree (\"_parent_id\");\n  CREATE INDEX \"forms_blocks_state_path_idx\" ON \"forms_blocks_state\" USING btree (\"_path\");\n  CREATE INDEX \"forms_blocks_text_order_idx\" ON \"forms_blocks_text\" USING btree (\"_order\");\n  CREATE INDEX \"forms_blocks_text_parent_id_idx\" ON \"forms_blocks_text\" USING btree (\"_parent_id\");\n  CREATE INDEX \"forms_blocks_text_path_idx\" ON \"forms_blocks_text\" USING btree (\"_path\");\n  CREATE INDEX \"forms_blocks_textarea_order_idx\" ON \"forms_blocks_textarea\" USING btree (\"_order\");\n  CREATE INDEX \"forms_blocks_textarea_parent_id_idx\" ON \"forms_blocks_textarea\" USING btree (\"_parent_id\");\n  CREATE INDEX \"forms_blocks_textarea_path_idx\" ON \"forms_blocks_textarea\" USING btree (\"_path\");\n  CREATE INDEX \"forms_emails_order_idx\" ON \"forms_emails\" USING btree (\"_order\");\n  CREATE INDEX \"forms_emails_parent_id_idx\" ON \"forms_emails\" USING btree (\"_parent_id\");\n  CREATE INDEX \"forms_updated_at_idx\" ON \"forms\" USING btree (\"updated_at\");\n  CREATE INDEX \"forms_created_at_idx\" ON \"forms\" USING btree (\"created_at\");\n  CREATE INDEX \"form_submissions_submission_data_order_idx\" ON \"form_submissions_submission_data\" USING btree (\"_order\");\n  CREATE INDEX \"form_submissions_submission_data_parent_id_idx\" ON \"form_submissions_submission_data\" USING btree (\"_parent_id\");\n  CREATE INDEX \"form_submissions_form_idx\" ON \"form_submissions\" USING btree (\"form_id\");\n  CREATE INDEX \"form_submissions_updated_at_idx\" ON \"form_submissions\" USING btree (\"updated_at\");\n  CREATE INDEX \"form_submissions_created_at_idx\" ON \"form_submissions\" USING btree (\"created_at\");\n  CREATE INDEX \"search_categories_order_idx\" ON \"search_categories\" USING btree (\"_order\");\n  CREATE INDEX \"search_categories_parent_id_idx\" ON \"search_categories\" USING btree (\"_parent_id\");\n  CREATE INDEX \"search_slug_idx\" ON \"search\" USING btree (\"slug\");\n  CREATE INDEX \"search_meta_meta_image_idx\" ON \"search\" USING btree (\"meta_image_id\");\n  CREATE INDEX \"search_updated_at_idx\" ON \"search\" USING btree (\"updated_at\");\n  CREATE INDEX \"search_created_at_idx\" ON \"search\" USING btree (\"created_at\");\n  CREATE INDEX \"search_rels_order_idx\" ON \"search_rels\" USING btree (\"order\");\n  CREATE INDEX \"search_rels_parent_idx\" ON \"search_rels\" USING btree (\"parent_id\");\n  CREATE INDEX \"search_rels_path_idx\" ON \"search_rels\" USING btree (\"path\");\n  CREATE INDEX \"search_rels_posts_id_idx\" ON \"search_rels\" USING btree (\"posts_id\");\n  CREATE UNIQUE INDEX \"payload_kv_key_idx\" ON \"payload_kv\" USING btree (\"key\");\n  CREATE INDEX \"payload_jobs_log_order_idx\" ON \"payload_jobs_log\" USING btree (\"_order\");\n  CREATE INDEX \"payload_jobs_log_parent_id_idx\" ON \"payload_jobs_log\" USING btree (\"_parent_id\");\n  CREATE INDEX \"payload_jobs_completed_at_idx\" ON \"payload_jobs\" USING btree (\"completed_at\");\n  CREATE INDEX \"payload_jobs_total_tried_idx\" ON \"payload_jobs\" USING btree (\"total_tried\");\n  CREATE INDEX \"payload_jobs_has_error_idx\" ON \"payload_jobs\" USING btree (\"has_error\");\n  CREATE INDEX \"payload_jobs_task_slug_idx\" ON \"payload_jobs\" USING btree (\"task_slug\");\n  CREATE INDEX \"payload_jobs_queue_idx\" ON \"payload_jobs\" USING btree (\"queue\");\n  CREATE INDEX \"payload_jobs_wait_until_idx\" ON \"payload_jobs\" USING btree (\"wait_until\");\n  CREATE INDEX \"payload_jobs_processing_idx\" ON \"payload_jobs\" USING btree (\"processing\");\n  CREATE INDEX \"payload_jobs_updated_at_idx\" ON \"payload_jobs\" USING btree (\"updated_at\");\n  CREATE INDEX \"payload_jobs_created_at_idx\" ON \"payload_jobs\" USING btree (\"created_at\");\n  CREATE INDEX \"payload_folders_folder_type_order_idx\" ON \"payload_folders_folder_type\" USING btree (\"order\");\n  CREATE INDEX \"payload_folders_folder_type_parent_idx\" ON \"payload_folders_folder_type\" USING btree (\"parent_id\");\n  CREATE INDEX \"payload_folders_name_idx\" ON \"payload_folders\" USING btree (\"name\");\n  CREATE INDEX \"payload_folders_folder_idx\" ON \"payload_folders\" USING btree (\"folder_id\");\n  CREATE INDEX \"payload_folders_updated_at_idx\" ON \"payload_folders\" USING btree (\"updated_at\");\n  CREATE INDEX \"payload_folders_created_at_idx\" ON \"payload_folders\" USING btree (\"created_at\");\n  CREATE INDEX \"payload_locked_documents_global_slug_idx\" ON \"payload_locked_documents\" USING btree (\"global_slug\");\n  CREATE INDEX \"payload_locked_documents_updated_at_idx\" ON \"payload_locked_documents\" USING btree (\"updated_at\");\n  CREATE INDEX \"payload_locked_documents_created_at_idx\" ON \"payload_locked_documents\" USING btree (\"created_at\");\n  CREATE INDEX \"payload_locked_documents_rels_order_idx\" ON \"payload_locked_documents_rels\" USING btree (\"order\");\n  CREATE INDEX \"payload_locked_documents_rels_parent_idx\" ON \"payload_locked_documents_rels\" USING btree (\"parent_id\");\n  CREATE INDEX \"payload_locked_documents_rels_path_idx\" ON \"payload_locked_documents_rels\" USING btree (\"path\");\n  CREATE INDEX \"payload_locked_documents_rels_pages_id_idx\" ON \"payload_locked_documents_rels\" USING btree (\"pages_id\");\n  CREATE INDEX \"payload_locked_documents_rels_posts_id_idx\" ON \"payload_locked_documents_rels\" USING btree (\"posts_id\");\n  CREATE INDEX \"payload_locked_documents_rels_media_id_idx\" ON \"payload_locked_documents_rels\" USING btree (\"media_id\");\n  CREATE INDEX \"payload_locked_documents_rels_categories_id_idx\" ON \"payload_locked_documents_rels\" USING btree (\"categories_id\");\n  CREATE INDEX \"payload_locked_documents_rels_users_id_idx\" ON \"payload_locked_documents_rels\" USING btree (\"users_id\");\n  CREATE INDEX \"payload_locked_documents_rels_case_studies_id_idx\" ON \"payload_locked_documents_rels\" USING btree (\"case_studies_id\");\n  CREATE INDEX \"payload_locked_documents_rels_resources_id_idx\" ON \"payload_locked_documents_rels\" USING btree (\"resources_id\");\n  CREATE INDEX \"payload_locked_documents_rels_redirects_id_idx\" ON \"payload_locked_documents_rels\" USING btree (\"redirects_id\");\n  CREATE INDEX \"payload_locked_documents_rels_forms_id_idx\" ON \"payload_locked_documents_rels\" USING btree (\"forms_id\");\n  CREATE INDEX \"payload_locked_documents_rels_form_submissions_id_idx\" ON \"payload_locked_documents_rels\" USING btree (\"form_submissions_id\");\n  CREATE INDEX \"payload_locked_documents_rels_search_id_idx\" ON \"payload_locked_documents_rels\" USING btree (\"search_id\");\n  CREATE INDEX \"payload_locked_documents_rels_payload_folders_id_idx\" ON \"payload_locked_documents_rels\" USING btree (\"payload_folders_id\");\n  CREATE INDEX \"payload_preferences_key_idx\" ON \"payload_preferences\" USING btree (\"key\");\n  CREATE INDEX \"payload_preferences_updated_at_idx\" ON \"payload_preferences\" USING btree (\"updated_at\");\n  CREATE INDEX \"payload_preferences_created_at_idx\" ON \"payload_preferences\" USING btree (\"created_at\");\n  CREATE INDEX \"payload_preferences_rels_order_idx\" ON \"payload_preferences_rels\" USING btree (\"order\");\n  CREATE INDEX \"payload_preferences_rels_parent_idx\" ON \"payload_preferences_rels\" USING btree (\"parent_id\");\n  CREATE INDEX \"payload_preferences_rels_path_idx\" ON \"payload_preferences_rels\" USING btree (\"path\");\n  CREATE INDEX \"payload_preferences_rels_users_id_idx\" ON \"payload_preferences_rels\" USING btree (\"users_id\");\n  CREATE INDEX \"payload_migrations_updated_at_idx\" ON \"payload_migrations\" USING btree (\"updated_at\");\n  CREATE INDEX \"payload_migrations_created_at_idx\" ON \"payload_migrations\" USING btree (\"created_at\");\n  CREATE INDEX \"header_nav_items_order_idx\" ON \"header_nav_items\" USING btree (\"_order\");\n  CREATE INDEX \"header_nav_items_parent_id_idx\" ON \"header_nav_items\" USING btree (\"_parent_id\");\n  CREATE INDEX \"header_rels_order_idx\" ON \"header_rels\" USING btree (\"order\");\n  CREATE INDEX \"header_rels_parent_idx\" ON \"header_rels\" USING btree (\"parent_id\");\n  CREATE INDEX \"header_rels_path_idx\" ON \"header_rels\" USING btree (\"path\");\n  CREATE INDEX \"header_rels_pages_id_idx\" ON \"header_rels\" USING btree (\"pages_id\");\n  CREATE INDEX \"header_rels_posts_id_idx\" ON \"header_rels\" USING btree (\"posts_id\");\n  CREATE INDEX \"footer_nav_items_order_idx\" ON \"footer_nav_items\" USING btree (\"_order\");\n  CREATE INDEX \"footer_nav_items_parent_id_idx\" ON \"footer_nav_items\" USING btree (\"_parent_id\");\n  CREATE INDEX \"footer_rels_order_idx\" ON \"footer_rels\" USING btree (\"order\");\n  CREATE INDEX \"footer_rels_parent_idx\" ON \"footer_rels\" USING btree (\"parent_id\");\n  CREATE INDEX \"footer_rels_path_idx\" ON \"footer_rels\" USING btree (\"path\");\n  CREATE INDEX \"footer_rels_pages_id_idx\" ON \"footer_rels\" USING btree (\"pages_id\");\n  CREATE INDEX \"footer_rels_posts_id_idx\" ON \"footer_rels\" USING btree (\"posts_id\");\n  CREATE INDEX \"settings_logo_idx\" ON \"settings\" USING btree (\"logo_id\");\n  CREATE INDEX \"settings_favicon_idx\" ON \"settings\" USING btree (\"favicon_id\");\nparams: : type \"enum_pages_hero_links_link_type\" already exists",
      "stack":
          Error: Failed query: 
             CREATE TYPE "public"."enum_pages_hero_links_link_type" AS ENUM('reference', 'custom');
            CREATE TYPE "public"."enum_pages_hero_links_link_appearance" AS ENUM('default', 'outline');
            CREATE TYPE "public"."enum_pages_blocks_cta_links_link_type" AS ENUM('reference', 'custom');
            CREATE TYPE "public"."enum_pages_blocks_cta_links_link_appearance" AS ENUM('default', 'outline');
            CREATE TYPE "public"."enum_pages_blocks_content_columns_size" AS ENUM('oneThird', 'half', 'twoThirds', 'full');
            CREATE TYPE "public"."enum_pages_blocks_content_columns_link_type" AS ENUM('reference', 'custom');
            CREATE TYPE "public"."enum_pages_blocks_content_columns_link_appearance" AS ENUM('default', 'outline');
            CREATE TYPE "public"."enum_pages_blocks_archive_populate_by" AS ENUM('collection', 'selection');
            CREATE TYPE "public"."enum_pages_blocks_archive_relation_to" AS ENUM('posts');
            CREATE TYPE "public"."enum_pages_hero_type" AS ENUM('none', 'highImpact', 'mediumImpact', 'lowImpact');
            CREATE TYPE "public"."enum_pages_status" AS ENUM('draft', 'published');
            CREATE TYPE "public"."enum__pages_v_version_hero_links_link_type" AS ENUM('reference', 'custom');
            CREATE TYPE "public"."enum__pages_v_version_hero_links_link_appearance" AS ENUM('default', 'outline');
            CREATE TYPE "public"."enum__pages_v_blocks_cta_links_link_type" AS ENUM('reference', 'custom');
            CREATE TYPE "public"."enum__pages_v_blocks_cta_links_link_appearance" AS ENUM('default', 'outline');
            CREATE TYPE "public"."enum__pages_v_blocks_content_columns_size" AS ENUM('oneThird', 'half', 'twoThirds', 'full');
            CREATE TYPE "public"."enum__pages_v_blocks_content_columns_link_type" AS ENUM('reference', 'custom');
            CREATE TYPE "public"."enum__pages_v_blocks_content_columns_link_appearance" AS ENUM('default', 'outline');
            CREATE TYPE "public"."enum__pages_v_blocks_archive_populate_by" AS ENUM('collection', 'selection');
            CREATE TYPE "public"."enum__pages_v_blocks_archive_relation_to" AS ENUM('posts');
            CREATE TYPE "public"."enum__pages_v_version_hero_type" AS ENUM('none', 'highImpact', 'mediumImpact', 'lowImpact');
            CREATE TYPE "public"."enum__pages_v_version_status" AS ENUM('draft', 'published');
            CREATE TYPE "public"."enum_posts_status" AS ENUM('draft', 'published');
            CREATE TYPE "public"."enum__posts_v_version_status" AS ENUM('draft', 'published');
            CREATE TYPE "public"."enum_case_studies_metrics_icon" AS ENUM('trend-up', 'clock', 'target', 'trophy', 'chart');
            CREATE TYPE "public"."enum_case_studies_year_in_school" AS ENUM('freshman', 'sophomore', 'junior', 'senior', 'graduate');
            CREATE TYPE "public"."enum_case_studies_status" AS ENUM('draft', 'published');
            CREATE TYPE "public"."enum__case_studies_v_version_metrics_icon" AS ENUM('trend-up', 'clock', 'target', 'trophy', 'chart');
            CREATE TYPE "public"."enum__case_studies_v_version_year_in_school" AS ENUM('freshman', 'sophomore', 'junior', 'senior', 'graduate');
            CREATE TYPE "public"."enum__case_studies_v_version_status" AS ENUM('draft', 'published');
            CREATE TYPE "public"."enum_resources_type" AS ENUM('study-guide', 'template', 'cheat-sheet', 'video', 'podcast', 'webinar', 'ebook');
            CREATE TYPE "public"."enum_resources_difficulty" AS ENUM('beginner', 'intermediate', 'advanced');
            CREATE TYPE "public"."enum_resources_status" AS ENUM('draft', 'published');
            CREATE TYPE "public"."enum__resources_v_version_type" AS ENUM('study-guide', 'template', 'cheat-sheet', 'video', 'podcast', 'webinar', 'ebook');
            CREATE TYPE "public"."enum__resources_v_version_difficulty" AS ENUM('beginner', 'intermediate', 'advanced');
            CREATE TYPE "public"."enum__resources_v_version_status" AS ENUM('draft', 'published');
            CREATE TYPE "public"."enum_redirects_to_type" AS ENUM('reference', 'custom');
            CREATE TYPE "public"."enum_forms_confirmation_type" AS ENUM('message', 'redirect');
            CREATE TYPE "public"."enum_payload_jobs_log_task_slug" AS ENUM('inline', 'schedulePublish');
            CREATE TYPE "public"."enum_payload_jobs_log_state" AS ENUM('failed', 'succeeded');
            CREATE TYPE "public"."enum_payload_jobs_task_slug" AS ENUM('inline', 'schedulePublish');
            CREATE TYPE "public"."enum_payload_folders_folder_type" AS ENUM('media');
            CREATE TYPE "public"."enum_header_nav_items_link_type" AS ENUM('reference', 'custom');
            CREATE TYPE "public"."enum_footer_nav_items_link_type" AS ENUM('reference', 'custom');
            CREATE TYPE "public"."enum_settings_announcement_bar_background_color" AS ENUM('blue', 'green', 'orange', 'red', 'purple');
            CREATE TABLE "pages_hero_links" (
            	"_order" integer NOT NULL,
            	"_parent_id" integer NOT NULL,
            	"id" varchar PRIMARY KEY NOT NULL,
            	"link_type" "enum_pages_hero_links_link_type" DEFAULT 'reference',
            	"link_new_tab" boolean,
            	"link_url" varchar,
            	"link_label" varchar,
            	"link_appearance" "enum_pages_hero_links_link_appearance" DEFAULT 'default'
            );
            
            CREATE TABLE "pages_blocks_cta_links" (
            	"_order" integer NOT NULL,
            	"_parent_id" varchar NOT NULL,
            	"id" varchar PRIMARY KEY NOT NULL,
            	"link_type" "enum_pages_blocks_cta_links_link_type" DEFAULT 'reference',
            	"link_new_tab" boolean,
            	"link_url" varchar,
            	"link_label" varchar,
            	"link_appearance" "enum_pages_blocks_cta_links_link_appearance" DEFAULT 'default'
            );
            
            CREATE TABLE "pages_blocks_cta" (
            	"_order" integer NOT NULL,
            	"_parent_id" integer NOT NULL,
            	"_path" text NOT NULL,
            	"id" varchar PRIMARY KEY NOT NULL,
            	"rich_text" jsonb,
            	"block_name" varchar
            );
            
            CREATE TABLE "pages_blocks_content_columns" (
            	"_order" integer NOT NULL,
            	"_parent_id" varchar NOT NULL,
            	"id" varchar PRIMARY KEY NOT NULL,
            	"size" "enum_pages_blocks_content_columns_size" DEFAULT 'oneThird',
            	"rich_text" jsonb,
            	"enable_link" boolean,
            	"link_type" "enum_pages_blocks_content_columns_link_type" DEFAULT 'reference',
            	"link_new_tab" boolean,
            	"link_url" varchar,
            	"link_label" varchar,
            	"link_appearance" "enum_pages_blocks_content_columns_link_appearance" DEFAULT 'default'
            );
            
            CREATE TABLE "pages_blocks_content" (
            	"_order" integer NOT NULL,
            	"_parent_id" integer NOT NULL,
            	"_path" text NOT NULL,
            	"id" varchar PRIMARY KEY NOT NULL,
            	"block_name" varchar
            );
            
            CREATE TABLE "pages_blocks_media_block" (
            	"_order" integer NOT NULL,
            	"_parent_id" integer NOT NULL,
            	"_path" text NOT NULL,
            	"id" varchar PRIMARY KEY NOT NULL,
            	"media_id" integer,
            	"block_name" varchar
            );
            
            CREATE TABLE "pages_blocks_archive" (
            	"_order" integer NOT NULL,
            	"_parent_id" integer NOT NULL,
            	"_path" text NOT NULL,
            	"id" varchar PRIMARY KEY NOT NULL,
            	"intro_content" jsonb,
            	"populate_by" "enum_pages_blocks_archive_populate_by" DEFAULT 'collection',
            	"relation_to" "enum_pages_blocks_archive_relation_to" DEFAULT 'posts',
            	"limit" numeric DEFAULT 10,
            	"block_name" varchar
            );
            
            CREATE TABLE "pages_blocks_form_block" (
            	"_order" integer NOT NULL,
            	"_parent_id" integer NOT NULL,
            	"_path" text NOT NULL,
            	"id" varchar PRIMARY KEY NOT NULL,
            	"form_id" integer,
            	"enable_intro" boolean,
            	"intro_content" jsonb,
            	"block_name" varchar
            );
            
            CREATE TABLE "pages" (
            	"id" serial PRIMARY KEY NOT NULL,
            	"title" varchar,
            	"hero_type" "enum_pages_hero_type" DEFAULT 'lowImpact',
            	"hero_rich_text" jsonb,
            	"hero_media_id" integer,
            	"meta_title" varchar,
            	"meta_image_id" integer,
            	"meta_description" varchar,
            	"published_at" timestamp(3) with time zone,
            	"generate_slug" boolean DEFAULT true,
            	"slug" varchar,
            	"updated_at" timestamp(3) with time zone DEFAULT now() NOT NULL,
            	"created_at" timestamp(3) with time zone DEFAULT now() NOT NULL,
            	"_status" "enum_pages_status" DEFAULT 'draft'
            );
            
            CREATE TABLE "pages_rels" (
            	"id" serial PRIMARY KEY NOT NULL,
            	"order" integer,
            	"parent_id" integer NOT NULL,
            	"path" varchar NOT NULL,
            	"pages_id" integer,
            	"posts_id" integer,
            	"categories_id" integer
            );
            
            CREATE TABLE "_pages_v_version_hero_links" (
            	"_order" integer NOT NULL,
            	"_parent_id" integer NOT NULL,
            	"id" serial PRIMARY KEY NOT NULL,
            	"link_type" "enum__pages_v_version_hero_links_link_type" DEFAULT 'reference',
            	"link_new_tab" boolean,
            	"link_url" varchar,
            	"link_label" varchar,
            	"link_appearance" "enum__pages_v_version_hero_links_link_appearance" DEFAULT 'default',
            	"_uuid" varchar
            );
            
            CREATE TABLE "_pages_v_blocks_cta_links" (
            	"_order" integer NOT NULL,
            	"_parent_id" integer NOT NULL,
            	"id" serial PRIMARY KEY NOT NULL,
            	"link_type" "enum__pages_v_blocks_cta_links_link_type" DEFAULT 'reference',
            	"link_new_tab" boolean,
            	"link_url" varchar,
            	"link_label" varchar,
            	"link_appearance" "enum__pages_v_blocks_cta_links_link_appearance" DEFAULT 'default',
            	"_uuid" varchar
            );
            
            CREATE TABLE "_pages_v_blocks_cta" (
            	"_order" integer NOT NULL,
            	"_parent_id" integer NOT NULL,
            	"_path" text NOT NULL,
            	"id" serial PRIMARY KEY NOT NULL,
            	"rich_text" jsonb,
            	"_uuid" varchar,
            	"block_name" varchar
            );
            
            CREATE TABLE "_pages_v_blocks_content_columns" (
            	"_order" integer NOT NULL,
            	"_parent_id" integer NOT NULL,
            	"id" serial PRIMARY KEY NOT NULL,
            	"size" "enum__pages_v_blocks_content_columns_size" DEFAULT 'oneThird',
            	"rich_text" jsonb,
            	"enable_link" boolean,
            	"link_type" "enum__pages_v_blocks_content_columns_link_type" DEFAULT 'reference',
            	"link_new_tab" boolean,
            	"link_url" varchar,
            	"link_label" varchar,
            	"link_appearance" "enum__pages_v_blocks_content_columns_link_appearance" DEFAULT 'default',
            	"_uuid" varchar
            );
            
            CREATE TABLE "_pages_v_blocks_content" (
            	"_order" integer NOT NULL,
            	"_parent_id" integer NOT NULL,
            	"_path" text NOT NULL,
            	"id" serial PRIMARY KEY NOT NULL,
            	"_uuid" varchar,
            	"block_name" varchar
            );
            
            CREATE TABLE "_pages_v_blocks_media_block" (
            	"_order" integer NOT NULL,
            	"_parent_id" integer NOT NULL,
            	"_path" text NOT NULL,
            	"id" serial PRIMARY KEY NOT NULL,
            	"media_id" integer,
            	"_uuid" varchar,
            	"block_name" varchar
            );
            
            CREATE TABLE "_pages_v_blocks_archive" (
            	"_order" integer NOT NULL,
            	"_parent_id" integer NOT NULL,
            	"_path" text NOT NULL,
            	"id" serial PRIMARY KEY NOT NULL,
            	"intro_content" jsonb,
            	"populate_by" "enum__pages_v_blocks_archive_populate_by" DEFAULT 'collection',
            	"relation_to" "enum__pages_v_blocks_archive_relation_to" DEFAULT 'posts',
            	"limit" numeric DEFAULT 10,
            	"_uuid" varchar,
            	"block_name" varchar
            );
            
            CREATE TABLE "_pages_v_blocks_form_block" (
            	"_order" integer NOT NULL,
            	"_parent_id" integer NOT NULL,
            	"_path" text NOT NULL,
            	"id" serial PRIMARY KEY NOT NULL,
            	"form_id" integer,
            	"enable_intro" boolean,
            	"intro_content" jsonb,
            	"_uuid" varchar,
            	"block_name" varchar
            );
            
            CREATE TABLE "_pages_v" (
            	"id" serial PRIMARY KEY NOT NULL,
            	"parent_id" integer,
            	"version_title" varchar,
            	"version_hero_type" "enum__pages_v_version_hero_type" DEFAULT 'lowImpact',
            	"version_hero_rich_text" jsonb,
            	"version_hero_media_id" integer,
            	"version_meta_title" varchar,
            	"version_meta_image_id" integer,
            	"version_meta_description" varchar,
            	"version_published_at" timestamp(3) with time zone,
            	"version_generate_slug" boolean DEFAULT true,
            	"version_slug" varchar,
            	"version_updated_at" timestamp(3) with time zone,
            	"version_created_at" timestamp(3) with time zone,
            	"version__status" "enum__pages_v_version_status" DEFAULT 'draft',
            	"created_at" timestamp(3) with time zone DEFAULT now() NOT NULL,
            	"updated_at" timestamp(3) with time zone DEFAULT now() NOT NULL,
            	"latest" boolean,
            	"autosave" boolean
            );
            
            CREATE TABLE "_pages_v_rels" (
            	"id" serial PRIMARY KEY NOT NULL,
            	"order" integer,
            	"parent_id" integer NOT NULL,
            	"path" varchar NOT NULL,
            	"pages_id" integer,
            	"posts_id" integer,
            	"categories_id" integer
            );
            
            CREATE TABLE "posts_populated_authors" (
            	"_order" integer NOT NULL,
            	"_parent_id" integer NOT NULL,
            	"id" varchar PRIMARY KEY NOT NULL,
            	"name" varchar
            );
            
            CREATE TABLE "posts" (
            	"id" serial PRIMARY KEY NOT NULL,
            	"title" varchar,
            	"hero_image_id" integer,
            	"content" jsonb,
            	"meta_title" varchar,
            	"meta_image_id" integer,
            	"meta_description" varchar,
            	"published_at" timestamp(3) with time zone,
            	"generate_slug" boolean DEFAULT true,
            	"slug" varchar,
            	"updated_at" timestamp(3) with time zone DEFAULT now() NOT NULL,
            	"created_at" timestamp(3) with time zone DEFAULT now() NOT NULL,
            	"_status" "enum_posts_status" DEFAULT 'draft'
            );
            
            CREATE TABLE "posts_rels" (
            	"id" serial PRIMARY KEY NOT NULL,
            	"order" integer,
            	"parent_id" integer NOT NULL,
            	"path" varchar NOT NULL,
            	"posts_id" integer,
            	"categories_id" integer,
            	"users_id" integer
            );
            
            CREATE TABLE "_posts_v_version_populated_authors" (
            	"_order" integer NOT NULL,
            	"_parent_id" integer NOT NULL,
            	"id" serial PRIMARY KEY NOT NULL,
            	"_uuid" varchar,
            	"name" varchar
            );
            
            CREATE TABLE "_posts_v" (
            	"id" serial PRIMARY KEY NOT NULL,
            	"parent_id" integer,
            	"version_title" varchar,
            	"version_hero_image_id" integer,
            	"version_content" jsonb,
            	"version_meta_title" varchar,
            	"version_meta_image_id" integer,
            	"version_meta_description" varchar,
            	"version_published_at" timestamp(3) with time zone,
            	"version_generate_slug" boolean DEFAULT true,
            	"version_slug" varchar,
            	"version_updated_at" timestamp(3) with time zone,
            	"version_created_at" timestamp(3) with time zone,
            	"version__status" "enum__posts_v_version_status" DEFAULT 'draft',
            	"created_at" timestamp(3) with time zone DEFAULT now() NOT NULL,
            	"updated_at" timestamp(3) with time zone DEFAULT now() NOT NULL,
            	"latest" boolean,
            	"autosave" boolean
            );
            
            CREATE TABLE "_posts_v_rels" (
            	"id" serial PRIMARY KEY NOT NULL,
            	"order" integer,
            	"parent_id" integer NOT NULL,
            	"path" varchar NOT NULL,
            	"posts_id" integer,
            	"categories_id" integer,
            	"users_id" integer
            );
            
            CREATE TABLE "media" (
            	"id" serial PRIMARY KEY NOT NULL,
            	"alt" varchar,
            	"caption" jsonb,
            	"folder_id" integer,
            	"updated_at" timestamp(3) with time zone DEFAULT now() NOT NULL,
            	"created_at" timestamp(3) with time zone DEFAULT now() NOT NULL,
            	"url" varchar,
            	"thumbnail_u_r_l" varchar,
            	"filename" varchar,
            	"mime_type" varchar,
            	"filesize" numeric,
            	"width" numeric,
            	"height" numeric,
            	"focal_x" numeric,
            	"focal_y" numeric,
            	"sizes_thumbnail_url" varchar,
            	"sizes_thumbnail_width" numeric,
            	"sizes_thumbnail_height" numeric,
            	"sizes_thumbnail_mime_type" varchar,
            	"sizes_thumbnail_filesize" numeric,
            	"sizes_thumbnail_filename" varchar,
            	"sizes_square_url" varchar,
            	"sizes_square_width" numeric,
            	"sizes_square_height" numeric,
            	"sizes_square_mime_type" varchar,
            	"sizes_square_filesize" numeric,
            	"sizes_square_filename" varchar,
            	"sizes_small_url" varchar,
            	"sizes_small_width" numeric,
            	"sizes_small_height" numeric,
            	"sizes_small_mime_type" varchar,
            	"sizes_small_filesize" numeric,
            	"sizes_small_filename" varchar,
            	"sizes_medium_url" varchar,
            	"sizes_medium_width" numeric,
            	"sizes_medium_height" numeric,
            	"sizes_medium_mime_type" varchar,
            	"sizes_medium_filesize" numeric,
            	"sizes_medium_filename" varchar,
            	"sizes_large_url" varchar,
            	"sizes_large_width" numeric,
            	"sizes_large_height" numeric,
            	"sizes_large_mime_type" varchar,
            	"sizes_large_filesize" numeric,
            	"sizes_large_filename" varchar,
            	"sizes_xlarge_url" varchar,
            	"sizes_xlarge_width" numeric,
            	"sizes_xlarge_height" numeric,
            	"sizes_xlarge_mime_type" varchar,
            	"sizes_xlarge_filesize" numeric,
            	"sizes_xlarge_filename" varchar,
            	"sizes_og_url" varchar,
            	"sizes_og_width" numeric,
            	"sizes_og_height" numeric,
            	"sizes_og_mime_type" varchar,
            	"sizes_og_filesize" numeric,
            	"sizes_og_filename" varchar
            );
            
            CREATE TABLE "categories_breadcrumbs" (
            	"_order" integer NOT NULL,
            	"_parent_id" integer NOT NULL,
            	"id" varchar PRIMARY KEY NOT NULL,
            	"doc_id" integer,
            	"url" varchar,
            	"label" varchar
            );
            
            CREATE TABLE "categories" (
            	"id" serial PRIMARY KEY NOT NULL,
            	"title" varchar NOT NULL,
            	"generate_slug" boolean DEFAULT true,
            	"slug" varchar NOT NULL,
            	"parent_id" integer,
            	"updated_at" timestamp(3) with time zone DEFAULT now() NOT NULL,
            	"created_at" timestamp(3) with time zone DEFAULT now() NOT NULL
            );
            
            CREATE TABLE "users_sessions" (
            	"_order" integer NOT NULL,
            	"_parent_id" integer NOT NULL,
            	"id" varchar PRIMARY KEY NOT NULL,
            	"created_at" timestamp(3) with time zone,
            	"expires_at" timestamp(3) with time zone NOT NULL
            );
            
            CREATE TABLE "users" (
            	"id" serial PRIMARY KEY NOT NULL,
            	"name" varchar,
            	"updated_at" timestamp(3) with time zone DEFAULT now() NOT NULL,
            	"created_at" timestamp(3) with time zone DEFAULT now() NOT NULL,
            	"email" varchar NOT NULL,
            	"reset_password_token" varchar,
            	"reset_password_expiration" timestamp(3) with time zone,
            	"salt" varchar,
            	"hash" varchar,
            	"login_attempts" numeric DEFAULT 0,
            	"lock_until" timestamp(3) with time zone
            );
            
            CREATE TABLE "case_studies_metrics" (
            	"_order" integer NOT NULL,
            	"_parent_id" integer NOT NULL,
            	"id" varchar PRIMARY KEY NOT NULL,
            	"label" varchar,
            	"value" varchar,
            	"icon" "enum_case_studies_metrics_icon"
            );
            
            CREATE TABLE "case_studies" (
            	"id" serial PRIMARY KEY NOT NULL,
            	"student_name" varchar,
            	"student_photo_id" integer,
            	"institution" varchar,
            	"major" varchar,
            	"year_in_school" "enum_case_studies_year_in_school",
            	"gpa" numeric,
            	"challenge" varchar,
            	"solution" varchar,
            	"outcome" varchar,
            	"testimonial" varchar,
            	"before_after_before_id" integer,
            	"before_after_after_id" integer,
            	"video_testimonial" varchar,
            	"meta_title" varchar,
            	"meta_image_id" integer,
            	"meta_description" varchar,
            	"generate_slug" boolean DEFAULT true,
            	"slug" varchar,
            	"published_at" timestamp(3) with time zone,
            	"featured" boolean DEFAULT false,
            	"updated_at" timestamp(3) with time zone DEFAULT now() NOT NULL,
            	"created_at" timestamp(3) with time zone DEFAULT now() NOT NULL,
            	"_status" "enum_case_studies_status" DEFAULT 'draft'
            );
            
            CREATE TABLE "_case_studies_v_version_metrics" (
            	"_order" integer NOT NULL,
            	"_parent_id" integer NOT NULL,
            	"id" serial PRIMARY KEY NOT NULL,
            	"label" varchar,
            	"value" varchar,
            	"icon" "enum__case_studies_v_version_metrics_icon",
            	"_uuid" varchar
            );
            
            CREATE TABLE "_case_studies_v" (
            	"id" serial PRIMARY KEY NOT NULL,
            	"parent_id" integer,
            	"version_student_name" varchar,
            	"version_student_photo_id" integer,
            	"version_institution" varchar,
            	"version_major" varchar,
            	"version_year_in_school" "enum__case_studies_v_version_year_in_school",
            	"version_gpa" numeric,
            	"version_challenge" varchar,
            	"version_solution" varchar,
            	"version_outcome" varchar,
            	"version_testimonial" varchar,
            	"version_before_after_before_id" integer,
            	"version_before_after_after_id" integer,
            	"version_video_testimonial" varchar,
            	"version_meta_title" varchar,
            	"version_meta_image_id" integer,
            	"version_meta_description" varchar,
            	"version_generate_slug" boolean DEFAULT true,
            	"version_slug" varchar,
            	"version_published_at" timestamp(3) with time zone,
            	"version_featured" boolean DEFAULT false,
            	"version_updated_at" timestamp(3) with time zone,
            	"version_created_at" timestamp(3) with time zone,
            	"version__status" "enum__case_studies_v_version_status" DEFAULT 'draft',
            	"created_at" timestamp(3) with time zone DEFAULT now() NOT NULL,
            	"updated_at" timestamp(3) with time zone DEFAULT now() NOT NULL,
            	"latest" boolean,
            	"autosave" boolean
            );
            
            CREATE TABLE "resources" (
            	"id" serial PRIMARY KEY NOT NULL,
            	"title" varchar,
            	"type" "enum_resources_type",
            	"description" varchar,
            	"thumbnail_id" integer,
            	"download_file_id" integer,
            	"external_url" varchar,
            	"difficulty" "enum_resources_difficulty",
            	"duration" numeric,
            	"meta_title" varchar,
            	"meta_image_id" integer,
            	"meta_description" varchar,
            	"generate_slug" boolean DEFAULT true,
            	"slug" varchar,
            	"published_at" timestamp(3) with time zone,
            	"featured" boolean DEFAULT false,
            	"download_count" numeric DEFAULT 0,
            	"updated_at" timestamp(3) with time zone DEFAULT now() NOT NULL,
            	"created_at" timestamp(3) with time zone DEFAULT now() NOT NULL,
            	"_status" "enum_resources_status" DEFAULT 'draft'
            );
            
            CREATE TABLE "resources_rels" (
            	"id" serial PRIMARY KEY NOT NULL,
            	"order" integer,
            	"parent_id" integer NOT NULL,
            	"path" varchar NOT NULL,
            	"categories_id" integer
            );
            
            CREATE TABLE "_resources_v" (
            	"id" serial PRIMARY KEY NOT NULL,
            	"parent_id" integer,
            	"version_title" varchar,
            	"version_type" "enum__resources_v_version_type",
            	"version_description" varchar,
            	"version_thumbnail_id" integer,
            	"version_download_file_id" integer,
            	"version_external_url" varchar,
            	"version_difficulty" "enum__resources_v_version_difficulty",
            	"version_duration" numeric,
            	"version_meta_title" varchar,
            	"version_meta_image_id" integer,
            	"version_meta_description" varchar,
            	"version_generate_slug" boolean DEFAULT true,
            	"version_slug" varchar,
            	"version_published_at" timestamp(3) with time zone,
            	"version_featured" boolean DEFAULT false,
            	"version_download_count" numeric DEFAULT 0,
            	"version_updated_at" timestamp(3) with time zone,
            	"version_created_at" timestamp(3) with time zone,
            	"version__status" "enum__resources_v_version_status" DEFAULT 'draft',
            	"created_at" timestamp(3) with time zone DEFAULT now() NOT NULL,
            	"updated_at" timestamp(3) with time zone DEFAULT now() NOT NULL,
            	"latest" boolean,
            	"autosave" boolean
            );
            
            CREATE TABLE "_resources_v_rels" (
            	"id" serial PRIMARY KEY NOT NULL,
            	"order" integer,
            	"parent_id" integer NOT NULL,
            	"path" varchar NOT NULL,
            	"categories_id" integer
            );
            
            CREATE TABLE "redirects" (
            	"id" serial PRIMARY KEY NOT NULL,
            	"from" varchar NOT NULL,
            	"to_type" "enum_redirects_to_type" DEFAULT 'reference',
            	"to_url" varchar,
            	"updated_at" timestamp(3) with time zone DEFAULT now() NOT NULL,
            	"created_at" timestamp(3) with time zone DEFAULT now() NOT NULL
            );
            
            CREATE TABLE "redirects_rels" (
            	"id" serial PRIMARY KEY NOT NULL,
            	"order" integer,
            	"parent_id" integer NOT NULL,
            	"path" varchar NOT NULL,
            	"pages_id" integer,
            	"posts_id" integer
            );
            
            CREATE TABLE "forms_blocks_checkbox" (
            	"_order" integer NOT NULL,
            	"_parent_id" integer NOT NULL,
            	"_path" text NOT NULL,
            	"id" varchar PRIMARY KEY NOT NULL,
            	"name" varchar NOT NULL,
            	"label" varchar,
            	"width" numeric,
            	"required" boolean,
            	"default_value" boolean,
            	"block_name" varchar
            );
            
            CREATE TABLE "forms_blocks_country" (
            	"_order" integer NOT NULL,
            	"_parent_id" integer NOT NULL,
            	"_path" text NOT NULL,
            	"id" varchar PRIMARY KEY NOT NULL,
            	"name" varchar NOT NULL,
            	"label" varchar,
            	"width" numeric,
            	"required" boolean,
            	"block_name" varchar
            );
            
            CREATE TABLE "forms_blocks_email" (
            	"_order" integer NOT NULL,
            	"_parent_id" integer NOT NULL,
            	"_path" text NOT NULL,
            	"id" varchar PRIMARY KEY NOT NULL,
            	"name" varchar NOT NULL,
            	"label" varchar,
            	"width" numeric,
            	"required" boolean,
            	"block_name" varchar
            );
            
            CREATE TABLE "forms_blocks_message" (
            	"_order" integer NOT NULL,
            	"_parent_id" integer NOT NULL,
            	"_path" text NOT NULL,
            	"id" varchar PRIMARY KEY NOT NULL,
            	"message" jsonb,
            	"block_name" varchar
            );
            
            CREATE TABLE "forms_blocks_number" (
            	"_order" integer NOT NULL,
            	"_parent_id" integer NOT NULL,
            	"_path" text NOT NULL,
            	"id" varchar PRIMARY KEY NOT NULL,
            	"name" varchar NOT NULL,
            	"label" varchar,
            	"width" numeric,
            	"default_value" numeric,
            	"required" boolean,
            	"block_name" varchar
            );
            
            CREATE TABLE "forms_blocks_select_options" (
            	"_order" integer NOT NULL,
            	"_parent_id" varchar NOT NULL,
            	"id" varchar PRIMARY KEY NOT NULL,
            	"label" varchar NOT NULL,
            	"value" varchar NOT NULL
            );
            
            CREATE TABLE "forms_blocks_select" (
            	"_order" integer NOT NULL,
            	"_parent_id" integer NOT NULL,
            	"_path" text NOT NULL,
            	"id" varchar PRIMARY KEY NOT NULL,
            	"name" varchar NOT NULL,
            	"label" varchar,
            	"width" numeric,
            	"default_value" varchar,
            	"placeholder" varchar,
            	"required" boolean,
            	"block_name" varchar
            );
            
            CREATE TABLE "forms_blocks_state" (
            	"_order" integer NOT NULL,
            	"_parent_id" integer NOT NULL,
            	"_path" text NOT NULL,
            	"id" varchar PRIMARY KEY NOT NULL,
            	"name" varchar NOT NULL,
            	"label" varchar,
            	"width" numeric,
            	"required" boolean,
            	"block_name" varchar
            );
            
            CREATE TABLE "forms_blocks_text" (
            	"_order" integer NOT NULL,
            	"_parent_id" integer NOT NULL,
            	"_path" text NOT NULL,
            	"id" varchar PRIMARY KEY NOT NULL,
            	"name" varchar NOT NULL,
            	"label" varchar,
            	"width" numeric,
            	"default_value" varchar,
            	"required" boolean,
            	"block_name" varchar
            );
            
            CREATE TABLE "forms_blocks_textarea" (
            	"_order" integer NOT NULL,
            	"_parent_id" integer NOT NULL,
            	"_path" text NOT NULL,
            	"id" varchar PRIMARY KEY NOT NULL,
            	"name" varchar NOT NULL,
            	"label" varchar,
            	"width" numeric,
            	"default_value" varchar,
            	"required" boolean,
            	"block_name" varchar
            );
            
            CREATE TABLE "forms_emails" (
            	"_order" integer NOT NULL,
            	"_parent_id" integer NOT NULL,
            	"id" varchar PRIMARY KEY NOT NULL,
            	"email_to" varchar,
            	"cc" varchar,
            	"bcc" varchar,
            	"reply_to" varchar,
            	"email_from" varchar,
            	"subject" varchar DEFAULT 'You''ve received a new message.' NOT NULL,
            	"message" jsonb
            );
            
            CREATE TABLE "forms" (
            	"id" serial PRIMARY KEY NOT NULL,
            	"title" varchar NOT NULL,
            	"submit_button_label" varchar,
            	"confirmation_type" "enum_forms_confirmation_type" DEFAULT 'message',
            	"confirmation_message" jsonb,
            	"redirect_url" varchar,
            	"updated_at" timestamp(3) with time zone DEFAULT now() NOT NULL,
            	"created_at" timestamp(3) with time zone DEFAULT now() NOT NULL
            );
            
            CREATE TABLE "form_submissions_submission_data" (
            	"_order" integer NOT NULL,
            	"_parent_id" integer NOT NULL,
            	"id" varchar PRIMARY KEY NOT NULL,
            	"field" varchar NOT NULL,
            	"value" varchar NOT NULL
            );
            
            CREATE TABLE "form_submissions" (
            	"id" serial PRIMARY KEY NOT NULL,
            	"form_id" integer NOT NULL,
            	"updated_at" timestamp(3) with time zone DEFAULT now() NOT NULL,
            	"created_at" timestamp(3) with time zone DEFAULT now() NOT NULL
            );
            
            CREATE TABLE "search_categories" (
            	"_order" integer NOT NULL,
            	"_parent_id" integer NOT NULL,
            	"id" varchar PRIMARY KEY NOT NULL,
            	"relation_to" varchar,
            	"category_i_d" varchar,
            	"title" varchar
            );
            
            CREATE TABLE "search" (
            	"id" serial PRIMARY KEY NOT NULL,
            	"title" varchar,
            	"priority" numeric,
            	"slug" varchar,
            	"meta_title" varchar,
            	"meta_description" varchar,
            	"meta_image_id" integer,
            	"updated_at" timestamp(3) with time zone DEFAULT now() NOT NULL,
            	"created_at" timestamp(3) with time zone DEFAULT now() NOT NULL
            );
            
            CREATE TABLE "search_rels" (
            	"id" serial PRIMARY KEY NOT NULL,
            	"order" integer,
            	"parent_id" integer NOT NULL,
            	"path" varchar NOT NULL,
            	"posts_id" integer
            );
            
            CREATE TABLE "payload_kv" (
            	"id" serial PRIMARY KEY NOT NULL,
            	"key" varchar NOT NULL,
            	"data" jsonb NOT NULL
            );
            
            CREATE TABLE "payload_jobs_log" (
            	"_order" integer NOT NULL,
            	"_parent_id" integer NOT NULL,
            	"id" varchar PRIMARY KEY NOT NULL,
            	"executed_at" timestamp(3) with time zone NOT NULL,
            	"completed_at" timestamp(3) with time zone NOT NULL,
            	"task_slug" "enum_payload_jobs_log_task_slug" NOT NULL,
            	"task_i_d" varchar NOT NULL,
            	"input" jsonb,
            	"output" jsonb,
            	"state" "enum_payload_jobs_log_state" NOT NULL,
            	"error" jsonb
            );
            
            CREATE TABLE "payload_jobs" (
            	"id" serial PRIMARY KEY NOT NULL,
            	"input" jsonb,
            	"completed_at" timestamp(3) with time zone,
            	"total_tried" numeric DEFAULT 0,
            	"has_error" boolean DEFAULT false,
            	"error" jsonb,
            	"task_slug" "enum_payload_jobs_task_slug",
            	"queue" varchar DEFAULT 'default',
            	"wait_until" timestamp(3) with time zone,
            	"processing" boolean DEFAULT false,
            	"updated_at" timestamp(3) with time zone DEFAULT now() NOT NULL,
            	"created_at" timestamp(3) with time zone DEFAULT now() NOT NULL
            );
            
            CREATE TABLE "payload_folders_folder_type" (
            	"order" integer NOT NULL,
            	"parent_id" integer NOT NULL,
            	"value" "enum_payload_folders_folder_type",
            	"id" serial PRIMARY KEY NOT NULL
            );
            
            CREATE TABLE "payload_folders" (
            	"id" serial PRIMARY KEY NOT NULL,
            	"name" varchar NOT NULL,
            	"folder_id" integer,
            	"updated_at" timestamp(3) with time zone DEFAULT now() NOT NULL,
            	"created_at" timestamp(3) with time zone DEFAULT now() NOT NULL
            );
            
            CREATE TABLE "payload_locked_documents" (
            	"id" serial PRIMARY KEY NOT NULL,
            	"global_slug" varchar,
            	"updated_at" timestamp(3) with time zone DEFAULT now() NOT NULL,
            	"created_at" timestamp(3) with time zone DEFAULT now() NOT NULL
            );
            
            CREATE TABLE "payload_locked_documents_rels" (
            	"id" serial PRIMARY KEY NOT NULL,
            	"order" integer,
            	"parent_id" integer NOT NULL,
            	"path" varchar NOT NULL,
            	"pages_id" integer,
            	"posts_id" integer,
            	"media_id" integer,
            	"categories_id" integer,
            	"users_id" integer,
            	"case_studies_id" integer,
            	"resources_id" integer,
            	"redirects_id" integer,
            	"forms_id" integer,
            	"form_submissions_id" integer,
            	"search_id" integer,
            	"payload_folders_id" integer
            );
            
            CREATE TABLE "payload_preferences" (
            	"id" serial PRIMARY KEY NOT NULL,
            	"key" varchar,
            	"value" jsonb,
            	"updated_at" timestamp(3) with time zone DEFAULT now() NOT NULL,
            	"created_at" timestamp(3) with time zone DEFAULT now() NOT NULL
            );
            
            CREATE TABLE "payload_preferences_rels" (
            	"id" serial PRIMARY KEY NOT NULL,
            	"order" integer,
            	"parent_id" integer NOT NULL,
            	"path" varchar NOT NULL,
            	"users_id" integer
            );
            
            CREATE TABLE "payload_migrations" (
            	"id" serial PRIMARY KEY NOT NULL,
            	"name" varchar,
            	"batch" numeric,
            	"updated_at" timestamp(3) with time zone DEFAULT now() NOT NULL,
            	"created_at" timestamp(3) with time zone DEFAULT now() NOT NULL
            );
            
            CREATE TABLE "header_nav_items" (
            	"_order" integer NOT NULL,
            	"_parent_id" integer NOT NULL,
            	"id" varchar PRIMARY KEY NOT NULL,
            	"link_type" "enum_header_nav_items_link_type" DEFAULT 'reference',
            	"link_new_tab" boolean,
            	"link_url" varchar,
            	"link_label" varchar NOT NULL
            );
            
            CREATE TABLE "header" (
            	"id" serial PRIMARY KEY NOT NULL,
            	"updated_at" timestamp(3) with time zone,
            	"created_at" timestamp(3) with time zone
            );
            
            CREATE TABLE "header_rels" (
            	"id" serial PRIMARY KEY NOT NULL,
            	"order" integer,
            	"parent_id" integer NOT NULL,
            	"path" varchar NOT NULL,
            	"pages_id" integer,
            	"posts_id" integer
            );
            
            CREATE TABLE "footer_nav_items" (
            	"_order" integer NOT NULL,
            	"_parent_id" integer NOT NULL,
            	"id" varchar PRIMARY KEY NOT NULL,
            	"link_type" "enum_footer_nav_items_link_type" DEFAULT 'reference',
            	"link_new_tab" boolean,
            	"link_url" varchar,
            	"link_label" varchar NOT NULL
            );
            
            CREATE TABLE "footer" (
            	"id" serial PRIMARY KEY NOT NULL,
            	"updated_at" timestamp(3) with time zone,
            	"created_at" timestamp(3) with time zone
            );
            
            CREATE TABLE "footer_rels" (
            	"id" serial PRIMARY KEY NOT NULL,
            	"order" integer,
            	"parent_id" integer NOT NULL,
            	"path" varchar NOT NULL,
            	"pages_id" integer,
            	"posts_id" integer
            );
            
            CREATE TABLE "settings" (
            	"id" serial PRIMARY KEY NOT NULL,
            	"site_name" varchar DEFAULT 'Horizon' NOT NULL,
            	"site_description" varchar DEFAULT 'Transform your learning experience with AI-powered study tools' NOT NULL,
            	"logo_id" integer,
            	"favicon_id" integer,
            	"contact_email" varchar NOT NULL,
            	"support_email" varchar,
            	"phone_number" varchar,
            	"address" varchar,
            	"social_twitter" varchar,
            	"social_linkedin" varchar,
            	"social_instagram" varchar,
            	"social_facebook" varchar,
            	"social_youtube" varchar,
            	"social_discord" varchar,
            	"social_tiktok" varchar,
            	"analytics_google_analytics_id" varchar,
            	"analytics_google_tag_manager_id" varchar,
            	"analytics_facebook_pixel_id" varchar,
            	"analytics_hotjar_id" varchar,
            	"analytics_mixpanel_token" varchar,
            	"announcement_bar_enabled" boolean DEFAULT false,
            	"announcement_bar_message" varchar,
            	"announcement_bar_link_text" varchar,
            	"announcement_bar_link_url" varchar,
            	"announcement_bar_background_color" "enum_settings_announcement_bar_background_color" DEFAULT 'blue',
            	"updated_at" timestamp(3) with time zone,
            	"created_at" timestamp(3) with time zone
            );
            
            ALTER TABLE "pages_hero_links" ADD CONSTRAINT "pages_hero_links_parent_id_fk" FOREIGN KEY ("_parent_id") REFERENCES "public"."pages"("id") ON DELETE cascade ON UPDATE no action;
            ALTER TABLE "pages_blocks_cta_links" ADD CONSTRAINT "pages_blocks_cta_links_parent_id_fk" FOREIGN KEY ("_parent_id") REFERENCES "public"."pages_blocks_cta"("id") ON DELETE cascade ON UPDATE no action;
            ALTER TABLE "pages_blocks_cta" ADD CONSTRAINT "pages_blocks_cta_parent_id_fk" FOREIGN KEY ("_parent_id") REFERENCES "public"."pages"("id") ON DELETE cascade ON UPDATE no action;
            ALTER TABLE "pages_blocks_content_columns" ADD CONSTRAINT "pages_blocks_content_columns_parent_id_fk" FOREIGN KEY ("_parent_id") REFERENCES "public"."pages_blocks_content"("id") ON DELETE cascade ON UPDATE no action;
            ALTER TABLE "pages_blocks_content" ADD CONSTRAINT "pages_blocks_content_parent_id_fk" FOREIGN KEY ("_parent_id") REFERENCES "public"."pages"("id") ON DELETE cascade ON UPDATE no action;
            ALTER TABLE "pages_blocks_media_block" ADD CONSTRAINT "pages_blocks_media_block_media_id_media_id_fk" FOREIGN KEY ("media_id") REFERENCES "public"."media"("id") ON DELETE set null ON UPDATE no action;
            ALTER TABLE "pages_blocks_media_block" ADD CONSTRAINT "pages_blocks_media_block_parent_id_fk" FOREIGN KEY ("_parent_id") REFERENCES "public"."pages"("id") ON DELETE cascade ON UPDATE no action;
            ALTER TABLE "pages_blocks_archive" ADD CONSTRAINT "pages_blocks_archive_parent_id_fk" FOREIGN KEY ("_parent_id") REFERENCES "public"."pages"("id") ON DELETE cascade ON UPDATE no action;
            ALTER TABLE "pages_blocks_form_block" ADD CONSTRAINT "pages_blocks_form_block_form_id_forms_id_fk" FOREIGN KEY ("form_id") REFERENCES "public"."forms"("id") ON DELETE set null ON UPDATE no action;
            ALTER TABLE "pages_blocks_form_block" ADD CONSTRAINT "pages_blocks_form_block_parent_id_fk" FOREIGN KEY ("_parent_id") REFERENCES "public"."pages"("id") ON DELETE cascade ON UPDATE no action;
            ALTER TABLE "pages" ADD CONSTRAINT "pages_hero_media_id_media_id_fk" FOREIGN KEY ("hero_media_id") REFERENCES "public"."media"("id") ON DELETE set null ON UPDATE no action;
            ALTER TABLE "pages" ADD CONSTRAINT "pages_meta_image_id_media_id_fk" FOREIGN KEY ("meta_image_id") REFERENCES "public"."media"("id") ON DELETE set null ON UPDATE no action;
            ALTER TABLE "pages_rels" ADD CONSTRAINT "pages_rels_parent_fk" FOREIGN KEY ("parent_id") REFERENCES "public"."pages"("id") ON DELETE cascade ON UPDATE no action;
            ALTER TABLE "pages_rels" ADD CONSTRAINT "pages_rels_pages_fk" FOREIGN KEY ("pages_id") REFERENCES "public"."pages"("id") ON DELETE cascade ON UPDATE no action;
            ALTER TABLE "pages_rels" ADD CONSTRAINT "pages_rels_posts_fk" FOREIGN KEY ("posts_id") REFERENCES "public"."posts"("id") ON DELETE cascade ON UPDATE no action;
            ALTER TABLE "pages_rels" ADD CONSTRAINT "pages_rels_categories_fk" FOREIGN KEY ("categories_id") REFERENCES "public"."categories"("id") ON DELETE cascade ON UPDATE no action;
            ALTER TABLE "_pages_v_version_hero_links" ADD CONSTRAINT "_pages_v_version_hero_links_parent_id_fk" FOREIGN KEY ("_parent_id") REFERENCES "public"."_pages_v"("id") ON DELETE cascade ON UPDATE no action;
            ALTER TABLE "_pages_v_blocks_cta_links" ADD CONSTRAINT "_pages_v_blocks_cta_links_parent_id_fk" FOREIGN KEY ("_parent_id") REFERENCES "public"."_pages_v_blocks_cta"("id") ON DELETE cascade ON UPDATE no action;
            ALTER TABLE "_pages_v_blocks_cta" ADD CONSTRAINT "_pages_v_blocks_cta_parent_id_fk" FOREIGN KEY ("_parent_id") REFERENCES "public"."_pages_v"("id") ON DELETE cascade ON UPDATE no action;
            ALTER TABLE "_pages_v_blocks_content_columns" ADD CONSTRAINT "_pages_v_blocks_content_columns_parent_id_fk" FOREIGN KEY ("_parent_id") REFERENCES "public"."_pages_v_blocks_content"("id") ON DELETE cascade ON UPDATE no action;
            ALTER TABLE "_pages_v_blocks_content" ADD CONSTRAINT "_pages_v_blocks_content_parent_id_fk" FOREIGN KEY ("_parent_id") REFERENCES "public"."_pages_v"("id") ON DELETE cascade ON UPDATE no action;
            ALTER TABLE "_pages_v_blocks_media_block" ADD CONSTRAINT "_pages_v_blocks_media_block_media_id_media_id_fk" FOREIGN KEY ("media_id") REFERENCES "public"."media"("id") ON DELETE set null ON UPDATE no action;
            ALTER TABLE "_pages_v_blocks_media_block" ADD CONSTRAINT "_pages_v_blocks_media_block_parent_id_fk" FOREIGN KEY ("_parent_id") REFERENCES "public"."_pages_v"("id") ON DELETE cascade ON UPDATE no action;
            ALTER TABLE "_pages_v_blocks_archive" ADD CONSTRAINT "_pages_v_blocks_archive_parent_id_fk" FOREIGN KEY ("_parent_id") REFERENCES "public"."_pages_v"("id") ON DELETE cascade ON UPDATE no action;
            ALTER TABLE "_pages_v_blocks_form_block" ADD CONSTRAINT "_pages_v_blocks_form_block_form_id_forms_id_fk" FOREIGN KEY ("form_id") REFERENCES "public"."forms"("id") ON DELETE set null ON UPDATE no action;
            ALTER TABLE "_pages_v_blocks_form_block" ADD CONSTRAINT "_pages_v_blocks_form_block_parent_id_fk" FOREIGN KEY ("_parent_id") REFERENCES "public"."_pages_v"("id") ON DELETE cascade ON UPDATE no action;
            ALTER TABLE "_pages_v" ADD CONSTRAINT "_pages_v_parent_id_pages_id_fk" FOREIGN KEY ("parent_id") REFERENCES "public"."pages"("id") ON DELETE set null ON UPDATE no action;
            ALTER TABLE "_pages_v" ADD CONSTRAINT "_pages_v_version_hero_media_id_media_id_fk" FOREIGN KEY ("version_hero_media_id") REFERENCES "public"."media"("id") ON DELETE set null ON UPDATE no action;
            ALTER TABLE "_pages_v" ADD CONSTRAINT "_pages_v_version_meta_image_id_media_id_fk" FOREIGN KEY ("version_meta_image_id") REFERENCES "public"."media"("id") ON DELETE set null ON UPDATE no action;
            ALTER TABLE "_pages_v_rels" ADD CONSTRAINT "_pages_v_rels_parent_fk" FOREIGN KEY ("parent_id") REFERENCES "public"."_pages_v"("id") ON DELETE cascade ON UPDATE no action;
            ALTER TABLE "_pages_v_rels" ADD CONSTRAINT "_pages_v_rels_pages_fk" FOREIGN KEY ("pages_id") REFERENCES "public"."pages"("id") ON DELETE cascade ON UPDATE no action;
            ALTER TABLE "_pages_v_rels" ADD CONSTRAINT "_pages_v_rels_posts_fk" FOREIGN KEY ("posts_id") REFERENCES "public"."posts"("id") ON DELETE cascade ON UPDATE no action;
            ALTER TABLE "_pages_v_rels" ADD CONSTRAINT "_pages_v_rels_categories_fk" FOREIGN KEY ("categories_id") REFERENCES "public"."categories"("id") ON DELETE cascade ON UPDATE no action;
            ALTER TABLE "posts_populated_authors" ADD CONSTRAINT "posts_populated_authors_parent_id_fk" FOREIGN KEY ("_parent_id") REFERENCES "public"."posts"("id") ON DELETE cascade ON UPDATE no action;
            ALTER TABLE "posts" ADD CONSTRAINT "posts_hero_image_id_media_id_fk" FOREIGN KEY ("hero_image_id") REFERENCES "public"."media"("id") ON DELETE set null ON UPDATE no action;
            ALTER TABLE "posts" ADD CONSTRAINT "posts_meta_image_id_media_id_fk" FOREIGN KEY ("meta_image_id") REFERENCES "public"."media"("id") ON DELETE set null ON UPDATE no action;
            ALTER TABLE "posts_rels" ADD CONSTRAINT "posts_rels_parent_fk" FOREIGN KEY ("parent_id") REFERENCES "public"."posts"("id") ON DELETE cascade ON UPDATE no action;
            ALTER TABLE "posts_rels" ADD CONSTRAINT "posts_rels_posts_fk" FOREIGN KEY ("posts_id") REFERENCES "public"."posts"("id") ON DELETE cascade ON UPDATE no action;
            ALTER TABLE "posts_rels" ADD CONSTRAINT "posts_rels_categories_fk" FOREIGN KEY ("categories_id") REFERENCES "public"."categories"("id") ON DELETE cascade ON UPDATE no action;
            ALTER TABLE "posts_rels" ADD CONSTRAINT "posts_rels_users_fk" FOREIGN KEY ("users_id") REFERENCES "public"."users"("id") ON DELETE cascade ON UPDATE no action;
            ALTER TABLE "_posts_v_version_populated_authors" ADD CONSTRAINT "_posts_v_version_populated_authors_parent_id_fk" FOREIGN KEY ("_parent_id") REFERENCES "public"."_posts_v"("id") ON DELETE cascade ON UPDATE no action;
            ALTER TABLE "_posts_v" ADD CONSTRAINT "_posts_v_parent_id_posts_id_fk" FOREIGN KEY ("parent_id") REFERENCES "public"."posts"("id") ON DELETE set null ON UPDATE no action;
            ALTER TABLE "_posts_v" ADD CONSTRAINT "_posts_v_version_hero_image_id_media_id_fk" FOREIGN KEY ("version_hero_image_id") REFERENCES "public"."media"("id") ON DELETE set null ON UPDATE no action;
            ALTER TABLE "_posts_v" ADD CONSTRAINT "_posts_v_version_meta_image_id_media_id_fk" FOREIGN KEY ("version_meta_image_id") REFERENCES "public"."media"("id") ON DELETE set null ON UPDATE no action;
            ALTER TABLE "_posts_v_rels" ADD CONSTRAINT "_posts_v_rels_parent_fk" FOREIGN KEY ("parent_id") REFERENCES "public"."_posts_v"("id") ON DELETE cascade ON UPDATE no action;
            ALTER TABLE "_posts_v_rels" ADD CONSTRAINT "_posts_v_rels_posts_fk" FOREIGN KEY ("posts_id") REFERENCES "public"."posts"("id") ON DELETE cascade ON UPDATE no action;
            ALTER TABLE "_posts_v_rels" ADD CONSTRAINT "_posts_v_rels_categories_fk" FOREIGN KEY ("categories_id") REFERENCES "public"."categories"("id") ON DELETE cascade ON UPDATE no action;
            ALTER TABLE "_posts_v_rels" ADD CONSTRAINT "_posts_v_rels_users_fk" FOREIGN KEY ("users_id") REFERENCES "public"."users"("id") ON DELETE cascade ON UPDATE no action;
            ALTER TABLE "media" ADD CONSTRAINT "media_folder_id_payload_folders_id_fk" FOREIGN KEY ("folder_id") REFERENCES "public"."payload_folders"("id") ON DELETE set null ON UPDATE no action;
            ALTER TABLE "categories_breadcrumbs" ADD CONSTRAINT "categories_breadcrumbs_doc_id_categories_id_fk" FOREIGN KEY ("doc_id") REFERENCES "public"."categories"("id") ON DELETE set null ON UPDATE no action;
            ALTER TABLE "categories_breadcrumbs" ADD CONSTRAINT "categories_breadcrumbs_parent_id_fk" FOREIGN KEY ("_parent_id") REFERENCES "public"."categories"("id") ON DELETE cascade ON UPDATE no action;
            ALTER TABLE "categories" ADD CONSTRAINT "categories_parent_id_categories_id_fk" FOREIGN KEY ("parent_id") REFERENCES "public"."categories"("id") ON DELETE set null ON UPDATE no action;
            ALTER TABLE "users_sessions" ADD CONSTRAINT "users_sessions_parent_id_fk" FOREIGN KEY ("_parent_id") REFERENCES "public"."users"("id") ON DELETE cascade ON UPDATE no action;
            ALTER TABLE "case_studies_metrics" ADD CONSTRAINT "case_studies_metrics_parent_id_fk" FOREIGN KEY ("_parent_id") REFERENCES "public"."case_studies"("id") ON DELETE cascade ON UPDATE no action;
            ALTER TABLE "case_studies" ADD CONSTRAINT "case_studies_student_photo_id_media_id_fk" FOREIGN KEY ("student_photo_id") REFERENCES "public"."media"("id") ON DELETE set null ON UPDATE no action;
            ALTER TABLE "case_studies" ADD CONSTRAINT "case_studies_before_after_before_id_media_id_fk" FOREIGN KEY ("before_after_before_id") REFERENCES "public"."media"("id") ON DELETE set null ON UPDATE no action;
            ALTER TABLE "case_studies" ADD CONSTRAINT "case_studies_before_after_after_id_media_id_fk" FOREIGN KEY ("before_after_after_id") REFERENCES "public"."media"("id") ON DELETE set null ON UPDATE no action;
            ALTER TABLE "case_studies" ADD CONSTRAINT "case_studies_meta_image_id_media_id_fk" FOREIGN KEY ("meta_image_id") REFERENCES "public"."media"("id") ON DELETE set null ON UPDATE no action;
            ALTER TABLE "_case_studies_v_version_metrics" ADD CONSTRAINT "_case_studies_v_version_metrics_parent_id_fk" FOREIGN KEY ("_parent_id") REFERENCES "public"."_case_studies_v"("id") ON DELETE cascade ON UPDATE no action;
            ALTER TABLE "_case_studies_v" ADD CONSTRAINT "_case_studies_v_parent_id_case_studies_id_fk" FOREIGN KEY ("parent_id") REFERENCES "public"."case_studies"("id") ON DELETE set null ON UPDATE no action;
            ALTER TABLE "_case_studies_v" ADD CONSTRAINT "_case_studies_v_version_student_photo_id_media_id_fk" FOREIGN KEY ("version_student_photo_id") REFERENCES "public"."media"("id") ON DELETE set null ON UPDATE no action;
            ALTER TABLE "_case_studies_v" ADD CONSTRAINT "_case_studies_v_version_before_after_before_id_media_id_fk" FOREIGN KEY ("version_before_after_before_id") REFERENCES "public"."media"("id") ON DELETE set null ON UPDATE no action;
            ALTER TABLE "_case_studies_v" ADD CONSTRAINT "_case_studies_v_version_before_after_after_id_media_id_fk" FOREIGN KEY ("version_before_after_after_id") REFERENCES "public"."media"("id") ON DELETE set null ON UPDATE no action;
            ALTER TABLE "_case_studies_v" ADD CONSTRAINT "_case_studies_v_version_meta_image_id_media_id_fk" FOREIGN KEY ("version_meta_image_id") REFERENCES "public"."media"("id") ON DELETE set null ON UPDATE no action;
            ALTER TABLE "resources" ADD CONSTRAINT "resources_thumbnail_id_media_id_fk" FOREIGN KEY ("thumbnail_id") REFERENCES "public"."media"("id") ON DELETE set null ON UPDATE no action;
            ALTER TABLE "resources" ADD CONSTRAINT "resources_download_file_id_media_id_fk" FOREIGN KEY ("download_file_id") REFERENCES "public"."media"("id") ON DELETE set null ON UPDATE no action;
            ALTER TABLE "resources" ADD CONSTRAINT "resources_meta_image_id_media_id_fk" FOREIGN KEY ("meta_image_id") REFERENCES "public"."media"("id") ON DELETE set null ON UPDATE no action;
            ALTER TABLE "resources_rels" ADD CONSTRAINT "resources_rels_parent_fk" FOREIGN KEY ("parent_id") REFERENCES "public"."resources"("id") ON DELETE cascade ON UPDATE no action;
            ALTER TABLE "resources_rels" ADD CONSTRAINT "resources_rels_categories_fk" FOREIGN KEY ("categories_id") REFERENCES "public"."categories"("id") ON DELETE cascade ON UPDATE no action;
            ALTER TABLE "_resources_v" ADD CONSTRAINT "_resources_v_parent_id_resources_id_fk" FOREIGN KEY ("parent_id") REFERENCES "public"."resources"("id") ON DELETE set null ON UPDATE no action;
            ALTER TABLE "_resources_v" ADD CONSTRAINT "_resources_v_version_thumbnail_id_media_id_fk" FOREIGN KEY ("version_thumbnail_id") REFERENCES "public"."media"("id") ON DELETE set null ON UPDATE no action;
            ALTER TABLE "_resources_v" ADD CONSTRAINT "_resources_v_version_download_file_id_media_id_fk" FOREIGN KEY ("version_download_file_id") REFERENCES "public"."media"("id") ON DELETE set null ON UPDATE no action;
            ALTER TABLE "_resources_v" ADD CONSTRAINT "_resources_v_version_meta_image_id_media_id_fk" FOREIGN KEY ("version_meta_image_id") REFERENCES "public"."media"("id") ON DELETE set null ON UPDATE no action;
            ALTER TABLE "_resources_v_rels" ADD CONSTRAINT "_resources_v_rels_parent_fk" FOREIGN KEY ("parent_id") REFERENCES "public"."_resources_v"("id") ON DELETE cascade ON UPDATE no action;
            ALTER TABLE "_resources_v_rels" ADD CONSTRAINT "_resources_v_rels_categories_fk" FOREIGN KEY ("categories_id") REFERENCES "public"."categories"("id") ON DELETE cascade ON UPDATE no action;
            ALTER TABLE "redirects_rels" ADD CONSTRAINT "redirects_rels_parent_fk" FOREIGN KEY ("parent_id") REFERENCES "public"."redirects"("id") ON DELETE cascade ON UPDATE no action;
            ALTER TABLE "redirects_rels" ADD CONSTRAINT "redirects_rels_pages_fk" FOREIGN KEY ("pages_id") REFERENCES "public"."pages"("id") ON DELETE cascade ON UPDATE no action;
            ALTER TABLE "redirects_rels" ADD CONSTRAINT "redirects_rels_posts_fk" FOREIGN KEY ("posts_id") REFERENCES "public"."posts"("id") ON DELETE cascade ON UPDATE no action;
            ALTER TABLE "forms_blocks_checkbox" ADD CONSTRAINT "forms_blocks_checkbox_parent_id_fk" FOREIGN KEY ("_parent_id") REFERENCES "public"."forms"("id") ON DELETE cascade ON UPDATE no action;
            ALTER TABLE "forms_blocks_country" ADD CONSTRAINT "forms_blocks_country_parent_id_fk" FOREIGN KEY ("_parent_id") REFERENCES "public"."forms"("id") ON DELETE cascade ON UPDATE no action;
            ALTER TABLE "forms_blocks_email" ADD CONSTRAINT "forms_blocks_email_parent_id_fk" FOREIGN KEY ("_parent_id") REFERENCES "public"."forms"("id") ON DELETE cascade ON UPDATE no action;
            ALTER TABLE "forms_blocks_message" ADD CONSTRAINT "forms_blocks_message_parent_id_fk" FOREIGN KEY ("_parent_id") REFERENCES "public"."forms"("id") ON DELETE cascade ON UPDATE no action;
            ALTER TABLE "forms_blocks_number" ADD CONSTRAINT "forms_blocks_number_parent_id_fk" FOREIGN KEY ("_parent_id") REFERENCES "public"."forms"("id") ON DELETE cascade ON UPDATE no action;
            ALTER TABLE "forms_blocks_select_options" ADD CONSTRAINT "forms_blocks_select_options_parent_id_fk" FOREIGN KEY ("_parent_id") REFERENCES "public"."forms_blocks_select"("id") ON DELETE cascade ON UPDATE no action;
            ALTER TABLE "forms_blocks_select" ADD CONSTRAINT "forms_blocks_select_parent_id_fk" FOREIGN KEY ("_parent_id") REFERENCES "public"."forms"("id") ON DELETE cascade ON UPDATE no action;
            ALTER TABLE "forms_blocks_state" ADD CONSTRAINT "forms_blocks_state_parent_id_fk" FOREIGN KEY ("_parent_id") REFERENCES "public"."forms"("id") ON DELETE cascade ON UPDATE no action;
            ALTER TABLE "forms_blocks_text" ADD CONSTRAINT "forms_blocks_text_parent_id_fk" FOREIGN KEY ("_parent_id") REFERENCES "public"."forms"("id") ON DELETE cascade ON UPDATE no action;
            ALTER TABLE "forms_blocks_textarea" ADD CONSTRAINT "forms_blocks_textarea_parent_id_fk" FOREIGN KEY ("_parent_id") REFERENCES "public"."forms"("id") ON DELETE cascade ON UPDATE no action;
            ALTER TABLE "forms_emails" ADD CONSTRAINT "forms_emails_parent_id_fk" FOREIGN KEY ("_parent_id") REFERENCES "public"."forms"("id") ON DELETE cascade ON UPDATE no action;
            ALTER TABLE "form_submissions_submission_data" ADD CONSTRAINT "form_submissions_submission_data_parent_id_fk" FOREIGN KEY ("_parent_id") REFERENCES "public"."form_submissions"("id") ON DELETE cascade ON UPDATE no action;
            ALTER TABLE "form_submissions" ADD CONSTRAINT "form_submissions_form_id_forms_id_fk" FOREIGN KEY ("form_id") REFERENCES "public"."forms"("id") ON DELETE set null ON UPDATE no action;
            ALTER TABLE "search_categories" ADD CONSTRAINT "search_categories_parent_id_fk" FOREIGN KEY ("_parent_id") REFERENCES "public"."search"("id") ON DELETE cascade ON UPDATE no action;
            ALTER TABLE "search" ADD CONSTRAINT "search_meta_image_id_media_id_fk" FOREIGN KEY ("meta_image_id") REFERENCES "public"."media"("id") ON DELETE set null ON UPDATE no action;
            ALTER TABLE "search_rels" ADD CONSTRAINT "search_rels_parent_fk" FOREIGN KEY ("parent_id") REFERENCES "public"."search"("id") ON DELETE cascade ON UPDATE no action;
            ALTER TABLE "search_rels" ADD CONSTRAINT "search_rels_posts_fk" FOREIGN KEY ("posts_id") REFERENCES "public"."posts"("id") ON DELETE cascade ON UPDATE no action;
            ALTER TABLE "payload_jobs_log" ADD CONSTRAINT "payload_jobs_log_parent_id_fk" FOREIGN KEY ("_parent_id") REFERENCES "public"."payload_jobs"("id") ON DELETE cascade ON UPDATE no action;
            ALTER TABLE "payload_folders_folder_type" ADD CONSTRAINT "payload_folders_folder_type_parent_fk" FOREIGN KEY ("parent_id") REFERENCES "public"."payload_folders"("id") ON DELETE cascade ON UPDATE no action;
            ALTER TABLE "payload_folders" ADD CONSTRAINT "payload_folders_folder_id_payload_folders_id_fk" FOREIGN KEY ("folder_id") REFERENCES "public"."payload_folders"("id") ON DELETE set null ON UPDATE no action;
            ALTER TABLE "payload_locked_documents_rels" ADD CONSTRAINT "payload_locked_documents_rels_parent_fk" FOREIGN KEY ("parent_id") REFERENCES "public"."payload_locked_documents"("id") ON DELETE cascade ON UPDATE no action;
            ALTER TABLE "payload_locked_documents_rels" ADD CONSTRAINT "payload_locked_documents_rels_pages_fk" FOREIGN KEY ("pages_id") REFERENCES "public"."pages"("id") ON DELETE cascade ON UPDATE no action;
            ALTER TABLE "payload_locked_documents_rels" ADD CONSTRAINT "payload_locked_documents_rels_posts_fk" FOREIGN KEY ("posts_id") REFERENCES "public"."posts"("id") ON DELETE cascade ON UPDATE no action;
            ALTER TABLE "payload_locked_documents_rels" ADD CONSTRAINT "payload_locked_documents_rels_media_fk" FOREIGN KEY ("media_id") REFERENCES "public"."media"("id") ON DELETE cascade ON UPDATE no action;
            ALTER TABLE "payload_locked_documents_rels" ADD CONSTRAINT "payload_locked_documents_rels_categories_fk" FOREIGN KEY ("categories_id") REFERENCES "public"."categories"("id") ON DELETE cascade ON UPDATE no action;
            ALTER TABLE "payload_locked_documents_rels" ADD CONSTRAINT "payload_locked_documents_rels_users_fk" FOREIGN KEY ("users_id") REFERENCES "public"."users"("id") ON DELETE cascade ON UPDATE no action;
            ALTER TABLE "payload_locked_documents_rels" ADD CONSTRAINT "payload_locked_documents_rels_case_studies_fk" FOREIGN KEY ("case_studies_id") REFERENCES "public"."case_studies"("id") ON DELETE cascade ON UPDATE no action;
            ALTER TABLE "payload_locked_documents_rels" ADD CONSTRAINT "payload_locked_documents_rels_resources_fk" FOREIGN KEY ("resources_id") REFERENCES "public"."resources"("id") ON DELETE cascade ON UPDATE no action;
            ALTER TABLE "payload_locked_documents_rels" ADD CONSTRAINT "payload_locked_documents_rels_redirects_fk" FOREIGN KEY ("redirects_id") REFERENCES "public"."redirects"("id") ON DELETE cascade ON UPDATE no action;
            ALTER TABLE "payload_locked_documents_rels" ADD CONSTRAINT "payload_locked_documents_rels_forms_fk" FOREIGN KEY ("forms_id") REFERENCES "public"."forms"("id") ON DELETE cascade ON UPDATE no action;
            ALTER TABLE "payload_locked_documents_rels" ADD CONSTRAINT "payload_locked_documents_rels_form_submissions_fk" FOREIGN KEY ("form_submissions_id") REFERENCES "public"."form_submissions"("id") ON DELETE cascade ON UPDATE no action;
            ALTER TABLE "payload_locked_documents_rels" ADD CONSTRAINT "payload_locked_documents_rels_search_fk" FOREIGN KEY ("search_id") REFERENCES "public"."search"("id") ON DELETE cascade ON UPDATE no action;
            ALTER TABLE "payload_locked_documents_rels" ADD CONSTRAINT "payload_locked_documents_rels_payload_folders_fk" FOREIGN KEY ("payload_folders_id") REFERENCES "public"."payload_folders"("id") ON DELETE cascade ON UPDATE no action;
            ALTER TABLE "payload_preferences_rels" ADD CONSTRAINT "payload_preferences_rels_parent_fk" FOREIGN KEY ("parent_id") REFERENCES "public"."payload_preferences"("id") ON DELETE cascade ON UPDATE no action;
            ALTER TABLE "payload_preferences_rels" ADD CONSTRAINT "payload_preferences_rels_users_fk" FOREIGN KEY ("users_id") REFERENCES "public"."users"("id") ON DELETE cascade ON UPDATE no action;
            ALTER TABLE "header_nav_items" ADD CONSTRAINT "header_nav_items_parent_id_fk" FOREIGN KEY ("_parent_id") REFERENCES "public"."header"("id") ON DELETE cascade ON UPDATE no action;
            ALTER TABLE "header_rels" ADD CONSTRAINT "header_rels_parent_fk" FOREIGN KEY ("parent_id") REFERENCES "public"."header"("id") ON DELETE cascade ON UPDATE no action;
            ALTER TABLE "header_rels" ADD CONSTRAINT "header_rels_pages_fk" FOREIGN KEY ("pages_id") REFERENCES "public"."pages"("id") ON DELETE cascade ON UPDATE no action;
            ALTER TABLE "header_rels" ADD CONSTRAINT "header_rels_posts_fk" FOREIGN KEY ("posts_id") REFERENCES "public"."posts"("id") ON DELETE cascade ON UPDATE no action;
            ALTER TABLE "footer_nav_items" ADD CONSTRAINT "footer_nav_items_parent_id_fk" FOREIGN KEY ("_parent_id") REFERENCES "public"."footer"("id") ON DELETE cascade ON UPDATE no action;
            ALTER TABLE "footer_rels" ADD CONSTRAINT "footer_rels_parent_fk" FOREIGN KEY ("parent_id") REFERENCES "public"."footer"("id") ON DELETE cascade ON UPDATE no action;
            ALTER TABLE "footer_rels" ADD CONSTRAINT "footer_rels_pages_fk" FOREIGN KEY ("pages_id") REFERENCES "public"."pages"("id") ON DELETE cascade ON UPDATE no action;
            ALTER TABLE "footer_rels" ADD CONSTRAINT "footer_rels_posts_fk" FOREIGN KEY ("posts_id") REFERENCES "public"."posts"("id") ON DELETE cascade ON UPDATE no action;
            ALTER TABLE "settings" ADD CONSTRAINT "settings_logo_id_media_id_fk" FOREIGN KEY ("logo_id") REFERENCES "public"."media"("id") ON DELETE set null ON UPDATE no action;
            ALTER TABLE "settings" ADD CONSTRAINT "settings_favicon_id_media_id_fk" FOREIGN KEY ("favicon_id") REFERENCES "public"."media"("id") ON DELETE set null ON UPDATE no action;
            CREATE INDEX "pages_hero_links_order_idx" ON "pages_hero_links" USING btree ("_order");
            CREATE INDEX "pages_hero_links_parent_id_idx" ON "pages_hero_links" USING btree ("_parent_id");
            CREATE INDEX "pages_blocks_cta_links_order_idx" ON "pages_blocks_cta_links" USING btree ("_order");
            CREATE INDEX "pages_blocks_cta_links_parent_id_idx" ON "pages_blocks_cta_links" USING btree ("_parent_id");
            CREATE INDEX "pages_blocks_cta_order_idx" ON "pages_blocks_cta" USING btree ("_order");
            CREATE INDEX "pages_blocks_cta_parent_id_idx" ON "pages_blocks_cta" USING btree ("_parent_id");
            CREATE INDEX "pages_blocks_cta_path_idx" ON "pages_blocks_cta" USING btree ("_path");
            CREATE INDEX "pages_blocks_content_columns_order_idx" ON "pages_blocks_content_columns" USING btree ("_order");
            CREATE INDEX "pages_blocks_content_columns_parent_id_idx" ON "pages_blocks_content_columns" USING btree ("_parent_id");
            CREATE INDEX "pages_blocks_content_order_idx" ON "pages_blocks_content" USING btree ("_order");
            CREATE INDEX "pages_blocks_content_parent_id_idx" ON "pages_blocks_content" USING btree ("_parent_id");
            CREATE INDEX "pages_blocks_content_path_idx" ON "pages_blocks_content" USING btree ("_path");
            CREATE INDEX "pages_blocks_media_block_order_idx" ON "pages_blocks_media_block" USING btree ("_order");
            CREATE INDEX "pages_blocks_media_block_parent_id_idx" ON "pages_blocks_media_block" USING btree ("_parent_id");
            CREATE INDEX "pages_blocks_media_block_path_idx" ON "pages_blocks_media_block" USING btree ("_path");
            CREATE INDEX "pages_blocks_media_block_media_idx" ON "pages_blocks_media_block" USING btree ("media_id");
            CREATE INDEX "pages_blocks_archive_order_idx" ON "pages_blocks_archive" USING btree ("_order");
            CREATE INDEX "pages_blocks_archive_parent_id_idx" ON "pages_blocks_archive" USING btree ("_parent_id");
            CREATE INDEX "pages_blocks_archive_path_idx" ON "pages_blocks_archive" USING btree ("_path");
            CREATE INDEX "pages_blocks_form_block_order_idx" ON "pages_blocks_form_block" USING btree ("_order");
            CREATE INDEX "pages_blocks_form_block_parent_id_idx" ON "pages_blocks_form_block" USING btree ("_parent_id");
            CREATE INDEX "pages_blocks_form_block_path_idx" ON "pages_blocks_form_block" USING btree ("_path");
            CREATE INDEX "pages_blocks_form_block_form_idx" ON "pages_blocks_form_block" USING btree ("form_id");
            CREATE INDEX "pages_hero_hero_media_idx" ON "pages" USING btree ("hero_media_id");
            CREATE INDEX "pages_meta_meta_image_idx" ON "pages" USING btree ("meta_image_id");
            CREATE UNIQUE INDEX "pages_slug_idx" ON "pages" USING btree ("slug");
            CREATE INDEX "pages_updated_at_idx" ON "pages" USING btree ("updated_at");
            CREATE INDEX "pages_created_at_idx" ON "pages" USING btree ("created_at");
            CREATE INDEX "pages__status_idx" ON "pages" USING btree ("_status");
            CREATE INDEX "pages_rels_order_idx" ON "pages_rels" USING btree ("order");
            CREATE INDEX "pages_rels_parent_idx" ON "pages_rels" USING btree ("parent_id");
            CREATE INDEX "pages_rels_path_idx" ON "pages_rels" USING btree ("path");
            CREATE INDEX "pages_rels_pages_id_idx" ON "pages_rels" USING btree ("pages_id");
            CREATE INDEX "pages_rels_posts_id_idx" ON "pages_rels" USING btree ("posts_id");
            CREATE INDEX "pages_rels_categories_id_idx" ON "pages_rels" USING btree ("categories_id");
            CREATE INDEX "_pages_v_version_hero_links_order_idx" ON "_pages_v_version_hero_links" USING btree ("_order");
            CREATE INDEX "_pages_v_version_hero_links_parent_id_idx" ON "_pages_v_version_hero_links" USING btree ("_parent_id");
            CREATE INDEX "_pages_v_blocks_cta_links_order_idx" ON "_pages_v_blocks_cta_links" USING btree ("_order");
            CREATE INDEX "_pages_v_blocks_cta_links_parent_id_idx" ON "_pages_v_blocks_cta_links" USING btree ("_parent_id");
            CREATE INDEX "_pages_v_blocks_cta_order_idx" ON "_pages_v_blocks_cta" USING btree ("_order");
            CREATE INDEX "_pages_v_blocks_cta_parent_id_idx" ON "_pages_v_blocks_cta" USING btree ("_parent_id");
            CREATE INDEX "_pages_v_blocks_cta_path_idx" ON "_pages_v_blocks_cta" USING btree ("_path");
            CREATE INDEX "_pages_v_blocks_content_columns_order_idx" ON "_pages_v_blocks_content_columns" USING btree ("_order");
            CREATE INDEX "_pages_v_blocks_content_columns_parent_id_idx" ON "_pages_v_blocks_content_columns" USING btree ("_parent_id");
            CREATE INDEX "_pages_v_blocks_content_order_idx" ON "_pages_v_blocks_content" USING btree ("_order");
            CREATE INDEX "_pages_v_blocks_content_parent_id_idx" ON "_pages_v_blocks_content" USING btree ("_parent_id");
            CREATE INDEX "_pages_v_blocks_content_path_idx" ON "_pages_v_blocks_content" USING btree ("_path");
            CREATE INDEX "_pages_v_blocks_media_block_order_idx" ON "_pages_v_blocks_media_block" USING btree ("_order");
            CREATE INDEX "_pages_v_blocks_media_block_parent_id_idx" ON "_pages_v_blocks_media_block" USING btree ("_parent_id");
            CREATE INDEX "_pages_v_blocks_media_block_path_idx" ON "_pages_v_blocks_media_block" USING btree ("_path");
            CREATE INDEX "_pages_v_blocks_media_block_media_idx" ON "_pages_v_blocks_media_block" USING btree ("media_id");
            CREATE INDEX "_pages_v_blocks_archive_order_idx" ON "_pages_v_blocks_archive" USING btree ("_order");
            CREATE INDEX "_pages_v_blocks_archive_parent_id_idx" ON "_pages_v_blocks_archive" USING btree ("_parent_id");
            CREATE INDEX "_pages_v_blocks_archive_path_idx" ON "_pages_v_blocks_archive" USING btree ("_path");
            CREATE INDEX "_pages_v_blocks_form_block_order_idx" ON "_pages_v_blocks_form_block" USING btree ("_order");
            CREATE INDEX "_pages_v_blocks_form_block_parent_id_idx" ON "_pages_v_blocks_form_block" USING btree ("_parent_id");
            CREATE INDEX "_pages_v_blocks_form_block_path_idx" ON "_pages_v_blocks_form_block" USING btree ("_path");
            CREATE INDEX "_pages_v_blocks_form_block_form_idx" ON "_pages_v_blocks_form_block" USING btree ("form_id");
            CREATE INDEX "_pages_v_parent_idx" ON "_pages_v" USING btree ("parent_id");
            CREATE INDEX "_pages_v_version_hero_version_hero_media_idx" ON "_pages_v" USING btree ("version_hero_media_id");
            CREATE INDEX "_pages_v_version_meta_version_meta_image_idx" ON "_pages_v" USING btree ("version_meta_image_id");
            CREATE INDEX "_pages_v_version_version_slug_idx" ON "_pages_v" USING btree ("version_slug");
            CREATE INDEX "_pages_v_version_version_updated_at_idx" ON "_pages_v" USING btree ("version_updated_at");
            CREATE INDEX "_pages_v_version_version_created_at_idx" ON "_pages_v" USING btree ("version_created_at");
            CREATE INDEX "_pages_v_version_version__status_idx" ON "_pages_v" USING btree ("version__status");
            CREATE INDEX "_pages_v_created_at_idx" ON "_pages_v" USING btree ("created_at");
            CREATE INDEX "_pages_v_updated_at_idx" ON "_pages_v" USING btree ("updated_at");
            CREATE INDEX "_pages_v_latest_idx" ON "_pages_v" USING btree ("latest");
            CREATE INDEX "_pages_v_autosave_idx" ON "_pages_v" USING btree ("autosave");
            CREATE INDEX "_pages_v_rels_order_idx" ON "_pages_v_rels" USING btree ("order");
            CREATE INDEX "_pages_v_rels_parent_idx" ON "_pages_v_rels" USING btree ("parent_id");
            CREATE INDEX "_pages_v_rels_path_idx" ON "_pages_v_rels" USING btree ("path");
            CREATE INDEX "_pages_v_rels_pages_id_idx" ON "_pages_v_rels" USING btree ("pages_id");
            CREATE INDEX "_pages_v_rels_posts_id_idx" ON "_pages_v_rels" USING btree ("posts_id");
            CREATE INDEX "_pages_v_rels_categories_id_idx" ON "_pages_v_rels" USING btree ("categories_id");
            CREATE INDEX "posts_populated_authors_order_idx" ON "posts_populated_authors" USING btree ("_order");
            CREATE INDEX "posts_populated_authors_parent_id_idx" ON "posts_populated_authors" USING btree ("_parent_id");
            CREATE INDEX "posts_hero_image_idx" ON "posts" USING btree ("hero_image_id");
            CREATE INDEX "posts_meta_meta_image_idx" ON "posts" USING btree ("meta_image_id");
            CREATE UNIQUE INDEX "posts_slug_idx" ON "posts" USING btree ("slug");
            CREATE INDEX "posts_updated_at_idx" ON "posts" USING btree ("updated_at");
            CREATE INDEX "posts_created_at_idx" ON "posts" USING btree ("created_at");
            CREATE INDEX "posts__status_idx" ON "posts" USING btree ("_status");
            CREATE INDEX "posts_rels_order_idx" ON "posts_rels" USING btree ("order");
            CREATE INDEX "posts_rels_parent_idx" ON "posts_rels" USING btree ("parent_id");
            CREATE INDEX "posts_rels_path_idx" ON "posts_rels" USING btree ("path");
            CREATE INDEX "posts_rels_posts_id_idx" ON "posts_rels" USING btree ("posts_id");
            CREATE INDEX "posts_rels_categories_id_idx" ON "posts_rels" USING btree ("categories_id");
            CREATE INDEX "posts_rels_users_id_idx" ON "posts_rels" USING btree ("users_id");
            CREATE INDEX "_posts_v_version_populated_authors_order_idx" ON "_posts_v_version_populated_authors" USING btree ("_order");
            CREATE INDEX "_posts_v_version_populated_authors_parent_id_idx" ON "_posts_v_version_populated_authors" USING btree ("_parent_id");
            CREATE INDEX "_posts_v_parent_idx" ON "_posts_v" USING btree ("parent_id");
            CREATE INDEX "_posts_v_version_version_hero_image_idx" ON "_posts_v" USING btree ("version_hero_image_id");
            CREATE INDEX "_posts_v_version_meta_version_meta_image_idx" ON "_posts_v" USING btree ("version_meta_image_id");
            CREATE INDEX "_posts_v_version_version_slug_idx" ON "_posts_v" USING btree ("version_slug");
            CREATE INDEX "_posts_v_version_version_updated_at_idx" ON "_posts_v" USING btree ("version_updated_at");
            CREATE INDEX "_posts_v_version_version_created_at_idx" ON "_posts_v" USING btree ("version_created_at");
            CREATE INDEX "_posts_v_version_version__status_idx" ON "_posts_v" USING btree ("version__status");
            CREATE INDEX "_posts_v_created_at_idx" ON "_posts_v" USING btree ("created_at");
            CREATE INDEX "_posts_v_updated_at_idx" ON "_posts_v" USING btree ("updated_at");
            CREATE INDEX "_posts_v_latest_idx" ON "_posts_v" USING btree ("latest");
            CREATE INDEX "_posts_v_autosave_idx" ON "_posts_v" USING btree ("autosave");
            CREATE INDEX "_posts_v_rels_order_idx" ON "_posts_v_rels" USING btree ("order");
            CREATE INDEX "_posts_v_rels_parent_idx" ON "_posts_v_rels" USING btree ("parent_id");
            CREATE INDEX "_posts_v_rels_path_idx" ON "_posts_v_rels" USING btree ("path");
            CREATE INDEX "_posts_v_rels_posts_id_idx" ON "_posts_v_rels" USING btree ("posts_id");
            CREATE INDEX "_posts_v_rels_categories_id_idx" ON "_posts_v_rels" USING btree ("categories_id");
            CREATE INDEX "_posts_v_rels_users_id_idx" ON "_posts_v_rels" USING btree ("users_id");
            CREATE INDEX "media_folder_idx" ON "media" USING btree ("folder_id");
            CREATE INDEX "media_updated_at_idx" ON "media" USING btree ("updated_at");
            CREATE INDEX "media_created_at_idx" ON "media" USING btree ("created_at");
            CREATE UNIQUE INDEX "media_filename_idx" ON "media" USING btree ("filename");
            CREATE INDEX "media_sizes_thumbnail_sizes_thumbnail_filename_idx" ON "media" USING btree ("sizes_thumbnail_filename");
            CREATE INDEX "media_sizes_square_sizes_square_filename_idx" ON "media" USING btree ("sizes_square_filename");
            CREATE INDEX "media_sizes_small_sizes_small_filename_idx" ON "media" USING btree ("sizes_small_filename");
            CREATE INDEX "media_sizes_medium_sizes_medium_filename_idx" ON "media" USING btree ("sizes_medium_filename");
            CREATE INDEX "media_sizes_large_sizes_large_filename_idx" ON "media" USING btree ("sizes_large_filename");
            CREATE INDEX "media_sizes_xlarge_sizes_xlarge_filename_idx" ON "media" USING btree ("sizes_xlarge_filename");
            CREATE INDEX "media_sizes_og_sizes_og_filename_idx" ON "media" USING btree ("sizes_og_filename");
            CREATE INDEX "categories_breadcrumbs_order_idx" ON "categories_breadcrumbs" USING btree ("_order");
            CREATE INDEX "categories_breadcrumbs_parent_id_idx" ON "categories_breadcrumbs" USING btree ("_parent_id");
            CREATE INDEX "categories_breadcrumbs_doc_idx" ON "categories_breadcrumbs" USING btree ("doc_id");
            CREATE UNIQUE INDEX "categories_slug_idx" ON "categories" USING btree ("slug");
            CREATE INDEX "categories_parent_idx" ON "categories" USING btree ("parent_id");
            CREATE INDEX "categories_updated_at_idx" ON "categories" USING btree ("updated_at");
            CREATE INDEX "categories_created_at_idx" ON "categories" USING btree ("created_at");
            CREATE INDEX "users_sessions_order_idx" ON "users_sessions" USING btree ("_order");
            CREATE INDEX "users_sessions_parent_id_idx" ON "users_sessions" USING btree ("_parent_id");
            CREATE INDEX "users_updated_at_idx" ON "users" USING btree ("updated_at");
            CREATE INDEX "users_created_at_idx" ON "users" USING btree ("created_at");
            CREATE UNIQUE INDEX "users_email_idx" ON "users" USING btree ("email");
            CREATE INDEX "case_studies_metrics_order_idx" ON "case_studies_metrics" USING btree ("_order");
            CREATE INDEX "case_studies_metrics_parent_id_idx" ON "case_studies_metrics" USING btree ("_parent_id");
            CREATE INDEX "case_studies_student_photo_idx" ON "case_studies" USING btree ("student_photo_id");
            CREATE INDEX "case_studies_before_after_before_after_before_idx" ON "case_studies" USING btree ("before_after_before_id");
            CREATE INDEX "case_studies_before_after_before_after_after_idx" ON "case_studies" USING btree ("before_after_after_id");
            CREATE INDEX "case_studies_meta_meta_image_idx" ON "case_studies" USING btree ("meta_image_id");
            CREATE UNIQUE INDEX "case_studies_slug_idx" ON "case_studies" USING btree ("slug");
            CREATE INDEX "case_studies_updated_at_idx" ON "case_studies" USING btree ("updated_at");
            CREATE INDEX "case_studies_created_at_idx" ON "case_studies" USING btree ("created_at");
            CREATE INDEX "case_studies__status_idx" ON "case_studies" USING btree ("_status");
            CREATE INDEX "_case_studies_v_version_metrics_order_idx" ON "_case_studies_v_version_metrics" USING btree ("_order");
            CREATE INDEX "_case_studies_v_version_metrics_parent_id_idx" ON "_case_studies_v_version_metrics" USING btree ("_parent_id");
            CREATE INDEX "_case_studies_v_parent_idx" ON "_case_studies_v" USING btree ("parent_id");
            CREATE INDEX "_case_studies_v_version_version_student_photo_idx" ON "_case_studies_v" USING btree ("version_student_photo_id");
            CREATE INDEX "_case_studies_v_version_before_after_version_before_afte_idx" ON "_case_studies_v" USING btree ("version_before_after_before_id");
            CREATE INDEX "_case_studies_v_version_before_after_version_before_af_1_idx" ON "_case_studies_v" USING btree ("version_before_after_after_id");
            CREATE INDEX "_case_studies_v_version_meta_version_meta_image_idx" ON "_case_studies_v" USING btree ("version_meta_image_id");
            CREATE INDEX "_case_studies_v_version_version_slug_idx" ON "_case_studies_v" USING btree ("version_slug");
            CREATE INDEX "_case_studies_v_version_version_updated_at_idx" ON "_case_studies_v" USING btree ("version_updated_at");
            CREATE INDEX "_case_studies_v_version_version_created_at_idx" ON "_case_studies_v" USING btree ("version_created_at");
            CREATE INDEX "_case_studies_v_version_version__status_idx" ON "_case_studies_v" USING btree ("version__status");
            CREATE INDEX "_case_studies_v_created_at_idx" ON "_case_studies_v" USING btree ("created_at");
            CREATE INDEX "_case_studies_v_updated_at_idx" ON "_case_studies_v" USING btree ("updated_at");
            CREATE INDEX "_case_studies_v_latest_idx" ON "_case_studies_v" USING btree ("latest");
            CREATE INDEX "_case_studies_v_autosave_idx" ON "_case_studies_v" USING btree ("autosave");
            CREATE INDEX "resources_thumbnail_idx" ON "resources" USING btree ("thumbnail_id");
            CREATE INDEX "resources_download_file_idx" ON "resources" USING btree ("download_file_id");
            CREATE INDEX "resources_meta_meta_image_idx" ON "resources" USING btree ("meta_image_id");
            CREATE UNIQUE INDEX "resources_slug_idx" ON "resources" USING btree ("slug");
            CREATE INDEX "resources_updated_at_idx" ON "resources" USING btree ("updated_at");
            CREATE INDEX "resources_created_at_idx" ON "resources" USING btree ("created_at");
            CREATE INDEX "resources__status_idx" ON "resources" USING btree ("_status");
            CREATE INDEX "resources_rels_order_idx" ON "resources_rels" USING btree ("order");
            CREATE INDEX "resources_rels_parent_idx" ON "resources_rels" USING btree ("parent_id");
            CREATE INDEX "resources_rels_path_idx" ON "resources_rels" USING btree ("path");
            CREATE INDEX "resources_rels_categories_id_idx" ON "resources_rels" USING btree ("categories_id");
            CREATE INDEX "_resources_v_parent_idx" ON "_resources_v" USING btree ("parent_id");
            CREATE INDEX "_resources_v_version_version_thumbnail_idx" ON "_resources_v" USING btree ("version_thumbnail_id");
            CREATE INDEX "_resources_v_version_version_download_file_idx" ON "_resources_v" USING btree ("version_download_file_id");
            CREATE INDEX "_resources_v_version_meta_version_meta_image_idx" ON "_resources_v" USING btree ("version_meta_image_id");
            CREATE INDEX "_resources_v_version_version_slug_idx" ON "_resources_v" USING btree ("version_slug");
            CREATE INDEX "_resources_v_version_version_updated_at_idx" ON "_resources_v" USING btree ("version_updated_at");
            CREATE INDEX "_resources_v_version_version_created_at_idx" ON "_resources_v" USING btree ("version_created_at");
            CREATE INDEX "_resources_v_version_version__status_idx" ON "_resources_v" USING btree ("version__status");
            CREATE INDEX "_resources_v_created_at_idx" ON "_resources_v" USING btree ("created_at");
            CREATE INDEX "_resources_v_updated_at_idx" ON "_resources_v" USING btree ("updated_at");
            CREATE INDEX "_resources_v_latest_idx" ON "_resources_v" USING btree ("latest");
            CREATE INDEX "_resources_v_autosave_idx" ON "_resources_v" USING btree ("autosave");
            CREATE INDEX "_resources_v_rels_order_idx" ON "_resources_v_rels" USING btree ("order");
            CREATE INDEX "_resources_v_rels_parent_idx" ON "_resources_v_rels" USING btree ("parent_id");
            CREATE INDEX "_resources_v_rels_path_idx" ON "_resources_v_rels" USING btree ("path");
            CREATE INDEX "_resources_v_rels_categories_id_idx" ON "_resources_v_rels" USING btree ("categories_id");
            CREATE UNIQUE INDEX "redirects_from_idx" ON "redirects" USING btree ("from");
            CREATE INDEX "redirects_updated_at_idx" ON "redirects" USING btree ("updated_at");
            CREATE INDEX "redirects_created_at_idx" ON "redirects" USING btree ("created_at");
            CREATE INDEX "redirects_rels_order_idx" ON "redirects_rels" USING btree ("order");
            CREATE INDEX "redirects_rels_parent_idx" ON "redirects_rels" USING btree ("parent_id");
            CREATE INDEX "redirects_rels_path_idx" ON "redirects_rels" USING btree ("path");
            CREATE INDEX "redirects_rels_pages_id_idx" ON "redirects_rels" USING btree ("pages_id");
            CREATE INDEX "redirects_rels_posts_id_idx" ON "redirects_rels" USING btree ("posts_id");
            CREATE INDEX "forms_blocks_checkbox_order_idx" ON "forms_blocks_checkbox" USING btree ("_order");
            CREATE INDEX "forms_blocks_checkbox_parent_id_idx" ON "forms_blocks_checkbox" USING btree ("_parent_id");
            CREATE INDEX "forms_blocks_checkbox_path_idx" ON "forms_blocks_checkbox" USING btree ("_path");
            CREATE INDEX "forms_blocks_country_order_idx" ON "forms_blocks_country" USING btree ("_order");
            CREATE INDEX "forms_blocks_country_parent_id_idx" ON "forms_blocks_country" USING btree ("_parent_id");
            CREATE INDEX "forms_blocks_country_path_idx" ON "forms_blocks_country" USING btree ("_path");
            CREATE INDEX "forms_blocks_email_order_idx" ON "forms_blocks_email" USING btree ("_order");
            CREATE INDEX "forms_blocks_email_parent_id_idx" ON "forms_blocks_email" USING btree ("_parent_id");
            CREATE INDEX "forms_blocks_email_path_idx" ON "forms_blocks_email" USING btree ("_path");
            CREATE INDEX "forms_blocks_message_order_idx" ON "forms_blocks_message" USING btree ("_order");
            CREATE INDEX "forms_blocks_message_parent_id_idx" ON "forms_blocks_message" USING btree ("_parent_id");
            CREATE INDEX "forms_blocks_message_path_idx" ON "forms_blocks_message" USING btree ("_path");
            CREATE INDEX "forms_blocks_number_order_idx" ON "forms_blocks_number" USING btree ("_order");
            CREATE INDEX "forms_blocks_number_parent_id_idx" ON "forms_blocks_number" USING btree ("_parent_id");
            CREATE INDEX "forms_blocks_number_path_idx" ON "forms_blocks_number" USING btree ("_path");
            CREATE INDEX "forms_blocks_select_options_order_idx" ON "forms_blocks_select_options" USING btree ("_order");
            CREATE INDEX "forms_blocks_select_options_parent_id_idx" ON "forms_blocks_select_options" USING btree ("_parent_id");
            CREATE INDEX "forms_blocks_select_order_idx" ON "forms_blocks_select" USING btree ("_order");
            CREATE INDEX "forms_blocks_select_parent_id_idx" ON "forms_blocks_select" USING btree ("_parent_id");
            CREATE INDEX "forms_blocks_select_path_idx" ON "forms_blocks_select" USING btree ("_path");
            CREATE INDEX "forms_blocks_state_order_idx" ON "forms_blocks_state" USING btree ("_order");
            CREATE INDEX "forms_blocks_state_parent_id_idx" ON "forms_blocks_state" USING btree ("_parent_id");
            CREATE INDEX "forms_blocks_state_path_idx" ON "forms_blocks_state" USING btree ("_path");
            CREATE INDEX "forms_blocks_text_order_idx" ON "forms_blocks_text" USING btree ("_order");
            CREATE INDEX "forms_blocks_text_parent_id_idx" ON "forms_blocks_text" USING btree ("_parent_id");
            CREATE INDEX "forms_blocks_text_path_idx" ON "forms_blocks_text" USING btree ("_path");
            CREATE INDEX "forms_blocks_textarea_order_idx" ON "forms_blocks_textarea" USING btree ("_order");
            CREATE INDEX "forms_blocks_textarea_parent_id_idx" ON "forms_blocks_textarea" USING btree ("_parent_id");
            CREATE INDEX "forms_blocks_textarea_path_idx" ON "forms_blocks_textarea" USING btree ("_path");
            CREATE INDEX "forms_emails_order_idx" ON "forms_emails" USING btree ("_order");
            CREATE INDEX "forms_emails_parent_id_idx" ON "forms_emails" USING btree ("_parent_id");
            CREATE INDEX "forms_updated_at_idx" ON "forms" USING btree ("updated_at");
            CREATE INDEX "forms_created_at_idx" ON "forms" USING btree ("created_at");
            CREATE INDEX "form_submissions_submission_data_order_idx" ON "form_submissions_submission_data" USING btree ("_order");
            CREATE INDEX "form_submissions_submission_data_parent_id_idx" ON "form_submissions_submission_data" USING btree ("_parent_id");
            CREATE INDEX "form_submissions_form_idx" ON "form_submissions" USING btree ("form_id");
            CREATE INDEX "form_submissions_updated_at_idx" ON "form_submissions" USING btree ("updated_at");
            CREATE INDEX "form_submissions_created_at_idx" ON "form_submissions" USING btree ("created_at");
            CREATE INDEX "search_categories_order_idx" ON "search_categories" USING btree ("_order");
            CREATE INDEX "search_categories_parent_id_idx" ON "search_categories" USING btree ("_parent_id");
            CREATE INDEX "search_slug_idx" ON "search" USING btree ("slug");
            CREATE INDEX "search_meta_meta_image_idx" ON "search" USING btree ("meta_image_id");
            CREATE INDEX "search_updated_at_idx" ON "search" USING btree ("updated_at");
            CREATE INDEX "search_created_at_idx" ON "search" USING btree ("created_at");
            CREATE INDEX "search_rels_order_idx" ON "search_rels" USING btree ("order");
            CREATE INDEX "search_rels_parent_idx" ON "search_rels" USING btree ("parent_id");
            CREATE INDEX "search_rels_path_idx" ON "search_rels" USING btree ("path");
            CREATE INDEX "search_rels_posts_id_idx" ON "search_rels" USING btree ("posts_id");
            CREATE UNIQUE INDEX "payload_kv_key_idx" ON "payload_kv" USING btree ("key");
            CREATE INDEX "payload_jobs_log_order_idx" ON "payload_jobs_log" USING btree ("_order");
            CREATE INDEX "payload_jobs_log_parent_id_idx" ON "payload_jobs_log" USING btree ("_parent_id");
            CREATE INDEX "payload_jobs_completed_at_idx" ON "payload_jobs" USING btree ("completed_at");
            CREATE INDEX "payload_jobs_total_tried_idx" ON "payload_jobs" USING btree ("total_tried");
            CREATE INDEX "payload_jobs_has_error_idx" ON "payload_jobs" USING btree ("has_error");
            CREATE INDEX "payload_jobs_task_slug_idx" ON "payload_jobs" USING btree ("task_slug");
            CREATE INDEX "payload_jobs_queue_idx" ON "payload_jobs" USING btree ("queue");
            CREATE INDEX "payload_jobs_wait_until_idx" ON "payload_jobs" USING btree ("wait_until");
            CREATE INDEX "payload_jobs_processing_idx" ON "payload_jobs" USING btree ("processing");
            CREATE INDEX "payload_jobs_updated_at_idx" ON "payload_jobs" USING btree ("updated_at");
            CREATE INDEX "payload_jobs_created_at_idx" ON "payload_jobs" USING btree ("created_at");
            CREATE INDEX "payload_folders_folder_type_order_idx" ON "payload_folders_folder_type" USING btree ("order");
            CREATE INDEX "payload_folders_folder_type_parent_idx" ON "payload_folders_folder_type" USING btree ("parent_id");
            CREATE INDEX "payload_folders_name_idx" ON "payload_folders" USING btree ("name");
            CREATE INDEX "payload_folders_folder_idx" ON "payload_folders" USING btree ("folder_id");
            CREATE INDEX "payload_folders_updated_at_idx" ON "payload_folders" USING btree ("updated_at");
            CREATE INDEX "payload_folders_created_at_idx" ON "payload_folders" USING btree ("created_at");
            CREATE INDEX "payload_locked_documents_global_slug_idx" ON "payload_locked_documents" USING btree ("global_slug");
            CREATE INDEX "payload_locked_documents_updated_at_idx" ON "payload_locked_documents" USING btree ("updated_at");
            CREATE INDEX "payload_locked_documents_created_at_idx" ON "payload_locked_documents" USING btree ("created_at");
            CREATE INDEX "payload_locked_documents_rels_order_idx" ON "payload_locked_documents_rels" USING btree ("order");
            CREATE INDEX "payload_locked_documents_rels_parent_idx" ON "payload_locked_documents_rels" USING btree ("parent_id");
            CREATE INDEX "payload_locked_documents_rels_path_idx" ON "payload_locked_documents_rels" USING btree ("path");
            CREATE INDEX "payload_locked_documents_rels_pages_id_idx" ON "payload_locked_documents_rels" USING btree ("pages_id");
            CREATE INDEX "payload_locked_documents_rels_posts_id_idx" ON "payload_locked_documents_rels" USING btree ("posts_id");
            CREATE INDEX "payload_locked_documents_rels_media_id_idx" ON "payload_locked_documents_rels" USING btree ("media_id");
            CREATE INDEX "payload_locked_documents_rels_categories_id_idx" ON "payload_locked_documents_rels" USING btree ("categories_id");
            CREATE INDEX "payload_locked_documents_rels_users_id_idx" ON "payload_locked_documents_rels" USING btree ("users_id");
            CREATE INDEX "payload_locked_documents_rels_case_studies_id_idx" ON "payload_locked_documents_rels" USING btree ("case_studies_id");
            CREATE INDEX "payload_locked_documents_rels_resources_id_idx" ON "payload_locked_documents_rels" USING btree ("resources_id");
            CREATE INDEX "payload_locked_documents_rels_redirects_id_idx" ON "payload_locked_documents_rels" USING btree ("redirects_id");
            CREATE INDEX "payload_locked_documents_rels_forms_id_idx" ON "payload_locked_documents_rels" USING btree ("forms_id");
            CREATE INDEX "payload_locked_documents_rels_form_submissions_id_idx" ON "payload_locked_documents_rels" USING btree ("form_submissions_id");
            CREATE INDEX "payload_locked_documents_rels_search_id_idx" ON "payload_locked_documents_rels" USING btree ("search_id");
            CREATE INDEX "payload_locked_documents_rels_payload_folders_id_idx" ON "payload_locked_documents_rels" USING btree ("payload_folders_id");
            CREATE INDEX "payload_preferences_key_idx" ON "payload_preferences" USING btree ("key");
            CREATE INDEX "payload_preferences_updated_at_idx" ON "payload_preferences" USING btree ("updated_at");
            CREATE INDEX "payload_preferences_created_at_idx" ON "payload_preferences" USING btree ("created_at");
            CREATE INDEX "payload_preferences_rels_order_idx" ON "payload_preferences_rels" USING btree ("order");
            CREATE INDEX "payload_preferences_rels_parent_idx" ON "payload_preferences_rels" USING btree ("parent_id");
            CREATE INDEX "payload_preferences_rels_path_idx" ON "payload_preferences_rels" USING btree ("path");
            CREATE INDEX "payload_preferences_rels_users_id_idx" ON "payload_preferences_rels" USING btree ("users_id");
            CREATE INDEX "payload_migrations_updated_at_idx" ON "payload_migrations" USING btree ("updated_at");
            CREATE INDEX "payload_migrations_created_at_idx" ON "payload_migrations" USING btree ("created_at");
            CREATE INDEX "header_nav_items_order_idx" ON "header_nav_items" USING btree ("_order");
            CREATE INDEX "header_nav_items_parent_id_idx" ON "header_nav_items" USING btree ("_parent_id");
            CREATE INDEX "header_rels_order_idx" ON "header_rels" USING btree ("order");
            CREATE INDEX "header_rels_parent_idx" ON "header_rels" USING btree ("parent_id");
            CREATE INDEX "header_rels_path_idx" ON "header_rels" USING btree ("path");
            CREATE INDEX "header_rels_pages_id_idx" ON "header_rels" USING btree ("pages_id");
            CREATE INDEX "header_rels_posts_id_idx" ON "header_rels" USING btree ("posts_id");
            CREATE INDEX "footer_nav_items_order_idx" ON "footer_nav_items" USING btree ("_order");
            CREATE INDEX "footer_nav_items_parent_id_idx" ON "footer_nav_items" USING btree ("_parent_id");
            CREATE INDEX "footer_rels_order_idx" ON "footer_rels" USING btree ("order");
            CREATE INDEX "footer_rels_parent_idx" ON "footer_rels" USING btree ("parent_id");
            CREATE INDEX "footer_rels_path_idx" ON "footer_rels" USING btree ("path");
            CREATE INDEX "footer_rels_pages_id_idx" ON "footer_rels" USING btree ("pages_id");
            CREATE INDEX "footer_rels_posts_id_idx" ON "footer_rels" USING btree ("posts_id");
            CREATE INDEX "settings_logo_idx" ON "settings" USING btree ("logo_id");
            CREATE INDEX "settings_favicon_idx" ON "settings" USING btree ("favicon_id");
          params: 
              at NodePgPreparedQuery.queryWithCache (/home/sid/Desktop/horizon/horizon-web/horizon/node_modules/src/pg-core/session.ts:73:11)
              at process.processTicksAndRejections (node:internal/process/task_queues:103:5)
              at async Object.up (/home/sid/Desktop/horizon/horizon-web/horizon/src/migrations/20251104_221026.ts:4:3)
              at async runMigrationFile (/home/sid/Desktop/horizon/horizon-web/horizon/node_modules/@payloadcms/drizzle/src/migrate.ts:99:5)
              at async Object.migrate (/home/sid/Desktop/horizon/horizon-web/horizon/node_modules/@payloadcms/drizzle/src/migrate.ts:86:5)
              at async migrate (/home/sid/Desktop/horizon/horizon-web/horizon/node_modules/payload/src/bin/migrate.ts:87:7)
              at async runBinScript (/home/sid/Desktop/horizon/horizon-web/horizon/node_modules/payload/dist/bin/index.js:112:9)
              at async bin (/home/sid/Desktop/horizon/horizon-web/horizon/node_modules/payload/dist/bin/index.js:45:29)
              at async start (file:///home/sid/Desktop/horizon/horizon-web/horizon/node_modules/payload/bin.js:30:7)
          caused by: error: type "enum_pages_hero_links_link_type" already exists
              at /home/sid/Desktop/horizon/horizon-web/horizon/node_modules/pg/lib/client.js:545:17
              at process.processTicksAndRejections (node:internal/process/task_queues:103:5)
              at async <anonymous> (/home/sid/Desktop/horizon/horizon-web/horizon/node_modules/src/node-postgres/session.ts:149:14)
              at async NodePgPreparedQuery.queryWithCache (/home/sid/Desktop/horizon/horizon-web/horizon/node_modules/src/pg-core/session.ts:71:12)
              at async Object.up (/home/sid/Desktop/horizon/horizon-web/horizon/src/migrations/20251104_221026.ts:4:3)
              at async runMigrationFile (/home/sid/Desktop/horizon/horizon-web/horizon/node_modules/@payloadcms/drizzle/src/migrate.ts:99:5)
              at async Object.migrate (/home/sid/Desktop/horizon/horizon-web/horizon/node_modules/@payloadcms/drizzle/src/migrate.ts:86:5)
              at async migrate (/home/sid/Desktop/horizon/horizon-web/horizon/node_modules/payload/src/bin/migrate.ts:87:7)
              at async runBinScript (/home/sid/Desktop/horizon/horizon-web/horizon/node_modules/payload/dist/bin/index.js:112:9)
              at async bin (/home/sid/Desktop/horizon/horizon-web/horizon/node_modules/payload/dist/bin/index.js:45:29)
      "query": "\n   CREATE TYPE \"public\".\"enum_pages_hero_links_link_type\" AS ENUM('reference', 'custom');\n  CREATE TYPE \"public\".\"enum_pages_hero_links_link_appearance\" AS ENUM('default', 'outline');\n  CREATE TYPE \"public\".\"enum_pages_blocks_cta_links_link_type\" AS ENUM('reference', 'custom');\n  CREATE TYPE \"public\".\"enum_pages_blocks_cta_links_link_appearance\" AS ENUM('default', 'outline');\n  CREATE TYPE \"public\".\"enum_pages_blocks_content_columns_size\" AS ENUM('oneThird', 'half', 'twoThirds', 'full');\n  CREATE TYPE \"public\".\"enum_pages_blocks_content_columns_link_type\" AS ENUM('reference', 'custom');\n  CREATE TYPE \"public\".\"enum_pages_blocks_content_columns_link_appearance\" AS ENUM('default', 'outline');\n  CREATE TYPE \"public\".\"enum_pages_blocks_archive_populate_by\" AS ENUM('collection', 'selection');\n  CREATE TYPE \"public\".\"enum_pages_blocks_archive_relation_to\" AS ENUM('posts');\n  CREATE TYPE \"public\".\"enum_pages_hero_type\" AS ENUM('none', 'highImpact', 'mediumImpact', 'lowImpact');\n  CREATE TYPE \"public\".\"enum_pages_status\" AS ENUM('draft', 'published');\n  CREATE TYPE \"public\".\"enum__pages_v_version_hero_links_link_type\" AS ENUM('reference', 'custom');\n  CREATE TYPE \"public\".\"enum__pages_v_version_hero_links_link_appearance\" AS ENUM('default', 'outline');\n  CREATE TYPE \"public\".\"enum__pages_v_blocks_cta_links_link_type\" AS ENUM('reference', 'custom');\n  CREATE TYPE \"public\".\"enum__pages_v_blocks_cta_links_link_appearance\" AS ENUM('default', 'outline');\n  CREATE TYPE \"public\".\"enum__pages_v_blocks_content_columns_size\" AS ENUM('oneThird', 'half', 'twoThirds', 'full');\n  CREATE TYPE \"public\".\"enum__pages_v_blocks_content_columns_link_type\" AS ENUM('reference', 'custom');\n  CREATE TYPE \"public\".\"enum__pages_v_blocks_content_columns_link_appearance\" AS ENUM('default', 'outline');\n  CREATE TYPE \"public\".\"enum__pages_v_blocks_archive_populate_by\" AS ENUM('collection', 'selection');\n  CREATE TYPE \"public\".\"enum__pages_v_blocks_archive_relation_to\" AS ENUM('posts');\n  CREATE TYPE \"public\".\"enum__pages_v_version_hero_type\" AS ENUM('none', 'highImpact', 'mediumImpact', 'lowImpact');\n  CREATE TYPE \"public\".\"enum__pages_v_version_status\" AS ENUM('draft', 'published');\n  CREATE TYPE \"public\".\"enum_posts_status\" AS ENUM('draft', 'published');\n  CREATE TYPE \"public\".\"enum__posts_v_version_status\" AS ENUM('draft', 'published');\n  CREATE TYPE \"public\".\"enum_case_studies_metrics_icon\" AS ENUM('trend-up', 'clock', 'target', 'trophy', 'chart');\n  CREATE TYPE \"public\".\"enum_case_studies_year_in_school\" AS ENUM('freshman', 'sophomore', 'junior', 'senior', 'graduate');\n  CREATE TYPE \"public\".\"enum_case_studies_status\" AS ENUM('draft', 'published');\n  CREATE TYPE \"public\".\"enum__case_studies_v_version_metrics_icon\" AS ENUM('trend-up', 'clock', 'target', 'trophy', 'chart');\n  CREATE TYPE \"public\".\"enum__case_studies_v_version_year_in_school\" AS ENUM('freshman', 'sophomore', 'junior', 'senior', 'graduate');\n  CREATE TYPE \"public\".\"enum__case_studies_v_version_status\" AS ENUM('draft', 'published');\n  CREATE TYPE \"public\".\"enum_resources_type\" AS ENUM('study-guide', 'template', 'cheat-sheet', 'video', 'podcast', 'webinar', 'ebook');\n  CREATE TYPE \"public\".\"enum_resources_difficulty\" AS ENUM('beginner', 'intermediate', 'advanced');\n  CREATE TYPE \"public\".\"enum_resources_status\" AS ENUM('draft', 'published');\n  CREATE TYPE \"public\".\"enum__resources_v_version_type\" AS ENUM('study-guide', 'template', 'cheat-sheet', 'video', 'podcast', 'webinar', 'ebook');\n  CREATE TYPE \"public\".\"enum__resources_v_version_difficulty\" AS ENUM('beginner', 'intermediate', 'advanced');\n  CREATE TYPE \"public\".\"enum__resources_v_version_status\" AS ENUM('draft', 'published');\n  CREATE TYPE \"public\".\"enum_redirects_to_type\" AS ENUM('reference', 'custom');\n  CREATE TYPE \"public\".\"enum_forms_confirmation_type\" AS ENUM('message', 'redirect');\n  CREATE TYPE \"public\".\"enum_payload_jobs_log_task_slug\" AS ENUM('inline', 'schedulePublish');\n  CREATE TYPE \"public\".\"enum_payload_jobs_log_state\" AS ENUM('failed', 'succeeded');\n  CREATE TYPE \"public\".\"enum_payload_jobs_task_slug\" AS ENUM('inline', 'schedulePublish');\n  CREATE TYPE \"public\".\"enum_payload_folders_folder_type\" AS ENUM('media');\n  CREATE TYPE \"public\".\"enum_header_nav_items_link_type\" AS ENUM('reference', 'custom');\n  CREATE TYPE \"public\".\"enum_footer_nav_items_link_type\" AS ENUM('reference', 'custom');\n  CREATE TYPE \"public\".\"enum_settings_announcement_bar_background_color\" AS ENUM('blue', 'green', 'orange', 'red', 'purple');\n  CREATE TABLE \"pages_hero_links\" (\n  \t\"_order\" integer NOT NULL,\n  \t\"_parent_id\" integer NOT NULL,\n  \t\"id\" varchar PRIMARY KEY NOT NULL,\n  \t\"link_type\" \"enum_pages_hero_links_link_type\" DEFAULT 'reference',\n  \t\"link_new_tab\" boolean,\n  \t\"link_url\" varchar,\n  \t\"link_label\" varchar,\n  \t\"link_appearance\" \"enum_pages_hero_links_link_appearance\" DEFAULT 'default'\n  );\n  \n  CREATE TABLE \"pages_blocks_cta_links\" (\n  \t\"_order\" integer NOT NULL,\n  \t\"_parent_id\" varchar NOT NULL,\n  \t\"id\" varchar PRIMARY KEY NOT NULL,\n  \t\"link_type\" \"enum_pages_blocks_cta_links_link_type\" DEFAULT 'reference',\n  \t\"link_new_tab\" boolean,\n  \t\"link_url\" varchar,\n  \t\"link_label\" varchar,\n  \t\"link_appearance\" \"enum_pages_blocks_cta_links_link_appearance\" DEFAULT 'default'\n  );\n  \n  CREATE TABLE \"pages_blocks_cta\" (\n  \t\"_order\" integer NOT NULL,\n  \t\"_parent_id\" integer NOT NULL,\n  \t\"_path\" text NOT NULL,\n  \t\"id\" varchar PRIMARY KEY NOT NULL,\n  \t\"rich_text\" jsonb,\n  \t\"block_name\" varchar\n  );\n  \n  CREATE TABLE \"pages_blocks_content_columns\" (\n  \t\"_order\" integer NOT NULL,\n  \t\"_parent_id\" varchar NOT NULL,\n  \t\"id\" varchar PRIMARY KEY NOT NULL,\n  \t\"size\" \"enum_pages_blocks_content_columns_size\" DEFAULT 'oneThird',\n  \t\"rich_text\" jsonb,\n  \t\"enable_link\" boolean,\n  \t\"link_type\" \"enum_pages_blocks_content_columns_link_type\" DEFAULT 'reference',\n  \t\"link_new_tab\" boolean,\n  \t\"link_url\" varchar,\n  \t\"link_label\" varchar,\n  \t\"link_appearance\" \"enum_pages_blocks_content_columns_link_appearance\" DEFAULT 'default'\n  );\n  \n  CREATE TABLE \"pages_blocks_content\" (\n  \t\"_order\" integer NOT NULL,\n  \t\"_parent_id\" integer NOT NULL,\n  \t\"_path\" text NOT NULL,\n  \t\"id\" varchar PRIMARY KEY NOT NULL,\n  \t\"block_name\" varchar\n  );\n  \n  CREATE TABLE \"pages_blocks_media_block\" (\n  \t\"_order\" integer NOT NULL,\n  \t\"_parent_id\" integer NOT NULL,\n  \t\"_path\" text NOT NULL,\n  \t\"id\" varchar PRIMARY KEY NOT NULL,\n  \t\"media_id\" integer,\n  \t\"block_name\" varchar\n  );\n  \n  CREATE TABLE \"pages_blocks_archive\" (\n  \t\"_order\" integer NOT NULL,\n  \t\"_parent_id\" integer NOT NULL,\n  \t\"_path\" text NOT NULL,\n  \t\"id\" varchar PRIMARY KEY NOT NULL,\n  \t\"intro_content\" jsonb,\n  \t\"populate_by\" \"enum_pages_blocks_archive_populate_by\" DEFAULT 'collection',\n  \t\"relation_to\" \"enum_pages_blocks_archive_relation_to\" DEFAULT 'posts',\n  \t\"limit\" numeric DEFAULT 10,\n  \t\"block_name\" varchar\n  );\n  \n  CREATE TABLE \"pages_blocks_form_block\" (\n  \t\"_order\" integer NOT NULL,\n  \t\"_parent_id\" integer NOT NULL,\n  \t\"_path\" text NOT NULL,\n  \t\"id\" varchar PRIMARY KEY NOT NULL,\n  \t\"form_id\" integer,\n  \t\"enable_intro\" boolean,\n  \t\"intro_content\" jsonb,\n  \t\"block_name\" varchar\n  );\n  \n  CREATE TABLE \"pages\" (\n  \t\"id\" serial PRIMARY KEY NOT NULL,\n  \t\"title\" varchar,\n  \t\"hero_type\" \"enum_pages_hero_type\" DEFAULT 'lowImpact',\n  \t\"hero_rich_text\" jsonb,\n  \t\"hero_media_id\" integer,\n  \t\"meta_title\" varchar,\n  \t\"meta_image_id\" integer,\n  \t\"meta_description\" varchar,\n  \t\"published_at\" timestamp(3) with time zone,\n  \t\"generate_slug\" boolean DEFAULT true,\n  \t\"slug\" varchar,\n  \t\"updated_at\" timestamp(3) with time zone DEFAULT now() NOT NULL,\n  \t\"created_at\" timestamp(3) with time zone DEFAULT now() NOT NULL,\n  \t\"_status\" \"enum_pages_status\" DEFAULT 'draft'\n  );\n  \n  CREATE TABLE \"pages_rels\" (\n  \t\"id\" serial PRIMARY KEY NOT NULL,\n  \t\"order\" integer,\n  \t\"parent_id\" integer NOT NULL,\n  \t\"path\" varchar NOT NULL,\n  \t\"pages_id\" integer,\n  \t\"posts_id\" integer,\n  \t\"categories_id\" integer\n  );\n  \n  CREATE TABLE \"_pages_v_version_hero_links\" (\n  \t\"_order\" integer NOT NULL,\n  \t\"_parent_id\" integer NOT NULL,\n  \t\"id\" serial PRIMARY KEY NOT NULL,\n  \t\"link_type\" \"enum__pages_v_version_hero_links_link_type\" DEFAULT 'reference',\n  \t\"link_new_tab\" boolean,\n  \t\"link_url\" varchar,\n  \t\"link_label\" varchar,\n  \t\"link_appearance\" \"enum__pages_v_version_hero_links_link_appearance\" DEFAULT 'default',\n  \t\"_uuid\" varchar\n  );\n  \n  CREATE TABLE \"_pages_v_blocks_cta_links\" (\n  \t\"_order\" integer NOT NULL,\n  \t\"_parent_id\" integer NOT NULL,\n  \t\"id\" serial PRIMARY KEY NOT NULL,\n  \t\"link_type\" \"enum__pages_v_blocks_cta_links_link_type\" DEFAULT 'reference',\n  \t\"link_new_tab\" boolean,\n  \t\"link_url\" varchar,\n  \t\"link_label\" varchar,\n  \t\"link_appearance\" \"enum__pages_v_blocks_cta_links_link_appearance\" DEFAULT 'default',\n  \t\"_uuid\" varchar\n  );\n  \n  CREATE TABLE \"_pages_v_blocks_cta\" (\n  \t\"_order\" integer NOT NULL,\n  \t\"_parent_id\" integer NOT NULL,\n  \t\"_path\" text NOT NULL,\n  \t\"id\" serial PRIMARY KEY NOT NULL,\n  \t\"rich_text\" jsonb,\n  \t\"_uuid\" varchar,\n  \t\"block_name\" varchar\n  );\n  \n  CREATE TABLE \"_pages_v_blocks_content_columns\" (\n  \t\"_order\" integer NOT NULL,\n  \t\"_parent_id\" integer NOT NULL,\n  \t\"id\" serial PRIMARY KEY NOT NULL,\n  \t\"size\" \"enum__pages_v_blocks_content_columns_size\" DEFAULT 'oneThird',\n  \t\"rich_text\" jsonb,\n  \t\"enable_link\" boolean,\n  \t\"link_type\" \"enum__pages_v_blocks_content_columns_link_type\" DEFAULT 'reference',\n  \t\"link_new_tab\" boolean,\n  \t\"link_url\" varchar,\n  \t\"link_label\" varchar,\n  \t\"link_appearance\" \"enum__pages_v_blocks_content_columns_link_appearance\" DEFAULT 'default',\n  \t\"_uuid\" varchar\n  );\n  \n  CREATE TABLE \"_pages_v_blocks_content\" (\n  \t\"_order\" integer NOT NULL,\n  \t\"_parent_id\" integer NOT NULL,\n  \t\"_path\" text NOT NULL,\n  \t\"id\" serial PRIMARY KEY NOT NULL,\n  \t\"_uuid\" varchar,\n  \t\"block_name\" varchar\n  );\n  \n  CREATE TABLE \"_pages_v_blocks_media_block\" (\n  \t\"_order\" integer NOT NULL,\n  \t\"_parent_id\" integer NOT NULL,\n  \t\"_path\" text NOT NULL,\n  \t\"id\" serial PRIMARY KEY NOT NULL,\n  \t\"media_id\" integer,\n  \t\"_uuid\" varchar,\n  \t\"block_name\" varchar\n  );\n  \n  CREATE TABLE \"_pages_v_blocks_archive\" (\n  \t\"_order\" integer NOT NULL,\n  \t\"_parent_id\" integer NOT NULL,\n  \t\"_path\" text NOT NULL,\n  \t\"id\" serial PRIMARY KEY NOT NULL,\n  \t\"intro_content\" jsonb,\n  \t\"populate_by\" \"enum__pages_v_blocks_archive_populate_by\" DEFAULT 'collection',\n  \t\"relation_to\" \"enum__pages_v_blocks_archive_relation_to\" DEFAULT 'posts',\n  \t\"limit\" numeric DEFAULT 10,\n  \t\"_uuid\" varchar,\n  \t\"block_name\" varchar\n  );\n  \n  CREATE TABLE \"_pages_v_blocks_form_block\" (\n  \t\"_order\" integer NOT NULL,\n  \t\"_parent_id\" integer NOT NULL,\n  \t\"_path\" text NOT NULL,\n  \t\"id\" serial PRIMARY KEY NOT NULL,\n  \t\"form_id\" integer,\n  \t\"enable_intro\" boolean,\n  \t\"intro_content\" jsonb,\n  \t\"_uuid\" varchar,\n  \t\"block_name\" varchar\n  );\n  \n  CREATE TABLE \"_pages_v\" (\n  \t\"id\" serial PRIMARY KEY NOT NULL,\n  \t\"parent_id\" integer,\n  \t\"version_title\" varchar,\n  \t\"version_hero_type\" \"enum__pages_v_version_hero_type\" DEFAULT 'lowImpact',\n  \t\"version_hero_rich_text\" jsonb,\n  \t\"version_hero_media_id\" integer,\n  \t\"version_meta_title\" varchar,\n  \t\"version_meta_image_id\" integer,\n  \t\"version_meta_description\" varchar,\n  \t\"version_published_at\" timestamp(3) with time zone,\n  \t\"version_generate_slug\" boolean DEFAULT true,\n  \t\"version_slug\" varchar,\n  \t\"version_updated_at\" timestamp(3) with time zone,\n  \t\"version_created_at\" timestamp(3) with time zone,\n  \t\"version__status\" \"enum__pages_v_version_status\" DEFAULT 'draft',\n  \t\"created_at\" timestamp(3) with time zone DEFAULT now() NOT NULL,\n  \t\"updated_at\" timestamp(3) with time zone DEFAULT now() NOT NULL,\n  \t\"latest\" boolean,\n  \t\"autosave\" boolean\n  );\n  \n  CREATE TABLE \"_pages_v_rels\" (\n  \t\"id\" serial PRIMARY KEY NOT NULL,\n  \t\"order\" integer,\n  \t\"parent_id\" integer NOT NULL,\n  \t\"path\" varchar NOT NULL,\n  \t\"pages_id\" integer,\n  \t\"posts_id\" integer,\n  \t\"categories_id\" integer\n  );\n  \n  CREATE TABLE \"posts_populated_authors\" (\n  \t\"_order\" integer NOT NULL,\n  \t\"_parent_id\" integer NOT NULL,\n  \t\"id\" varchar PRIMARY KEY NOT NULL,\n  \t\"name\" varchar\n  );\n  \n  CREATE TABLE \"posts\" (\n  \t\"id\" serial PRIMARY KEY NOT NULL,\n  \t\"title\" varchar,\n  \t\"hero_image_id\" integer,\n  \t\"content\" jsonb,\n  \t\"meta_title\" varchar,\n  \t\"meta_image_id\" integer,\n  \t\"meta_description\" varchar,\n  \t\"published_at\" timestamp(3) with time zone,\n  \t\"generate_slug\" boolean DEFAULT true,\n  \t\"slug\" varchar,\n  \t\"updated_at\" timestamp(3) with time zone DEFAULT now() NOT NULL,\n  \t\"created_at\" timestamp(3) with time zone DEFAULT now() NOT NULL,\n  \t\"_status\" \"enum_posts_status\" DEFAULT 'draft'\n  );\n  \n  CREATE TABLE \"posts_rels\" (\n  \t\"id\" serial PRIMARY KEY NOT NULL,\n  \t\"order\" integer,\n  \t\"parent_id\" integer NOT NULL,\n  \t\"path\" varchar NOT NULL,\n  \t\"posts_id\" integer,\n  \t\"categories_id\" integer,\n  \t\"users_id\" integer\n  );\n  \n  CREATE TABLE \"_posts_v_version_populated_authors\" (\n  \t\"_order\" integer NOT NULL,\n  \t\"_parent_id\" integer NOT NULL,\n  \t\"id\" serial PRIMARY KEY NOT NULL,\n  \t\"_uuid\" varchar,\n  \t\"name\" varchar\n  );\n  \n  CREATE TABLE \"_posts_v\" (\n  \t\"id\" serial PRIMARY KEY NOT NULL,\n  \t\"parent_id\" integer,\n  \t\"version_title\" varchar,\n  \t\"version_hero_image_id\" integer,\n  \t\"version_content\" jsonb,\n  \t\"version_meta_title\" varchar,\n  \t\"version_meta_image_id\" integer,\n  \t\"version_meta_description\" varchar,\n  \t\"version_published_at\" timestamp(3) with time zone,\n  \t\"version_generate_slug\" boolean DEFAULT true,\n  \t\"version_slug\" varchar,\n  \t\"version_updated_at\" timestamp(3) with time zone,\n  \t\"version_created_at\" timestamp(3) with time zone,\n  \t\"version__status\" \"enum__posts_v_version_status\" DEFAULT 'draft',\n  \t\"created_at\" timestamp(3) with time zone DEFAULT now() NOT NULL,\n  \t\"updated_at\" timestamp(3) with time zone DEFAULT now() NOT NULL,\n  \t\"latest\" boolean,\n  \t\"autosave\" boolean\n  );\n  \n  CREATE TABLE \"_posts_v_rels\" (\n  \t\"id\" serial PRIMARY KEY NOT NULL,\n  \t\"order\" integer,\n  \t\"parent_id\" integer NOT NULL,\n  \t\"path\" varchar NOT NULL,\n  \t\"posts_id\" integer,\n  \t\"categories_id\" integer,\n  \t\"users_id\" integer\n  );\n  \n  CREATE TABLE \"media\" (\n  \t\"id\" serial PRIMARY KEY NOT NULL,\n  \t\"alt\" varchar,\n  \t\"caption\" jsonb,\n  \t\"folder_id\" integer,\n  \t\"updated_at\" timestamp(3) with time zone DEFAULT now() NOT NULL,\n  \t\"created_at\" timestamp(3) with time zone DEFAULT now() NOT NULL,\n  \t\"url\" varchar,\n  \t\"thumbnail_u_r_l\" varchar,\n  \t\"filename\" varchar,\n  \t\"mime_type\" varchar,\n  \t\"filesize\" numeric,\n  \t\"width\" numeric,\n  \t\"height\" numeric,\n  \t\"focal_x\" numeric,\n  \t\"focal_y\" numeric,\n  \t\"sizes_thumbnail_url\" varchar,\n  \t\"sizes_thumbnail_width\" numeric,\n  \t\"sizes_thumbnail_height\" numeric,\n  \t\"sizes_thumbnail_mime_type\" varchar,\n  \t\"sizes_thumbnail_filesize\" numeric,\n  \t\"sizes_thumbnail_filename\" varchar,\n  \t\"sizes_square_url\" varchar,\n  \t\"sizes_square_width\" numeric,\n  \t\"sizes_square_height\" numeric,\n  \t\"sizes_square_mime_type\" varchar,\n  \t\"sizes_square_filesize\" numeric,\n  \t\"sizes_square_filename\" varchar,\n  \t\"sizes_small_url\" varchar,\n  \t\"sizes_small_width\" numeric,\n  \t\"sizes_small_height\" numeric,\n  \t\"sizes_small_mime_type\" varchar,\n  \t\"sizes_small_filesize\" numeric,\n  \t\"sizes_small_filename\" varchar,\n  \t\"sizes_medium_url\" varchar,\n  \t\"sizes_medium_width\" numeric,\n  \t\"sizes_medium_height\" numeric,\n  \t\"sizes_medium_mime_type\" varchar,\n  \t\"sizes_medium_filesize\" numeric,\n  \t\"sizes_medium_filename\" varchar,\n  \t\"sizes_large_url\" varchar,\n  \t\"sizes_large_width\" numeric,\n  \t\"sizes_large_height\" numeric,\n  \t\"sizes_large_mime_type\" varchar,\n  \t\"sizes_large_filesize\" numeric,\n  \t\"sizes_large_filename\" varchar,\n  \t\"sizes_xlarge_url\" varchar,\n  \t\"sizes_xlarge_width\" numeric,\n  \t\"sizes_xlarge_height\" numeric,\n  \t\"sizes_xlarge_mime_type\" varchar,\n  \t\"sizes_xlarge_filesize\" numeric,\n  \t\"sizes_xlarge_filename\" varchar,\n  \t\"sizes_og_url\" varchar,\n  \t\"sizes_og_width\" numeric,\n  \t\"sizes_og_height\" numeric,\n  \t\"sizes_og_mime_type\" varchar,\n  \t\"sizes_og_filesize\" numeric,\n  \t\"sizes_og_filename\" varchar\n  );\n  \n  CREATE TABLE \"categories_breadcrumbs\" (\n  \t\"_order\" integer NOT NULL,\n  \t\"_parent_id\" integer NOT NULL,\n  \t\"id\" varchar PRIMARY KEY NOT NULL,\n  \t\"doc_id\" integer,\n  \t\"url\" varchar,\n  \t\"label\" varchar\n  );\n  \n  CREATE TABLE \"categories\" (\n  \t\"id\" serial PRIMARY KEY NOT NULL,\n  \t\"title\" varchar NOT NULL,\n  \t\"generate_slug\" boolean DEFAULT true,\n  \t\"slug\" varchar NOT NULL,\n  \t\"parent_id\" integer,\n  \t\"updated_at\" timestamp(3) with time zone DEFAULT now() NOT NULL,\n  \t\"created_at\" timestamp(3) with time zone DEFAULT now() NOT NULL\n  );\n  \n  CREATE TABLE \"users_sessions\" (\n  \t\"_order\" integer NOT NULL,\n  \t\"_parent_id\" integer NOT NULL,\n  \t\"id\" varchar PRIMARY KEY NOT NULL,\n  \t\"created_at\" timestamp(3) with time zone,\n  \t\"expires_at\" timestamp(3) with time zone NOT NULL\n  );\n  \n  CREATE TABLE \"users\" (\n  \t\"id\" serial PRIMARY KEY NOT NULL,\n  \t\"name\" varchar,\n  \t\"updated_at\" timestamp(3) with time zone DEFAULT now() NOT NULL,\n  \t\"created_at\" timestamp(3) with time zone DEFAULT now() NOT NULL,\n  \t\"email\" varchar NOT NULL,\n  \t\"reset_password_token\" varchar,\n  \t\"reset_password_expiration\" timestamp(3) with time zone,\n  \t\"salt\" varchar,\n  \t\"hash\" varchar,\n  \t\"login_attempts\" numeric DEFAULT 0,\n  \t\"lock_until\" timestamp(3) with time zone\n  );\n  \n  CREATE TABLE \"case_studies_metrics\" (\n  \t\"_order\" integer NOT NULL,\n  \t\"_parent_id\" integer NOT NULL,\n  \t\"id\" varchar PRIMARY KEY NOT NULL,\n  \t\"label\" varchar,\n  \t\"value\" varchar,\n  \t\"icon\" \"enum_case_studies_metrics_icon\"\n  );\n  \n  CREATE TABLE \"case_studies\" (\n  \t\"id\" serial PRIMARY KEY NOT NULL,\n  \t\"student_name\" varchar,\n  \t\"student_photo_id\" integer,\n  \t\"institution\" varchar,\n  \t\"major\" varchar,\n  \t\"year_in_school\" \"enum_case_studies_year_in_school\",\n  \t\"gpa\" numeric,\n  \t\"challenge\" varchar,\n  \t\"solution\" varchar,\n  \t\"outcome\" varchar,\n  \t\"testimonial\" varchar,\n  \t\"before_after_before_id\" integer,\n  \t\"before_after_after_id\" integer,\n  \t\"video_testimonial\" varchar,\n  \t\"meta_title\" varchar,\n  \t\"meta_image_id\" integer,\n  \t\"meta_description\" varchar,\n  \t\"generate_slug\" boolean DEFAULT true,\n  \t\"slug\" varchar,\n  \t\"published_at\" timestamp(3) with time zone,\n  \t\"featured\" boolean DEFAULT false,\n  \t\"updated_at\" timestamp(3) with time zone DEFAULT now() NOT NULL,\n  \t\"created_at\" timestamp(3) with time zone DEFAULT now() NOT NULL,\n  \t\"_status\" \"enum_case_studies_status\" DEFAULT 'draft'\n  );\n  \n  CREATE TABLE \"_case_studies_v_version_metrics\" (\n  \t\"_order\" integer NOT NULL,\n  \t\"_parent_id\" integer NOT NULL,\n  \t\"id\" serial PRIMARY KEY NOT NULL,\n  \t\"label\" varchar,\n  \t\"value\" varchar,\n  \t\"icon\" \"enum__case_studies_v_version_metrics_icon\",\n  \t\"_uuid\" varchar\n  );\n  \n  CREATE TABLE \"_case_studies_v\" (\n  \t\"id\" serial PRIMARY KEY NOT NULL,\n  \t\"parent_id\" integer,\n  \t\"version_student_name\" varchar,\n  \t\"version_student_photo_id\" integer,\n  \t\"version_institution\" varchar,\n  \t\"version_major\" varchar,\n  \t\"version_year_in_school\" \"enum__case_studies_v_version_year_in_school\",\n  \t\"version_gpa\" numeric,\n  \t\"version_challenge\" varchar,\n  \t\"version_solution\" varchar,\n  \t\"version_outcome\" varchar,\n  \t\"version_testimonial\" varchar,\n  \t\"version_before_after_before_id\" integer,\n  \t\"version_before_after_after_id\" integer,\n  \t\"version_video_testimonial\" varchar,\n  \t\"version_meta_title\" varchar,\n  \t\"version_meta_image_id\" integer,\n  \t\"version_meta_description\" varchar,\n  \t\"version_generate_slug\" boolean DEFAULT true,\n  \t\"version_slug\" varchar,\n  \t\"version_published_at\" timestamp(3) with time zone,\n  \t\"version_featured\" boolean DEFAULT false,\n  \t\"version_updated_at\" timestamp(3) with time zone,\n  \t\"version_created_at\" timestamp(3) with time zone,\n  \t\"version__status\" \"enum__case_studies_v_version_status\" DEFAULT 'draft',\n  \t\"created_at\" timestamp(3) with time zone DEFAULT now() NOT NULL,\n  \t\"updated_at\" timestamp(3) with time zone DEFAULT now() NOT NULL,\n  \t\"latest\" boolean,\n  \t\"autosave\" boolean\n  );\n  \n  CREATE TABLE \"resources\" (\n  \t\"id\" serial PRIMARY KEY NOT NULL,\n  \t\"title\" varchar,\n  \t\"type\" \"enum_resources_type\",\n  \t\"description\" varchar,\n  \t\"thumbnail_id\" integer,\n  \t\"download_file_id\" integer,\n  \t\"external_url\" varchar,\n  \t\"difficulty\" \"enum_resources_difficulty\",\n  \t\"duration\" numeric,\n  \t\"meta_title\" varchar,\n  \t\"meta_image_id\" integer,\n  \t\"meta_description\" varchar,\n  \t\"generate_slug\" boolean DEFAULT true,\n  \t\"slug\" varchar,\n  \t\"published_at\" timestamp(3) with time zone,\n  \t\"featured\" boolean DEFAULT false,\n  \t\"download_count\" numeric DEFAULT 0,\n  \t\"updated_at\" timestamp(3) with time zone DEFAULT now() NOT NULL,\n  \t\"created_at\" timestamp(3) with time zone DEFAULT now() NOT NULL,\n  \t\"_status\" \"enum_resources_status\" DEFAULT 'draft'\n  );\n  \n  CREATE TABLE \"resources_rels\" (\n  \t\"id\" serial PRIMARY KEY NOT NULL,\n  \t\"order\" integer,\n  \t\"parent_id\" integer NOT NULL,\n  \t\"path\" varchar NOT NULL,\n  \t\"categories_id\" integer\n  );\n  \n  CREATE TABLE \"_resources_v\" (\n  \t\"id\" serial PRIMARY KEY NOT NULL,\n  \t\"parent_id\" integer,\n  \t\"version_title\" varchar,\n  \t\"version_type\" \"enum__resources_v_version_type\",\n  \t\"version_description\" varchar,\n  \t\"version_thumbnail_id\" integer,\n  \t\"version_download_file_id\" integer,\n  \t\"version_external_url\" varchar,\n  \t\"version_difficulty\" \"enum__resources_v_version_difficulty\",\n  \t\"version_duration\" numeric,\n  \t\"version_meta_title\" varchar,\n  \t\"version_meta_image_id\" integer,\n  \t\"version_meta_description\" varchar,\n  \t\"version_generate_slug\" boolean DEFAULT true,\n  \t\"version_slug\" varchar,\n  \t\"version_published_at\" timestamp(3) with time zone,\n  \t\"version_featured\" boolean DEFAULT false,\n  \t\"version_download_count\" numeric DEFAULT 0,\n  \t\"version_updated_at\" timestamp(3) with time zone,\n  \t\"version_created_at\" timestamp(3) with time zone,\n  \t\"version__status\" \"enum__resources_v_version_status\" DEFAULT 'draft',\n  \t\"created_at\" timestamp(3) with time zone DEFAULT now() NOT NULL,\n  \t\"updated_at\" timestamp(3) with time zone DEFAULT now() NOT NULL,\n  \t\"latest\" boolean,\n  \t\"autosave\" boolean\n  );\n  \n  CREATE TABLE \"_resources_v_rels\" (\n  \t\"id\" serial PRIMARY KEY NOT NULL,\n  \t\"order\" integer,\n  \t\"parent_id\" integer NOT NULL,\n  \t\"path\" varchar NOT NULL,\n  \t\"categories_id\" integer\n  );\n  \n  CREATE TABLE \"redirects\" (\n  \t\"id\" serial PRIMARY KEY NOT NULL,\n  \t\"from\" varchar NOT NULL,\n  \t\"to_type\" \"enum_redirects_to_type\" DEFAULT 'reference',\n  \t\"to_url\" varchar,\n  \t\"updated_at\" timestamp(3) with time zone DEFAULT now() NOT NULL,\n  \t\"created_at\" timestamp(3) with time zone DEFAULT now() NOT NULL\n  );\n  \n  CREATE TABLE \"redirects_rels\" (\n  \t\"id\" serial PRIMARY KEY NOT NULL,\n  \t\"order\" integer,\n  \t\"parent_id\" integer NOT NULL,\n  \t\"path\" varchar NOT NULL,\n  \t\"pages_id\" integer,\n  \t\"posts_id\" integer\n  );\n  \n  CREATE TABLE \"forms_blocks_checkbox\" (\n  \t\"_order\" integer NOT NULL,\n  \t\"_parent_id\" integer NOT NULL,\n  \t\"_path\" text NOT NULL,\n  \t\"id\" varchar PRIMARY KEY NOT NULL,\n  \t\"name\" varchar NOT NULL,\n  \t\"label\" varchar,\n  \t\"width\" numeric,\n  \t\"required\" boolean,\n  \t\"default_value\" boolean,\n  \t\"block_name\" varchar\n  );\n  \n  CREATE TABLE \"forms_blocks_country\" (\n  \t\"_order\" integer NOT NULL,\n  \t\"_parent_id\" integer NOT NULL,\n  \t\"_path\" text NOT NULL,\n  \t\"id\" varchar PRIMARY KEY NOT NULL,\n  \t\"name\" varchar NOT NULL,\n  \t\"label\" varchar,\n  \t\"width\" numeric,\n  \t\"required\" boolean,\n  \t\"block_name\" varchar\n  );\n  \n  CREATE TABLE \"forms_blocks_email\" (\n  \t\"_order\" integer NOT NULL,\n  \t\"_parent_id\" integer NOT NULL,\n  \t\"_path\" text NOT NULL,\n  \t\"id\" varchar PRIMARY KEY NOT NULL,\n  \t\"name\" varchar NOT NULL,\n  \t\"label\" varchar,\n  \t\"width\" numeric,\n  \t\"required\" boolean,\n  \t\"block_name\" varchar\n  );\n  \n  CREATE TABLE \"forms_blocks_message\" (\n  \t\"_order\" integer NOT NULL,\n  \t\"_parent_id\" integer NOT NULL,\n  \t\"_path\" text NOT NULL,\n  \t\"id\" varchar PRIMARY KEY NOT NULL,\n  \t\"message\" jsonb,\n  \t\"block_name\" varchar\n  );\n  \n  CREATE TABLE \"forms_blocks_number\" (\n  \t\"_order\" integer NOT NULL,\n  \t\"_parent_id\" integer NOT NULL,\n  \t\"_path\" text NOT NULL,\n  \t\"id\" varchar PRIMARY KEY NOT NULL,\n  \t\"name\" varchar NOT NULL,\n  \t\"label\" varchar,\n  \t\"width\" numeric,\n  \t\"default_value\" numeric,\n  \t\"required\" boolean,\n  \t\"block_name\" varchar\n  );\n  \n  CREATE TABLE \"forms_blocks_select_options\" (\n  \t\"_order\" integer NOT NULL,\n  \t\"_parent_id\" varchar NOT NULL,\n  \t\"id\" varchar PRIMARY KEY NOT NULL,\n  \t\"label\" varchar NOT NULL,\n  \t\"value\" varchar NOT NULL\n  );\n  \n  CREATE TABLE \"forms_blocks_select\" (\n  \t\"_order\" integer NOT NULL,\n  \t\"_parent_id\" integer NOT NULL,\n  \t\"_path\" text NOT NULL,\n  \t\"id\" varchar PRIMARY KEY NOT NULL,\n  \t\"name\" varchar NOT NULL,\n  \t\"label\" varchar,\n  \t\"width\" numeric,\n  \t\"default_value\" varchar,\n  \t\"placeholder\" varchar,\n  \t\"required\" boolean,\n  \t\"block_name\" varchar\n  );\n  \n  CREATE TABLE \"forms_blocks_state\" (\n  \t\"_order\" integer NOT NULL,\n  \t\"_parent_id\" integer NOT NULL,\n  \t\"_path\" text NOT NULL,\n  \t\"id\" varchar PRIMARY KEY NOT NULL,\n  \t\"name\" varchar NOT NULL,\n  \t\"label\" varchar,\n  \t\"width\" numeric,\n  \t\"required\" boolean,\n  \t\"block_name\" varchar\n  );\n  \n  CREATE TABLE \"forms_blocks_text\" (\n  \t\"_order\" integer NOT NULL,\n  \t\"_parent_id\" integer NOT NULL,\n  \t\"_path\" text NOT NULL,\n  \t\"id\" varchar PRIMARY KEY NOT NULL,\n  \t\"name\" varchar NOT NULL,\n  \t\"label\" varchar,\n  \t\"width\" numeric,\n  \t\"default_value\" varchar,\n  \t\"required\" boolean,\n  \t\"block_name\" varchar\n  );\n  \n  CREATE TABLE \"forms_blocks_textarea\" (\n  \t\"_order\" integer NOT NULL,\n  \t\"_parent_id\" integer NOT NULL,\n  \t\"_path\" text NOT NULL,\n  \t\"id\" varchar PRIMARY KEY NOT NULL,\n  \t\"name\" varchar NOT NULL,\n  \t\"label\" varchar,\n  \t\"width\" numeric,\n  \t\"default_value\" varchar,\n  \t\"required\" boolean,\n  \t\"block_name\" varchar\n  );\n  \n  CREATE TABLE \"forms_emails\" (\n  \t\"_order\" integer NOT NULL,\n  \t\"_parent_id\" integer NOT NULL,\n  \t\"id\" varchar PRIMARY KEY NOT NULL,\n  \t\"email_to\" varchar,\n  \t\"cc\" varchar,\n  \t\"bcc\" varchar,\n  \t\"reply_to\" varchar,\n  \t\"email_from\" varchar,\n  \t\"subject\" varchar DEFAULT 'You''ve received a new message.' NOT NULL,\n  \t\"message\" jsonb\n  );\n  \n  CREATE TABLE \"forms\" (\n  \t\"id\" serial PRIMARY KEY NOT NULL,\n  \t\"title\" varchar NOT NULL,\n  \t\"submit_button_label\" varchar,\n  \t\"confirmation_type\" \"enum_forms_confirmation_type\" DEFAULT 'message',\n  \t\"confirmation_message\" jsonb,\n  \t\"redirect_url\" varchar,\n  \t\"updated_at\" timestamp(3) with time zone DEFAULT now() NOT NULL,\n  \t\"created_at\" timestamp(3) with time zone DEFAULT now() NOT NULL\n  );\n  \n  CREATE TABLE \"form_submissions_submission_data\" (\n  \t\"_order\" integer NOT NULL,\n  \t\"_parent_id\" integer NOT NULL,\n  \t\"id\" varchar PRIMARY KEY NOT NULL,\n  \t\"field\" varchar NOT NULL,\n  \t\"value\" varchar NOT NULL\n  );\n  \n  CREATE TABLE \"form_submissions\" (\n  \t\"id\" serial PRIMARY KEY NOT NULL,\n  \t\"form_id\" integer NOT NULL,\n  \t\"updated_at\" timestamp(3) with time zone DEFAULT now() NOT NULL,\n  \t\"created_at\" timestamp(3) with time zone DEFAULT now() NOT NULL\n  );\n  \n  CREATE TABLE \"search_categories\" (\n  \t\"_order\" integer NOT NULL,\n  \t\"_parent_id\" integer NOT NULL,\n  \t\"id\" varchar PRIMARY KEY NOT NULL,\n  \t\"relation_to\" varchar,\n  \t\"category_i_d\" varchar,\n  \t\"title\" varchar\n  );\n  \n  CREATE TABLE \"search\" (\n  \t\"id\" serial PRIMARY KEY NOT NULL,\n  \t\"title\" varchar,\n  \t\"priority\" numeric,\n  \t\"slug\" varchar,\n  \t\"meta_title\" varchar,\n  \t\"meta_description\" varchar,\n  \t\"meta_image_id\" integer,\n  \t\"updated_at\" timestamp(3) with time zone DEFAULT now() NOT NULL,\n  \t\"created_at\" timestamp(3) with time zone DEFAULT now() NOT NULL\n  );\n  \n  CREATE TABLE \"search_rels\" (\n  \t\"id\" serial PRIMARY KEY NOT NULL,\n  \t\"order\" integer,\n  \t\"parent_id\" integer NOT NULL,\n  \t\"path\" varchar NOT NULL,\n  \t\"posts_id\" integer\n  );\n  \n  CREATE TABLE \"payload_kv\" (\n  \t\"id\" serial PRIMARY KEY NOT NULL,\n  \t\"key\" varchar NOT NULL,\n  \t\"data\" jsonb NOT NULL\n  );\n  \n  CREATE TABLE \"payload_jobs_log\" (\n  \t\"_order\" integer NOT NULL,\n  \t\"_parent_id\" integer NOT NULL,\n  \t\"id\" varchar PRIMARY KEY NOT NULL,\n  \t\"executed_at\" timestamp(3) with time zone NOT NULL,\n  \t\"completed_at\" timestamp(3) with time zone NOT NULL,\n  \t\"task_slug\" \"enum_payload_jobs_log_task_slug\" NOT NULL,\n  \t\"task_i_d\" varchar NOT NULL,\n  \t\"input\" jsonb,\n  \t\"output\" jsonb,\n  \t\"state\" \"enum_payload_jobs_log_state\" NOT NULL,\n  \t\"error\" jsonb\n  );\n  \n  CREATE TABLE \"payload_jobs\" (\n  \t\"id\" serial PRIMARY KEY NOT NULL,\n  \t\"input\" jsonb,\n  \t\"completed_at\" timestamp(3) with time zone,\n  \t\"total_tried\" numeric DEFAULT 0,\n  \t\"has_error\" boolean DEFAULT false,\n  \t\"error\" jsonb,\n  \t\"task_slug\" \"enum_payload_jobs_task_slug\",\n  \t\"queue\" varchar DEFAULT 'default',\n  \t\"wait_until\" timestamp(3) with time zone,\n  \t\"processing\" boolean DEFAULT false,\n  \t\"updated_at\" timestamp(3) with time zone DEFAULT now() NOT NULL,\n  \t\"created_at\" timestamp(3) with time zone DEFAULT now() NOT NULL\n  );\n  \n  CREATE TABLE \"payload_folders_folder_type\" (\n  \t\"order\" integer NOT NULL,\n  \t\"parent_id\" integer NOT NULL,\n  \t\"value\" \"enum_payload_folders_folder_type\",\n  \t\"id\" serial PRIMARY KEY NOT NULL\n  );\n  \n  CREATE TABLE \"payload_folders\" (\n  \t\"id\" serial PRIMARY KEY NOT NULL,\n  \t\"name\" varchar NOT NULL,\n  \t\"folder_id\" integer,\n  \t\"updated_at\" timestamp(3) with time zone DEFAULT now() NOT NULL,\n  \t\"created_at\" timestamp(3) with time zone DEFAULT now() NOT NULL\n  );\n  \n  CREATE TABLE \"payload_locked_documents\" (\n  \t\"id\" serial PRIMARY KEY NOT NULL,\n  \t\"global_slug\" varchar,\n  \t\"updated_at\" timestamp(3) with time zone DEFAULT now() NOT NULL,\n  \t\"created_at\" timestamp(3) with time zone DEFAULT now() NOT NULL\n  );\n  \n  CREATE TABLE \"payload_locked_documents_rels\" (\n  \t\"id\" serial PRIMARY KEY NOT NULL,\n  \t\"order\" integer,\n  \t\"parent_id\" integer NOT NULL,\n  \t\"path\" varchar NOT NULL,\n  \t\"pages_id\" integer,\n  \t\"posts_id\" integer,\n  \t\"media_id\" integer,\n  \t\"categories_id\" integer,\n  \t\"users_id\" integer,\n  \t\"case_studies_id\" integer,\n  \t\"resources_id\" integer,\n  \t\"redirects_id\" integer,\n  \t\"forms_id\" integer,\n  \t\"form_submissions_id\" integer,\n  \t\"search_id\" integer,\n  \t\"payload_folders_id\" integer\n  );\n  \n  CREATE TABLE \"payload_preferences\" (\n  \t\"id\" serial PRIMARY KEY NOT NULL,\n  \t\"key\" varchar,\n  \t\"value\" jsonb,\n  \t\"updated_at\" timestamp(3) with time zone DEFAULT now() NOT NULL,\n  \t\"created_at\" timestamp(3) with time zone DEFAULT now() NOT NULL\n  );\n  \n  CREATE TABLE \"payload_preferences_rels\" (\n  \t\"id\" serial PRIMARY KEY NOT NULL,\n  \t\"order\" integer,\n  \t\"parent_id\" integer NOT NULL,\n  \t\"path\" varchar NOT NULL,\n  \t\"users_id\" integer\n  );\n  \n  CREATE TABLE \"payload_migrations\" (\n  \t\"id\" serial PRIMARY KEY NOT NULL,\n  \t\"name\" varchar,\n  \t\"batch\" numeric,\n  \t\"updated_at\" timestamp(3) with time zone DEFAULT now() NOT NULL,\n  \t\"created_at\" timestamp(3) with time zone DEFAULT now() NOT NULL\n  );\n  \n  CREATE TABLE \"header_nav_items\" (\n  \t\"_order\" integer NOT NULL,\n  \t\"_parent_id\" integer NOT NULL,\n  \t\"id\" varchar PRIMARY KEY NOT NULL,\n  \t\"link_type\" \"enum_header_nav_items_link_type\" DEFAULT 'reference',\n  \t\"link_new_tab\" boolean,\n  \t\"link_url\" varchar,\n  \t\"link_label\" varchar NOT NULL\n  );\n  \n  CREATE TABLE \"header\" (\n  \t\"id\" serial PRIMARY KEY NOT NULL,\n  \t\"updated_at\" timestamp(3) with time zone,\n  \t\"created_at\" timestamp(3) with time zone\n  );\n  \n  CREATE TABLE \"header_rels\" (\n  \t\"id\" serial PRIMARY KEY NOT NULL,\n  \t\"order\" integer,\n  \t\"parent_id\" integer NOT NULL,\n  \t\"path\" varchar NOT NULL,\n  \t\"pages_id\" integer,\n  \t\"posts_id\" integer\n  );\n  \n  CREATE TABLE \"footer_nav_items\" (\n  \t\"_order\" integer NOT NULL,\n  \t\"_parent_id\" integer NOT NULL,\n  \t\"id\" varchar PRIMARY KEY NOT NULL,\n  \t\"link_type\" \"enum_footer_nav_items_link_type\" DEFAULT 'reference',\n  \t\"link_new_tab\" boolean,\n  \t\"link_url\" varchar,\n  \t\"link_label\" varchar NOT NULL\n  );\n  \n  CREATE TABLE \"footer\" (\n  \t\"id\" serial PRIMARY KEY NOT NULL,\n  \t\"updated_at\" timestamp(3) with time zone,\n  \t\"created_at\" timestamp(3) with time zone\n  );\n  \n  CREATE TABLE \"footer_rels\" (\n  \t\"id\" serial PRIMARY KEY NOT NULL,\n  \t\"order\" integer,\n  \t\"parent_id\" integer NOT NULL,\n  \t\"path\" varchar NOT NULL,\n  \t\"pages_id\" integer,\n  \t\"posts_id\" integer\n  );\n  \n  CREATE TABLE \"settings\" (\n  \t\"id\" serial PRIMARY KEY NOT NULL,\n  \t\"site_name\" varchar DEFAULT 'Horizon' NOT NULL,\n  \t\"site_description\" varchar DEFAULT 'Transform your learning experience with AI-powered study tools' NOT NULL,\n  \t\"logo_id\" integer,\n  \t\"favicon_id\" integer,\n  \t\"contact_email\" varchar NOT NULL,\n  \t\"support_email\" varchar,\n  \t\"phone_number\" varchar,\n  \t\"address\" varchar,\n  \t\"social_twitter\" varchar,\n  \t\"social_linkedin\" varchar,\n  \t\"social_instagram\" varchar,\n  \t\"social_facebook\" varchar,\n  \t\"social_youtube\" varchar,\n  \t\"social_discord\" varchar,\n  \t\"social_tiktok\" varchar,\n  \t\"analytics_google_analytics_id\" varchar,\n  \t\"analytics_google_tag_manager_id\" varchar,\n  \t\"analytics_facebook_pixel_id\" varchar,\n  \t\"analytics_hotjar_id\" varchar,\n  \t\"analytics_mixpanel_token\" varchar,\n  \t\"announcement_bar_enabled\" boolean DEFAULT false,\n  \t\"announcement_bar_message\" varchar,\n  \t\"announcement_bar_link_text\" varchar,\n  \t\"announcement_bar_link_url\" varchar,\n  \t\"announcement_bar_background_color\" \"enum_settings_announcement_bar_background_color\" DEFAULT 'blue',\n  \t\"updated_at\" timestamp(3) with time zone,\n  \t\"created_at\" timestamp(3) with time zone\n  );\n  \n  ALTER TABLE \"pages_hero_links\" ADD CONSTRAINT \"pages_hero_links_parent_id_fk\" FOREIGN KEY (\"_parent_id\") REFERENCES \"public\".\"pages\"(\"id\") ON DELETE cascade ON UPDATE no action;\n  ALTER TABLE \"pages_blocks_cta_links\" ADD CONSTRAINT \"pages_blocks_cta_links_parent_id_fk\" FOREIGN KEY (\"_parent_id\") REFERENCES \"public\".\"pages_blocks_cta\"(\"id\") ON DELETE cascade ON UPDATE no action;\n  ALTER TABLE \"pages_blocks_cta\" ADD CONSTRAINT \"pages_blocks_cta_parent_id_fk\" FOREIGN KEY (\"_parent_id\") REFERENCES \"public\".\"pages\"(\"id\") ON DELETE cascade ON UPDATE no action;\n  ALTER TABLE \"pages_blocks_content_columns\" ADD CONSTRAINT \"pages_blocks_content_columns_parent_id_fk\" FOREIGN KEY (\"_parent_id\") REFERENCES \"public\".\"pages_blocks_content\"(\"id\") ON DELETE cascade ON UPDATE no action;\n  ALTER TABLE \"pages_blocks_content\" ADD CONSTRAINT \"pages_blocks_content_parent_id_fk\" FOREIGN KEY (\"_parent_id\") REFERENCES \"public\".\"pages\"(\"id\") ON DELETE cascade ON UPDATE no action;\n  ALTER TABLE \"pages_blocks_media_block\" ADD CONSTRAINT \"pages_blocks_media_block_media_id_media_id_fk\" FOREIGN KEY (\"media_id\") REFERENCES \"public\".\"media\"(\"id\") ON DELETE set null ON UPDATE no action;\n  ALTER TABLE \"pages_blocks_media_block\" ADD CONSTRAINT \"pages_blocks_media_block_parent_id_fk\" FOREIGN KEY (\"_parent_id\") REFERENCES \"public\".\"pages\"(\"id\") ON DELETE cascade ON UPDATE no action;\n  ALTER TABLE \"pages_blocks_archive\" ADD CONSTRAINT \"pages_blocks_archive_parent_id_fk\" FOREIGN KEY (\"_parent_id\") REFERENCES \"public\".\"pages\"(\"id\") ON DELETE cascade ON UPDATE no action;\n  ALTER TABLE \"pages_blocks_form_block\" ADD CONSTRAINT \"pages_blocks_form_block_form_id_forms_id_fk\" FOREIGN KEY (\"form_id\") REFERENCES \"public\".\"forms\"(\"id\") ON DELETE set null ON UPDATE no action;\n  ALTER TABLE \"pages_blocks_form_block\" ADD CONSTRAINT \"pages_blocks_form_block_parent_id_fk\" FOREIGN KEY (\"_parent_id\") REFERENCES \"public\".\"pages\"(\"id\") ON DELETE cascade ON UPDATE no action;\n  ALTER TABLE \"pages\" ADD CONSTRAINT \"pages_hero_media_id_media_id_fk\" FOREIGN KEY (\"hero_media_id\") REFERENCES \"public\".\"media\"(\"id\") ON DELETE set null ON UPDATE no action;\n  ALTER TABLE \"pages\" ADD CONSTRAINT \"pages_meta_image_id_media_id_fk\" FOREIGN KEY (\"meta_image_id\") REFERENCES \"public\".\"media\"(\"id\") ON DELETE set null ON UPDATE no action;\n  ALTER TABLE \"pages_rels\" ADD CONSTRAINT \"pages_rels_parent_fk\" FOREIGN KEY (\"parent_id\") REFERENCES \"public\".\"pages\"(\"id\") ON DELETE cascade ON UPDATE no action;\n  ALTER TABLE \"pages_rels\" ADD CONSTRAINT \"pages_rels_pages_fk\" FOREIGN KEY (\"pages_id\") REFERENCES \"public\".\"pages\"(\"id\") ON DELETE cascade ON UPDATE no action;\n  ALTER TABLE \"pages_rels\" ADD CONSTRAINT \"pages_rels_posts_fk\" FOREIGN KEY (\"posts_id\") REFERENCES \"public\".\"posts\"(\"id\") ON DELETE cascade ON UPDATE no action;\n  ALTER TABLE \"pages_rels\" ADD CONSTRAINT \"pages_rels_categories_fk\" FOREIGN KEY (\"categories_id\") REFERENCES \"public\".\"categories\"(\"id\") ON DELETE cascade ON UPDATE no action;\n  ALTER TABLE \"_pages_v_version_hero_links\" ADD CONSTRAINT \"_pages_v_version_hero_links_parent_id_fk\" FOREIGN KEY (\"_parent_id\") REFERENCES \"public\".\"_pages_v\"(\"id\") ON DELETE cascade ON UPDATE no action;\n  ALTER TABLE \"_pages_v_blocks_cta_links\" ADD CONSTRAINT \"_pages_v_blocks_cta_links_parent_id_fk\" FOREIGN KEY (\"_parent_id\") REFERENCES \"public\".\"_pages_v_blocks_cta\"(\"id\") ON DELETE cascade ON UPDATE no action;\n  ALTER TABLE \"_pages_v_blocks_cta\" ADD CONSTRAINT \"_pages_v_blocks_cta_parent_id_fk\" FOREIGN KEY (\"_parent_id\") REFERENCES \"public\".\"_pages_v\"(\"id\") ON DELETE cascade ON UPDATE no action;\n  ALTER TABLE \"_pages_v_blocks_content_columns\" ADD CONSTRAINT \"_pages_v_blocks_content_columns_parent_id_fk\" FOREIGN KEY (\"_parent_id\") REFERENCES \"public\".\"_pages_v_blocks_content\"(\"id\") ON DELETE cascade ON UPDATE no action;\n  ALTER TABLE \"_pages_v_blocks_content\" ADD CONSTRAINT \"_pages_v_blocks_content_parent_id_fk\" FOREIGN KEY (\"_parent_id\") REFERENCES \"public\".\"_pages_v\"(\"id\") ON DELETE cascade ON UPDATE no action;\n  ALTER TABLE \"_pages_v_blocks_media_block\" ADD CONSTRAINT \"_pages_v_blocks_media_block_media_id_media_id_fk\" FOREIGN KEY (\"media_id\") REFERENCES \"public\".\"media\"(\"id\") ON DELETE set null ON UPDATE no action;\n  ALTER TABLE \"_pages_v_blocks_media_block\" ADD CONSTRAINT \"_pages_v_blocks_media_block_parent_id_fk\" FOREIGN KEY (\"_parent_id\") REFERENCES \"public\".\"_pages_v\"(\"id\") ON DELETE cascade ON UPDATE no action;\n  ALTER TABLE \"_pages_v_blocks_archive\" ADD CONSTRAINT \"_pages_v_blocks_archive_parent_id_fk\" FOREIGN KEY (\"_parent_id\") REFERENCES \"public\".\"_pages_v\"(\"id\") ON DELETE cascade ON UPDATE no action;\n  ALTER TABLE \"_pages_v_blocks_form_block\" ADD CONSTRAINT \"_pages_v_blocks_form_block_form_id_forms_id_fk\" FOREIGN KEY (\"form_id\") REFERENCES \"public\".\"forms\"(\"id\") ON DELETE set null ON UPDATE no action;\n  ALTER TABLE \"_pages_v_blocks_form_block\" ADD CONSTRAINT \"_pages_v_blocks_form_block_parent_id_fk\" FOREIGN KEY (\"_parent_id\") REFERENCES \"public\".\"_pages_v\"(\"id\") ON DELETE cascade ON UPDATE no action;\n  ALTER TABLE \"_pages_v\" ADD CONSTRAINT \"_pages_v_parent_id_pages_id_fk\" FOREIGN KEY (\"parent_id\") REFERENCES \"public\".\"pages\"(\"id\") ON DELETE set null ON UPDATE no action;\n  ALTER TABLE \"_pages_v\" ADD CONSTRAINT \"_pages_v_version_hero_media_id_media_id_fk\" FOREIGN KEY (\"version_hero_media_id\") REFERENCES \"public\".\"media\"(\"id\") ON DELETE set null ON UPDATE no action;\n  ALTER TABLE \"_pages_v\" ADD CONSTRAINT \"_pages_v_version_meta_image_id_media_id_fk\" FOREIGN KEY (\"version_meta_image_id\") REFERENCES \"public\".\"media\"(\"id\") ON DELETE set null ON UPDATE no action;\n  ALTER TABLE \"_pages_v_rels\" ADD CONSTRAINT \"_pages_v_rels_parent_fk\" FOREIGN KEY (\"parent_id\") REFERENCES \"public\".\"_pages_v\"(\"id\") ON DELETE cascade ON UPDATE no action;\n  ALTER TABLE \"_pages_v_rels\" ADD CONSTRAINT \"_pages_v_rels_pages_fk\" FOREIGN KEY (\"pages_id\") REFERENCES \"public\".\"pages\"(\"id\") ON DELETE cascade ON UPDATE no action;\n  ALTER TABLE \"_pages_v_rels\" ADD CONSTRAINT \"_pages_v_rels_posts_fk\" FOREIGN KEY (\"posts_id\") REFERENCES \"public\".\"posts\"(\"id\") ON DELETE cascade ON UPDATE no action;\n  ALTER TABLE \"_pages_v_rels\" ADD CONSTRAINT \"_pages_v_rels_categories_fk\" FOREIGN KEY (\"categories_id\") REFERENCES \"public\".\"categories\"(\"id\") ON DELETE cascade ON UPDATE no action;\n  ALTER TABLE \"posts_populated_authors\" ADD CONSTRAINT \"posts_populated_authors_parent_id_fk\" FOREIGN KEY (\"_parent_id\") REFERENCES \"public\".\"posts\"(\"id\") ON DELETE cascade ON UPDATE no action;\n  ALTER TABLE \"posts\" ADD CONSTRAINT \"posts_hero_image_id_media_id_fk\" FOREIGN KEY (\"hero_image_id\") REFERENCES \"public\".\"media\"(\"id\") ON DELETE set null ON UPDATE no action;\n  ALTER TABLE \"posts\" ADD CONSTRAINT \"posts_meta_image_id_media_id_fk\" FOREIGN KEY (\"meta_image_id\") REFERENCES \"public\".\"media\"(\"id\") ON DELETE set null ON UPDATE no action;\n  ALTER TABLE \"posts_rels\" ADD CONSTRAINT \"posts_rels_parent_fk\" FOREIGN KEY (\"parent_id\") REFERENCES \"public\".\"posts\"(\"id\") ON DELETE cascade ON UPDATE no action;\n  ALTER TABLE \"posts_rels\" ADD CONSTRAINT \"posts_rels_posts_fk\" FOREIGN KEY (\"posts_id\") REFERENCES \"public\".\"posts\"(\"id\") ON DELETE cascade ON UPDATE no action;\n  ALTER TABLE \"posts_rels\" ADD CONSTRAINT \"posts_rels_categories_fk\" FOREIGN KEY (\"categories_id\") REFERENCES \"public\".\"categories\"(\"id\") ON DELETE cascade ON UPDATE no action;\n  ALTER TABLE \"posts_rels\" ADD CONSTRAINT \"posts_rels_users_fk\" FOREIGN KEY (\"users_id\") REFERENCES \"public\".\"users\"(\"id\") ON DELETE cascade ON UPDATE no action;\n  ALTER TABLE \"_posts_v_version_populated_authors\" ADD CONSTRAINT \"_posts_v_version_populated_authors_parent_id_fk\" FOREIGN KEY (\"_parent_id\") REFERENCES \"public\".\"_posts_v\"(\"id\") ON DELETE cascade ON UPDATE no action;\n  ALTER TABLE \"_posts_v\" ADD CONSTRAINT \"_posts_v_parent_id_posts_id_fk\" FOREIGN KEY (\"parent_id\") REFERENCES \"public\".\"posts\"(\"id\") ON DELETE set null ON UPDATE no action;\n  ALTER TABLE \"_posts_v\" ADD CONSTRAINT \"_posts_v_version_hero_image_id_media_id_fk\" FOREIGN KEY (\"version_hero_image_id\") REFERENCES \"public\".\"media\"(\"id\") ON DELETE set null ON UPDATE no action;\n  ALTER TABLE \"_posts_v\" ADD CONSTRAINT \"_posts_v_version_meta_image_id_media_id_fk\" FOREIGN KEY (\"version_meta_image_id\") REFERENCES \"public\".\"media\"(\"id\") ON DELETE set null ON UPDATE no action;\n  ALTER TABLE \"_posts_v_rels\" ADD CONSTRAINT \"_posts_v_rels_parent_fk\" FOREIGN KEY (\"parent_id\") REFERENCES \"public\".\"_posts_v\"(\"id\") ON DELETE cascade ON UPDATE no action;\n  ALTER TABLE \"_posts_v_rels\" ADD CONSTRAINT \"_posts_v_rels_posts_fk\" FOREIGN KEY (\"posts_id\") REFERENCES \"public\".\"posts\"(\"id\") ON DELETE cascade ON UPDATE no action;\n  ALTER TABLE \"_posts_v_rels\" ADD CONSTRAINT \"_posts_v_rels_categories_fk\" FOREIGN KEY (\"categories_id\") REFERENCES \"public\".\"categories\"(\"id\") ON DELETE cascade ON UPDATE no action;\n  ALTER TABLE \"_posts_v_rels\" ADD CONSTRAINT \"_posts_v_rels_users_fk\" FOREIGN KEY (\"users_id\") REFERENCES \"public\".\"users\"(\"id\") ON DELETE cascade ON UPDATE no action;\n  ALTER TABLE \"media\" ADD CONSTRAINT \"media_folder_id_payload_folders_id_fk\" FOREIGN KEY (\"folder_id\") REFERENCES \"public\".\"payload_folders\"(\"id\") ON DELETE set null ON UPDATE no action;\n  ALTER TABLE \"categories_breadcrumbs\" ADD CONSTRAINT \"categories_breadcrumbs_doc_id_categories_id_fk\" FOREIGN KEY (\"doc_id\") REFERENCES \"public\".\"categories\"(\"id\") ON DELETE set null ON UPDATE no action;\n  ALTER TABLE \"categories_breadcrumbs\" ADD CONSTRAINT \"categories_breadcrumbs_parent_id_fk\" FOREIGN KEY (\"_parent_id\") REFERENCES \"public\".\"categories\"(\"id\") ON DELETE cascade ON UPDATE no action;\n  ALTER TABLE \"categories\" ADD CONSTRAINT \"categories_parent_id_categories_id_fk\" FOREIGN KEY (\"parent_id\") REFERENCES \"public\".\"categories\"(\"id\") ON DELETE set null ON UPDATE no action;\n  ALTER TABLE \"users_sessions\" ADD CONSTRAINT \"users_sessions_parent_id_fk\" FOREIGN KEY (\"_parent_id\") REFERENCES \"public\".\"users\"(\"id\") ON DELETE cascade ON UPDATE no action;\n  ALTER TABLE \"case_studies_metrics\" ADD CONSTRAINT \"case_studies_metrics_parent_id_fk\" FOREIGN KEY (\"_parent_id\") REFERENCES \"public\".\"case_studies\"(\"id\") ON DELETE cascade ON UPDATE no action;\n  ALTER TABLE \"case_studies\" ADD CONSTRAINT \"case_studies_student_photo_id_media_id_fk\" FOREIGN KEY (\"student_photo_id\") REFERENCES \"public\".\"media\"(\"id\") ON DELETE set null ON UPDATE no action;\n  ALTER TABLE \"case_studies\" ADD CONSTRAINT \"case_studies_before_after_before_id_media_id_fk\" FOREIGN KEY (\"before_after_before_id\") REFERENCES \"public\".\"media\"(\"id\") ON DELETE set null ON UPDATE no action;\n  ALTER TABLE \"case_studies\" ADD CONSTRAINT \"case_studies_before_after_after_id_media_id_fk\" FOREIGN KEY (\"before_after_after_id\") REFERENCES \"public\".\"media\"(\"id\") ON DELETE set null ON UPDATE no action;\n  ALTER TABLE \"case_studies\" ADD CONSTRAINT \"case_studies_meta_image_id_media_id_fk\" FOREIGN KEY (\"meta_image_id\") REFERENCES \"public\".\"media\"(\"id\") ON DELETE set null ON UPDATE no action;\n  ALTER TABLE \"_case_studies_v_version_metrics\" ADD CONSTRAINT \"_case_studies_v_version_metrics_parent_id_fk\" FOREIGN KEY (\"_parent_id\") REFERENCES \"public\".\"_case_studies_v\"(\"id\") ON DELETE cascade ON UPDATE no action;\n  ALTER TABLE \"_case_studies_v\" ADD CONSTRAINT \"_case_studies_v_parent_id_case_studies_id_fk\" FOREIGN KEY (\"parent_id\") REFERENCES \"public\".\"case_studies\"(\"id\") ON DELETE set null ON UPDATE no action;\n  ALTER TABLE \"_case_studies_v\" ADD CONSTRAINT \"_case_studies_v_version_student_photo_id_media_id_fk\" FOREIGN KEY (\"version_student_photo_id\") REFERENCES \"public\".\"media\"(\"id\") ON DELETE set null ON UPDATE no action;\n  ALTER TABLE \"_case_studies_v\" ADD CONSTRAINT \"_case_studies_v_version_before_after_before_id_media_id_fk\" FOREIGN KEY (\"version_before_after_before_id\") REFERENCES \"public\".\"media\"(\"id\") ON DELETE set null ON UPDATE no action;\n  ALTER TABLE \"_case_studies_v\" ADD CONSTRAINT \"_case_studies_v_version_before_after_after_id_media_id_fk\" FOREIGN KEY (\"version_before_after_after_id\") REFERENCES \"public\".\"media\"(\"id\") ON DELETE set null ON UPDATE no action;\n  ALTER TABLE \"_case_studies_v\" ADD CONSTRAINT \"_case_studies_v_version_meta_image_id_media_id_fk\" FOREIGN KEY (\"version_meta_image_id\") REFERENCES \"public\".\"media\"(\"id\") ON DELETE set null ON UPDATE no action;\n  ALTER TABLE \"resources\" ADD CONSTRAINT \"resources_thumbnail_id_media_id_fk\" FOREIGN KEY (\"thumbnail_id\") REFERENCES \"public\".\"media\"(\"id\") ON DELETE set null ON UPDATE no action;\n  ALTER TABLE \"resources\" ADD CONSTRAINT \"resources_download_file_id_media_id_fk\" FOREIGN KEY (\"download_file_id\") REFERENCES \"public\".\"media\"(\"id\") ON DELETE set null ON UPDATE no action;\n  ALTER TABLE \"resources\" ADD CONSTRAINT \"resources_meta_image_id_media_id_fk\" FOREIGN KEY (\"meta_image_id\") REFERENCES \"public\".\"media\"(\"id\") ON DELETE set null ON UPDATE no action;\n  ALTER TABLE \"resources_rels\" ADD CONSTRAINT \"resources_rels_parent_fk\" FOREIGN KEY (\"parent_id\") REFERENCES \"public\".\"resources\"(\"id\") ON DELETE cascade ON UPDATE no action;\n  ALTER TABLE \"resources_rels\" ADD CONSTRAINT \"resources_rels_categories_fk\" FOREIGN KEY (\"categories_id\") REFERENCES \"public\".\"categories\"(\"id\") ON DELETE cascade ON UPDATE no action;\n  ALTER TABLE \"_resources_v\" ADD CONSTRAINT \"_resources_v_parent_id_resources_id_fk\" FOREIGN KEY (\"parent_id\") REFERENCES \"public\".\"resources\"(\"id\") ON DELETE set null ON UPDATE no action;\n  ALTER TABLE \"_resources_v\" ADD CONSTRAINT \"_resources_v_version_thumbnail_id_media_id_fk\" FOREIGN KEY (\"version_thumbnail_id\") REFERENCES \"public\".\"media\"(\"id\") ON DELETE set null ON UPDATE no action;\n  ALTER TABLE \"_resources_v\" ADD CONSTRAINT \"_resources_v_version_download_file_id_media_id_fk\" FOREIGN KEY (\"version_download_file_id\") REFERENCES \"public\".\"media\"(\"id\") ON DELETE set null ON UPDATE no action;\n  ALTER TABLE \"_resources_v\" ADD CONSTRAINT \"_resources_v_version_meta_image_id_media_id_fk\" FOREIGN KEY (\"version_meta_image_id\") REFERENCES \"public\".\"media\"(\"id\") ON DELETE set null ON UPDATE no action;\n  ALTER TABLE \"_resources_v_rels\" ADD CONSTRAINT \"_resources_v_rels_parent_fk\" FOREIGN KEY (\"parent_id\") REFERENCES \"public\".\"_resources_v\"(\"id\") ON DELETE cascade ON UPDATE no action;\n  ALTER TABLE \"_resources_v_rels\" ADD CONSTRAINT \"_resources_v_rels_categories_fk\" FOREIGN KEY (\"categories_id\") REFERENCES \"public\".\"categories\"(\"id\") ON DELETE cascade ON UPDATE no action;\n  ALTER TABLE \"redirects_rels\" ADD CONSTRAINT \"redirects_rels_parent_fk\" FOREIGN KEY (\"parent_id\") REFERENCES \"public\".\"redirects\"(\"id\") ON DELETE cascade ON UPDATE no action;\n  ALTER TABLE \"redirects_rels\" ADD CONSTRAINT \"redirects_rels_pages_fk\" FOREIGN KEY (\"pages_id\") REFERENCES \"public\".\"pages\"(\"id\") ON DELETE cascade ON UPDATE no action;\n  ALTER TABLE \"redirects_rels\" ADD CONSTRAINT \"redirects_rels_posts_fk\" FOREIGN KEY (\"posts_id\") REFERENCES \"public\".\"posts\"(\"id\") ON DELETE cascade ON UPDATE no action;\n  ALTER TABLE \"forms_blocks_checkbox\" ADD CONSTRAINT \"forms_blocks_checkbox_parent_id_fk\" FOREIGN KEY (\"_parent_id\") REFERENCES \"public\".\"forms\"(\"id\") ON DELETE cascade ON UPDATE no action;\n  ALTER TABLE \"forms_blocks_country\" ADD CONSTRAINT \"forms_blocks_country_parent_id_fk\" FOREIGN KEY (\"_parent_id\") REFERENCES \"public\".\"forms\"(\"id\") ON DELETE cascade ON UPDATE no action;\n  ALTER TABLE \"forms_blocks_email\" ADD CONSTRAINT \"forms_blocks_email_parent_id_fk\" FOREIGN KEY (\"_parent_id\") REFERENCES \"public\".\"forms\"(\"id\") ON DELETE cascade ON UPDATE no action;\n  ALTER TABLE \"forms_blocks_message\" ADD CONSTRAINT \"forms_blocks_message_parent_id_fk\" FOREIGN KEY (\"_parent_id\") REFERENCES \"public\".\"forms\"(\"id\") ON DELETE cascade ON UPDATE no action;\n  ALTER TABLE \"forms_blocks_number\" ADD CONSTRAINT \"forms_blocks_number_parent_id_fk\" FOREIGN KEY (\"_parent_id\") REFERENCES \"public\".\"forms\"(\"id\") ON DELETE cascade ON UPDATE no action;\n  ALTER TABLE \"forms_blocks_select_options\" ADD CONSTRAINT \"forms_blocks_select_options_parent_id_fk\" FOREIGN KEY (\"_parent_id\") REFERENCES \"public\".\"forms_blocks_select\"(\"id\") ON DELETE cascade ON UPDATE no action;\n  ALTER TABLE \"forms_blocks_select\" ADD CONSTRAINT \"forms_blocks_select_parent_id_fk\" FOREIGN KEY (\"_parent_id\") REFERENCES \"public\".\"forms\"(\"id\") ON DELETE cascade ON UPDATE no action;\n  ALTER TABLE \"forms_blocks_state\" ADD CONSTRAINT \"forms_blocks_state_parent_id_fk\" FOREIGN KEY (\"_parent_id\") REFERENCES \"public\".\"forms\"(\"id\") ON DELETE cascade ON UPDATE no action;\n  ALTER TABLE \"forms_blocks_text\" ADD CONSTRAINT \"forms_blocks_text_parent_id_fk\" FOREIGN KEY (\"_parent_id\") REFERENCES \"public\".\"forms\"(\"id\") ON DELETE cascade ON UPDATE no action;\n  ALTER TABLE \"forms_blocks_textarea\" ADD CONSTRAINT \"forms_blocks_textarea_parent_id_fk\" FOREIGN KEY (\"_parent_id\") REFERENCES \"public\".\"forms\"(\"id\") ON DELETE cascade ON UPDATE no action;\n  ALTER TABLE \"forms_emails\" ADD CONSTRAINT \"forms_emails_parent_id_fk\" FOREIGN KEY (\"_parent_id\") REFERENCES \"public\".\"forms\"(\"id\") ON DELETE cascade ON UPDATE no action;\n  ALTER TABLE \"form_submissions_submission_data\" ADD CONSTRAINT \"form_submissions_submission_data_parent_id_fk\" FOREIGN KEY (\"_parent_id\") REFERENCES \"public\".\"form_submissions\"(\"id\") ON DELETE cascade ON UPDATE no action;\n  ALTER TABLE \"form_submissions\" ADD CONSTRAINT \"form_submissions_form_id_forms_id_fk\" FOREIGN KEY (\"form_id\") REFERENCES \"public\".\"forms\"(\"id\") ON DELETE set null ON UPDATE no action;\n  ALTER TABLE \"search_categories\" ADD CONSTRAINT \"search_categories_parent_id_fk\" FOREIGN KEY (\"_parent_id\") REFERENCES \"public\".\"search\"(\"id\") ON DELETE cascade ON UPDATE no action;\n  ALTER TABLE \"search\" ADD CONSTRAINT \"search_meta_image_id_media_id_fk\" FOREIGN KEY (\"meta_image_id\") REFERENCES \"public\".\"media\"(\"id\") ON DELETE set null ON UPDATE no action;\n  ALTER TABLE \"search_rels\" ADD CONSTRAINT \"search_rels_parent_fk\" FOREIGN KEY (\"parent_id\") REFERENCES \"public\".\"search\"(\"id\") ON DELETE cascade ON UPDATE no action;\n  ALTER TABLE \"search_rels\" ADD CONSTRAINT \"search_rels_posts_fk\" FOREIGN KEY (\"posts_id\") REFERENCES \"public\".\"posts\"(\"id\") ON DELETE cascade ON UPDATE no action;\n  ALTER TABLE \"payload_jobs_log\" ADD CONSTRAINT \"payload_jobs_log_parent_id_fk\" FOREIGN KEY (\"_parent_id\") REFERENCES \"public\".\"payload_jobs\"(\"id\") ON DELETE cascade ON UPDATE no action;\n  ALTER TABLE \"payload_folders_folder_type\" ADD CONSTRAINT \"payload_folders_folder_type_parent_fk\" FOREIGN KEY (\"parent_id\") REFERENCES \"public\".\"payload_folders\"(\"id\") ON DELETE cascade ON UPDATE no action;\n  ALTER TABLE \"payload_folders\" ADD CONSTRAINT \"payload_folders_folder_id_payload_folders_id_fk\" FOREIGN KEY (\"folder_id\") REFERENCES \"public\".\"payload_folders\"(\"id\") ON DELETE set null ON UPDATE no action;\n  ALTER TABLE \"payload_locked_documents_rels\" ADD CONSTRAINT \"payload_locked_documents_rels_parent_fk\" FOREIGN KEY (\"parent_id\") REFERENCES \"public\".\"payload_locked_documents\"(\"id\") ON DELETE cascade ON UPDATE no action;\n  ALTER TABLE \"payload_locked_documents_rels\" ADD CONSTRAINT \"payload_locked_documents_rels_pages_fk\" FOREIGN KEY (\"pages_id\") REFERENCES \"public\".\"pages\"(\"id\") ON DELETE cascade ON UPDATE no action;\n  ALTER TABLE \"payload_locked_documents_rels\" ADD CONSTRAINT \"payload_locked_documents_rels_posts_fk\" FOREIGN KEY (\"posts_id\") REFERENCES \"public\".\"posts\"(\"id\") ON DELETE cascade ON UPDATE no action;\n  ALTER TABLE \"payload_locked_documents_rels\" ADD CONSTRAINT \"payload_locked_documents_rels_media_fk\" FOREIGN KEY (\"media_id\") REFERENCES \"public\".\"media\"(\"id\") ON DELETE cascade ON UPDATE no action;\n  ALTER TABLE \"payload_locked_documents_rels\" ADD CONSTRAINT \"payload_locked_documents_rels_categories_fk\" FOREIGN KEY (\"categories_id\") REFERENCES \"public\".\"categories\"(\"id\") ON DELETE cascade ON UPDATE no action;\n  ALTER TABLE \"payload_locked_documents_rels\" ADD CONSTRAINT \"payload_locked_documents_rels_users_fk\" FOREIGN KEY (\"users_id\") REFERENCES \"public\".\"users\"(\"id\") ON DELETE cascade ON UPDATE no action;\n  ALTER TABLE \"payload_locked_documents_rels\" ADD CONSTRAINT \"payload_locked_documents_rels_case_studies_fk\" FOREIGN KEY (\"case_studies_id\") REFERENCES \"public\".\"case_studies\"(\"id\") ON DELETE cascade ON UPDATE no action;\n  ALTER TABLE \"payload_locked_documents_rels\" ADD CONSTRAINT \"payload_locked_documents_rels_resources_fk\" FOREIGN KEY (\"resources_id\") REFERENCES \"public\".\"resources\"(\"id\") ON DELETE cascade ON UPDATE no action;\n  ALTER TABLE \"payload_locked_documents_rels\" ADD CONSTRAINT \"payload_locked_documents_rels_redirects_fk\" FOREIGN KEY (\"redirects_id\") REFERENCES \"public\".\"redirects\"(\"id\") ON DELETE cascade ON UPDATE no action;\n  ALTER TABLE \"payload_locked_documents_rels\" ADD CONSTRAINT \"payload_locked_documents_rels_forms_fk\" FOREIGN KEY (\"forms_id\") REFERENCES \"public\".\"forms\"(\"id\") ON DELETE cascade ON UPDATE no action;\n  ALTER TABLE \"payload_locked_documents_rels\" ADD CONSTRAINT \"payload_locked_documents_rels_form_submissions_fk\" FOREIGN KEY (\"form_submissions_id\") REFERENCES \"public\".\"form_submissions\"(\"id\") ON DELETE cascade ON UPDATE no action;\n  ALTER TABLE \"payload_locked_documents_rels\" ADD CONSTRAINT \"payload_locked_documents_rels_search_fk\" FOREIGN KEY (\"search_id\") REFERENCES \"public\".\"search\"(\"id\") ON DELETE cascade ON UPDATE no action;\n  ALTER TABLE \"payload_locked_documents_rels\" ADD CONSTRAINT \"payload_locked_documents_rels_payload_folders_fk\" FOREIGN KEY (\"payload_folders_id\") REFERENCES \"public\".\"payload_folders\"(\"id\") ON DELETE cascade ON UPDATE no action;\n  ALTER TABLE \"payload_preferences_rels\" ADD CONSTRAINT \"payload_preferences_rels_parent_fk\" FOREIGN KEY (\"parent_id\") REFERENCES \"public\".\"payload_preferences\"(\"id\") ON DELETE cascade ON UPDATE no action;\n  ALTER TABLE \"payload_preferences_rels\" ADD CONSTRAINT \"payload_preferences_rels_users_fk\" FOREIGN KEY (\"users_id\") REFERENCES \"public\".\"users\"(\"id\") ON DELETE cascade ON UPDATE no action;\n  ALTER TABLE \"header_nav_items\" ADD CONSTRAINT \"header_nav_items_parent_id_fk\" FOREIGN KEY (\"_parent_id\") REFERENCES \"public\".\"header\"(\"id\") ON DELETE cascade ON UPDATE no action;\n  ALTER TABLE \"header_rels\" ADD CONSTRAINT \"header_rels_parent_fk\" FOREIGN KEY (\"parent_id\") REFERENCES \"public\".\"header\"(\"id\") ON DELETE cascade ON UPDATE no action;\n  ALTER TABLE \"header_rels\" ADD CONSTRAINT \"header_rels_pages_fk\" FOREIGN KEY (\"pages_id\") REFERENCES \"public\".\"pages\"(\"id\") ON DELETE cascade ON UPDATE no action;\n  ALTER TABLE \"header_rels\" ADD CONSTRAINT \"header_rels_posts_fk\" FOREIGN KEY (\"posts_id\") REFERENCES \"public\".\"posts\"(\"id\") ON DELETE cascade ON UPDATE no action;\n  ALTER TABLE \"footer_nav_items\" ADD CONSTRAINT \"footer_nav_items_parent_id_fk\" FOREIGN KEY (\"_parent_id\") REFERENCES \"public\".\"footer\"(\"id\") ON DELETE cascade ON UPDATE no action;\n  ALTER TABLE \"footer_rels\" ADD CONSTRAINT \"footer_rels_parent_fk\" FOREIGN KEY (\"parent_id\") REFERENCES \"public\".\"footer\"(\"id\") ON DELETE cascade ON UPDATE no action;\n  ALTER TABLE \"footer_rels\" ADD CONSTRAINT \"footer_rels_pages_fk\" FOREIGN KEY (\"pages_id\") REFERENCES \"public\".\"pages\"(\"id\") ON DELETE cascade ON UPDATE no action;\n  ALTER TABLE \"footer_rels\" ADD CONSTRAINT \"footer_rels_posts_fk\" FOREIGN KEY (\"posts_id\") REFERENCES \"public\".\"posts\"(\"id\") ON DELETE cascade ON UPDATE no action;\n  ALTER TABLE \"settings\" ADD CONSTRAINT \"settings_logo_id_media_id_fk\" FOREIGN KEY (\"logo_id\") REFERENCES \"public\".\"media\"(\"id\") ON DELETE set null ON UPDATE no action;\n  ALTER TABLE \"settings\" ADD CONSTRAINT \"settings_favicon_id_media_id_fk\" FOREIGN KEY (\"favicon_id\") REFERENCES \"public\".\"media\"(\"id\") ON DELETE set null ON UPDATE no action;\n  CREATE INDEX \"pages_hero_links_order_idx\" ON \"pages_hero_links\" USING btree (\"_order\");\n  CREATE INDEX \"pages_hero_links_parent_id_idx\" ON \"pages_hero_links\" USING btree (\"_parent_id\");\n  CREATE INDEX \"pages_blocks_cta_links_order_idx\" ON \"pages_blocks_cta_links\" USING btree (\"_order\");\n  CREATE INDEX \"pages_blocks_cta_links_parent_id_idx\" ON \"pages_blocks_cta_links\" USING btree (\"_parent_id\");\n  CREATE INDEX \"pages_blocks_cta_order_idx\" ON \"pages_blocks_cta\" USING btree (\"_order\");\n  CREATE INDEX \"pages_blocks_cta_parent_id_idx\" ON \"pages_blocks_cta\" USING btree (\"_parent_id\");\n  CREATE INDEX \"pages_blocks_cta_path_idx\" ON \"pages_blocks_cta\" USING btree (\"_path\");\n  CREATE INDEX \"pages_blocks_content_columns_order_idx\" ON \"pages_blocks_content_columns\" USING btree (\"_order\");\n  CREATE INDEX \"pages_blocks_content_columns_parent_id_idx\" ON \"pages_blocks_content_columns\" USING btree (\"_parent_id\");\n  CREATE INDEX \"pages_blocks_content_order_idx\" ON \"pages_blocks_content\" USING btree (\"_order\");\n  CREATE INDEX \"pages_blocks_content_parent_id_idx\" ON \"pages_blocks_content\" USING btree (\"_parent_id\");\n  CREATE INDEX \"pages_blocks_content_path_idx\" ON \"pages_blocks_content\" USING btree (\"_path\");\n  CREATE INDEX \"pages_blocks_media_block_order_idx\" ON \"pages_blocks_media_block\" USING btree (\"_order\");\n  CREATE INDEX \"pages_blocks_media_block_parent_id_idx\" ON \"pages_blocks_media_block\" USING btree (\"_parent_id\");\n  CREATE INDEX \"pages_blocks_media_block_path_idx\" ON \"pages_blocks_media_block\" USING btree (\"_path\");\n  CREATE INDEX \"pages_blocks_media_block_media_idx\" ON \"pages_blocks_media_block\" USING btree (\"media_id\");\n  CREATE INDEX \"pages_blocks_archive_order_idx\" ON \"pages_blocks_archive\" USING btree (\"_order\");\n  CREATE INDEX \"pages_blocks_archive_parent_id_idx\" ON \"pages_blocks_archive\" USING btree (\"_parent_id\");\n  CREATE INDEX \"pages_blocks_archive_path_idx\" ON \"pages_blocks_archive\" USING btree (\"_path\");\n  CREATE INDEX \"pages_blocks_form_block_order_idx\" ON \"pages_blocks_form_block\" USING btree (\"_order\");\n  CREATE INDEX \"pages_blocks_form_block_parent_id_idx\" ON \"pages_blocks_form_block\" USING btree (\"_parent_id\");\n  CREATE INDEX \"pages_blocks_form_block_path_idx\" ON \"pages_blocks_form_block\" USING btree (\"_path\");\n  CREATE INDEX \"pages_blocks_form_block_form_idx\" ON \"pages_blocks_form_block\" USING btree (\"form_id\");\n  CREATE INDEX \"pages_hero_hero_media_idx\" ON \"pages\" USING btree (\"hero_media_id\");\n  CREATE INDEX \"pages_meta_meta_image_idx\" ON \"pages\" USING btree (\"meta_image_id\");\n  CREATE UNIQUE INDEX \"pages_slug_idx\" ON \"pages\" USING btree (\"slug\");\n  CREATE INDEX \"pages_updated_at_idx\" ON \"pages\" USING btree (\"updated_at\");\n  CREATE INDEX \"pages_created_at_idx\" ON \"pages\" USING btree (\"created_at\");\n  CREATE INDEX \"pages__status_idx\" ON \"pages\" USING btree (\"_status\");\n  CREATE INDEX \"pages_rels_order_idx\" ON \"pages_rels\" USING btree (\"order\");\n  CREATE INDEX \"pages_rels_parent_idx\" ON \"pages_rels\" USING btree (\"parent_id\");\n  CREATE INDEX \"pages_rels_path_idx\" ON \"pages_rels\" USING btree (\"path\");\n  CREATE INDEX \"pages_rels_pages_id_idx\" ON \"pages_rels\" USING btree (\"pages_id\");\n  CREATE INDEX \"pages_rels_posts_id_idx\" ON \"pages_rels\" USING btree (\"posts_id\");\n  CREATE INDEX \"pages_rels_categories_id_idx\" ON \"pages_rels\" USING btree (\"categories_id\");\n  CREATE INDEX \"_pages_v_version_hero_links_order_idx\" ON \"_pages_v_version_hero_links\" USING btree (\"_order\");\n  CREATE INDEX \"_pages_v_version_hero_links_parent_id_idx\" ON \"_pages_v_version_hero_links\" USING btree (\"_parent_id\");\n  CREATE INDEX \"_pages_v_blocks_cta_links_order_idx\" ON \"_pages_v_blocks_cta_links\" USING btree (\"_order\");\n  CREATE INDEX \"_pages_v_blocks_cta_links_parent_id_idx\" ON \"_pages_v_blocks_cta_links\" USING btree (\"_parent_id\");\n  CREATE INDEX \"_pages_v_blocks_cta_order_idx\" ON \"_pages_v_blocks_cta\" USING btree (\"_order\");\n  CREATE INDEX \"_pages_v_blocks_cta_parent_id_idx\" ON \"_pages_v_blocks_cta\" USING btree (\"_parent_id\");\n  CREATE INDEX \"_pages_v_blocks_cta_path_idx\" ON \"_pages_v_blocks_cta\" USING btree (\"_path\");\n  CREATE INDEX \"_pages_v_blocks_content_columns_order_idx\" ON \"_pages_v_blocks_content_columns\" USING btree (\"_order\");\n  CREATE INDEX \"_pages_v_blocks_content_columns_parent_id_idx\" ON \"_pages_v_blocks_content_columns\" USING btree (\"_parent_id\");\n  CREATE INDEX \"_pages_v_blocks_content_order_idx\" ON \"_pages_v_blocks_content\" USING btree (\"_order\");\n  CREATE INDEX \"_pages_v_blocks_content_parent_id_idx\" ON \"_pages_v_blocks_content\" USING btree (\"_parent_id\");\n  CREATE INDEX \"_pages_v_blocks_content_path_idx\" ON \"_pages_v_blocks_content\" USING btree (\"_path\");\n  CREATE INDEX \"_pages_v_blocks_media_block_order_idx\" ON \"_pages_v_blocks_media_block\" USING btree (\"_order\");\n  CREATE INDEX \"_pages_v_blocks_media_block_parent_id_idx\" ON \"_pages_v_blocks_media_block\" USING btree (\"_parent_id\");\n  CREATE INDEX \"_pages_v_blocks_media_block_path_idx\" ON \"_pages_v_blocks_media_block\" USING btree (\"_path\");\n  CREATE INDEX \"_pages_v_blocks_media_block_media_idx\" ON \"_pages_v_blocks_media_block\" USING btree (\"media_id\");\n  CREATE INDEX \"_pages_v_blocks_archive_order_idx\" ON \"_pages_v_blocks_archive\" USING btree (\"_order\");\n  CREATE INDEX \"_pages_v_blocks_archive_parent_id_idx\" ON \"_pages_v_blocks_archive\" USING btree (\"_parent_id\");\n  CREATE INDEX \"_pages_v_blocks_archive_path_idx\" ON \"_pages_v_blocks_archive\" USING btree (\"_path\");\n  CREATE INDEX \"_pages_v_blocks_form_block_order_idx\" ON \"_pages_v_blocks_form_block\" USING btree (\"_order\");\n  CREATE INDEX \"_pages_v_blocks_form_block_parent_id_idx\" ON \"_pages_v_blocks_form_block\" USING btree (\"_parent_id\");\n  CREATE INDEX \"_pages_v_blocks_form_block_path_idx\" ON \"_pages_v_blocks_form_block\" USING btree (\"_path\");\n  CREATE INDEX \"_pages_v_blocks_form_block_form_idx\" ON \"_pages_v_blocks_form_block\" USING btree (\"form_id\");\n  CREATE INDEX \"_pages_v_parent_idx\" ON \"_pages_v\" USING btree (\"parent_id\");\n  CREATE INDEX \"_pages_v_version_hero_version_hero_media_idx\" ON \"_pages_v\" USING btree (\"version_hero_media_id\");\n  CREATE INDEX \"_pages_v_version_meta_version_meta_image_idx\" ON \"_pages_v\" USING btree (\"version_meta_image_id\");\n  CREATE INDEX \"_pages_v_version_version_slug_idx\" ON \"_pages_v\" USING btree (\"version_slug\");\n  CREATE INDEX \"_pages_v_version_version_updated_at_idx\" ON \"_pages_v\" USING btree (\"version_updated_at\");\n  CREATE INDEX \"_pages_v_version_version_created_at_idx\" ON \"_pages_v\" USING btree (\"version_created_at\");\n  CREATE INDEX \"_pages_v_version_version__status_idx\" ON \"_pages_v\" USING btree (\"version__status\");\n  CREATE INDEX \"_pages_v_created_at_idx\" ON \"_pages_v\" USING btree (\"created_at\");\n  CREATE INDEX \"_pages_v_updated_at_idx\" ON \"_pages_v\" USING btree (\"updated_at\");\n  CREATE INDEX \"_pages_v_latest_idx\" ON \"_pages_v\" USING btree (\"latest\");\n  CREATE INDEX \"_pages_v_autosave_idx\" ON \"_pages_v\" USING btree (\"autosave\");\n  CREATE INDEX \"_pages_v_rels_order_idx\" ON \"_pages_v_rels\" USING btree (\"order\");\n  CREATE INDEX \"_pages_v_rels_parent_idx\" ON \"_pages_v_rels\" USING btree (\"parent_id\");\n  CREATE INDEX \"_pages_v_rels_path_idx\" ON \"_pages_v_rels\" USING btree (\"path\");\n  CREATE INDEX \"_pages_v_rels_pages_id_idx\" ON \"_pages_v_rels\" USING btree (\"pages_id\");\n  CREATE INDEX \"_pages_v_rels_posts_id_idx\" ON \"_pages_v_rels\" USING btree (\"posts_id\");\n  CREATE INDEX \"_pages_v_rels_categories_id_idx\" ON \"_pages_v_rels\" USING btree (\"categories_id\");\n  CREATE INDEX \"posts_populated_authors_order_idx\" ON \"posts_populated_authors\" USING btree (\"_order\");\n  CREATE INDEX \"posts_populated_authors_parent_id_idx\" ON \"posts_populated_authors\" USING btree (\"_parent_id\");\n  CREATE INDEX \"posts_hero_image_idx\" ON \"posts\" USING btree (\"hero_image_id\");\n  CREATE INDEX \"posts_meta_meta_image_idx\" ON \"posts\" USING btree (\"meta_image_id\");\n  CREATE UNIQUE INDEX \"posts_slug_idx\" ON \"posts\" USING btree (\"slug\");\n  CREATE INDEX \"posts_updated_at_idx\" ON \"posts\" USING btree (\"updated_at\");\n  CREATE INDEX \"posts_created_at_idx\" ON \"posts\" USING btree (\"created_at\");\n  CREATE INDEX \"posts__status_idx\" ON \"posts\" USING btree (\"_status\");\n  CREATE INDEX \"posts_rels_order_idx\" ON \"posts_rels\" USING btree (\"order\");\n  CREATE INDEX \"posts_rels_parent_idx\" ON \"posts_rels\" USING btree (\"parent_id\");\n  CREATE INDEX \"posts_rels_path_idx\" ON \"posts_rels\" USING btree (\"path\");\n  CREATE INDEX \"posts_rels_posts_id_idx\" ON \"posts_rels\" USING btree (\"posts_id\");\n  CREATE INDEX \"posts_rels_categories_id_idx\" ON \"posts_rels\" USING btree (\"categories_id\");\n  CREATE INDEX \"posts_rels_users_id_idx\" ON \"posts_rels\" USING btree (\"users_id\");\n  CREATE INDEX \"_posts_v_version_populated_authors_order_idx\" ON \"_posts_v_version_populated_authors\" USING btree (\"_order\");\n  CREATE INDEX \"_posts_v_version_populated_authors_parent_id_idx\" ON \"_posts_v_version_populated_authors\" USING btree (\"_parent_id\");\n  CREATE INDEX \"_posts_v_parent_idx\" ON \"_posts_v\" USING btree (\"parent_id\");\n  CREATE INDEX \"_posts_v_version_version_hero_image_idx\" ON \"_posts_v\" USING btree (\"version_hero_image_id\");\n  CREATE INDEX \"_posts_v_version_meta_version_meta_image_idx\" ON \"_posts_v\" USING btree (\"version_meta_image_id\");\n  CREATE INDEX \"_posts_v_version_version_slug_idx\" ON \"_posts_v\" USING btree (\"version_slug\");\n  CREATE INDEX \"_posts_v_version_version_updated_at_idx\" ON \"_posts_v\" USING btree (\"version_updated_at\");\n  CREATE INDEX \"_posts_v_version_version_created_at_idx\" ON \"_posts_v\" USING btree (\"version_created_at\");\n  CREATE INDEX \"_posts_v_version_version__status_idx\" ON \"_posts_v\" USING btree (\"version__status\");\n  CREATE INDEX \"_posts_v_created_at_idx\" ON \"_posts_v\" USING btree (\"created_at\");\n  CREATE INDEX \"_posts_v_updated_at_idx\" ON \"_posts_v\" USING btree (\"updated_at\");\n  CREATE INDEX \"_posts_v_latest_idx\" ON \"_posts_v\" USING btree (\"latest\");\n  CREATE INDEX \"_posts_v_autosave_idx\" ON \"_posts_v\" USING btree (\"autosave\");\n  CREATE INDEX \"_posts_v_rels_order_idx\" ON \"_posts_v_rels\" USING btree (\"order\");\n  CREATE INDEX \"_posts_v_rels_parent_idx\" ON \"_posts_v_rels\" USING btree (\"parent_id\");\n  CREATE INDEX \"_posts_v_rels_path_idx\" ON \"_posts_v_rels\" USING btree (\"path\");\n  CREATE INDEX \"_posts_v_rels_posts_id_idx\" ON \"_posts_v_rels\" USING btree (\"posts_id\");\n  CREATE INDEX \"_posts_v_rels_categories_id_idx\" ON \"_posts_v_rels\" USING btree (\"categories_id\");\n  CREATE INDEX \"_posts_v_rels_users_id_idx\" ON \"_posts_v_rels\" USING btree (\"users_id\");\n  CREATE INDEX \"media_folder_idx\" ON \"media\" USING btree (\"folder_id\");\n  CREATE INDEX \"media_updated_at_idx\" ON \"media\" USING btree (\"updated_at\");\n  CREATE INDEX \"media_created_at_idx\" ON \"media\" USING btree (\"created_at\");\n  CREATE UNIQUE INDEX \"media_filename_idx\" ON \"media\" USING btree (\"filename\");\n  CREATE INDEX \"media_sizes_thumbnail_sizes_thumbnail_filename_idx\" ON \"media\" USING btree (\"sizes_thumbnail_filename\");\n  CREATE INDEX \"media_sizes_square_sizes_square_filename_idx\" ON \"media\" USING btree (\"sizes_square_filename\");\n  CREATE INDEX \"media_sizes_small_sizes_small_filename_idx\" ON \"media\" USING btree (\"sizes_small_filename\");\n  CREATE INDEX \"media_sizes_medium_sizes_medium_filename_idx\" ON \"media\" USING btree (\"sizes_medium_filename\");\n  CREATE INDEX \"media_sizes_large_sizes_large_filename_idx\" ON \"media\" USING btree (\"sizes_large_filename\");\n  CREATE INDEX \"media_sizes_xlarge_sizes_xlarge_filename_idx\" ON \"media\" USING btree (\"sizes_xlarge_filename\");\n  CREATE INDEX \"media_sizes_og_sizes_og_filename_idx\" ON \"media\" USING btree (\"sizes_og_filename\");\n  CREATE INDEX \"categories_breadcrumbs_order_idx\" ON \"categories_breadcrumbs\" USING btree (\"_order\");\n  CREATE INDEX \"categories_breadcrumbs_parent_id_idx\" ON \"categories_breadcrumbs\" USING btree (\"_parent_id\");\n  CREATE INDEX \"categories_breadcrumbs_doc_idx\" ON \"categories_breadcrumbs\" USING btree (\"doc_id\");\n  CREATE UNIQUE INDEX \"categories_slug_idx\" ON \"categories\" USING btree (\"slug\");\n  CREATE INDEX \"categories_parent_idx\" ON \"categories\" USING btree (\"parent_id\");\n  CREATE INDEX \"categories_updated_at_idx\" ON \"categories\" USING btree (\"updated_at\");\n  CREATE INDEX \"categories_created_at_idx\" ON \"categories\" USING btree (\"created_at\");\n  CREATE INDEX \"users_sessions_order_idx\" ON \"users_sessions\" USING btree (\"_order\");\n  CREATE INDEX \"users_sessions_parent_id_idx\" ON \"users_sessions\" USING btree (\"_parent_id\");\n  CREATE INDEX \"users_updated_at_idx\" ON \"users\" USING btree (\"updated_at\");\n  CREATE INDEX \"users_created_at_idx\" ON \"users\" USING btree (\"created_at\");\n  CREATE UNIQUE INDEX \"users_email_idx\" ON \"users\" USING btree (\"email\");\n  CREATE INDEX \"case_studies_metrics_order_idx\" ON \"case_studies_metrics\" USING btree (\"_order\");\n  CREATE INDEX \"case_studies_metrics_parent_id_idx\" ON \"case_studies_metrics\" USING btree (\"_parent_id\");\n  CREATE INDEX \"case_studies_student_photo_idx\" ON \"case_studies\" USING btree (\"student_photo_id\");\n  CREATE INDEX \"case_studies_before_after_before_after_before_idx\" ON \"case_studies\" USING btree (\"before_after_before_id\");\n  CREATE INDEX \"case_studies_before_after_before_after_after_idx\" ON \"case_studies\" USING btree (\"before_after_after_id\");\n  CREATE INDEX \"case_studies_meta_meta_image_idx\" ON \"case_studies\" USING btree (\"meta_image_id\");\n  CREATE UNIQUE INDEX \"case_studies_slug_idx\" ON \"case_studies\" USING btree (\"slug\");\n  CREATE INDEX \"case_studies_updated_at_idx\" ON \"case_studies\" USING btree (\"updated_at\");\n  CREATE INDEX \"case_studies_created_at_idx\" ON \"case_studies\" USING btree (\"created_at\");\n  CREATE INDEX \"case_studies__status_idx\" ON \"case_studies\" USING btree (\"_status\");\n  CREATE INDEX \"_case_studies_v_version_metrics_order_idx\" ON \"_case_studies_v_version_metrics\" USING btree (\"_order\");\n  CREATE INDEX \"_case_studies_v_version_metrics_parent_id_idx\" ON \"_case_studies_v_version_metrics\" USING btree (\"_parent_id\");\n  CREATE INDEX \"_case_studies_v_parent_idx\" ON \"_case_studies_v\" USING btree (\"parent_id\");\n  CREATE INDEX \"_case_studies_v_version_version_student_photo_idx\" ON \"_case_studies_v\" USING btree (\"version_student_photo_id\");\n  CREATE INDEX \"_case_studies_v_version_before_after_version_before_afte_idx\" ON \"_case_studies_v\" USING btree (\"version_before_after_before_id\");\n  CREATE INDEX \"_case_studies_v_version_before_after_version_before_af_1_idx\" ON \"_case_studies_v\" USING btree (\"version_before_after_after_id\");\n  CREATE INDEX \"_case_studies_v_version_meta_version_meta_image_idx\" ON \"_case_studies_v\" USING btree (\"version_meta_image_id\");\n  CREATE INDEX \"_case_studies_v_version_version_slug_idx\" ON \"_case_studies_v\" USING btree (\"version_slug\");\n  CREATE INDEX \"_case_studies_v_version_version_updated_at_idx\" ON \"_case_studies_v\" USING btree (\"version_updated_at\");\n  CREATE INDEX \"_case_studies_v_version_version_created_at_idx\" ON \"_case_studies_v\" USING btree (\"version_created_at\");\n  CREATE INDEX \"_case_studies_v_version_version__status_idx\" ON \"_case_studies_v\" USING btree (\"version__status\");\n  CREATE INDEX \"_case_studies_v_created_at_idx\" ON \"_case_studies_v\" USING btree (\"created_at\");\n  CREATE INDEX \"_case_studies_v_updated_at_idx\" ON \"_case_studies_v\" USING btree (\"updated_at\");\n  CREATE INDEX \"_case_studies_v_latest_idx\" ON \"_case_studies_v\" USING btree (\"latest\");\n  CREATE INDEX \"_case_studies_v_autosave_idx\" ON \"_case_studies_v\" USING btree (\"autosave\");\n  CREATE INDEX \"resources_thumbnail_idx\" ON \"resources\" USING btree (\"thumbnail_id\");\n  CREATE INDEX \"resources_download_file_idx\" ON \"resources\" USING btree (\"download_file_id\");\n  CREATE INDEX \"resources_meta_meta_image_idx\" ON \"resources\" USING btree (\"meta_image_id\");\n  CREATE UNIQUE INDEX \"resources_slug_idx\" ON \"resources\" USING btree (\"slug\");\n  CREATE INDEX \"resources_updated_at_idx\" ON \"resources\" USING btree (\"updated_at\");\n  CREATE INDEX \"resources_created_at_idx\" ON \"resources\" USING btree (\"created_at\");\n  CREATE INDEX \"resources__status_idx\" ON \"resources\" USING btree (\"_status\");\n  CREATE INDEX \"resources_rels_order_idx\" ON \"resources_rels\" USING btree (\"order\");\n  CREATE INDEX \"resources_rels_parent_idx\" ON \"resources_rels\" USING btree (\"parent_id\");\n  CREATE INDEX \"resources_rels_path_idx\" ON \"resources_rels\" USING btree (\"path\");\n  CREATE INDEX \"resources_rels_categories_id_idx\" ON \"resources_rels\" USING btree (\"categories_id\");\n  CREATE INDEX \"_resources_v_parent_idx\" ON \"_resources_v\" USING btree (\"parent_id\");\n  CREATE INDEX \"_resources_v_version_version_thumbnail_idx\" ON \"_resources_v\" USING btree (\"version_thumbnail_id\");\n  CREATE INDEX \"_resources_v_version_version_download_file_idx\" ON \"_resources_v\" USING btree (\"version_download_file_id\");\n  CREATE INDEX \"_resources_v_version_meta_version_meta_image_idx\" ON \"_resources_v\" USING btree (\"version_meta_image_id\");\n  CREATE INDEX \"_resources_v_version_version_slug_idx\" ON \"_resources_v\" USING btree (\"version_slug\");\n  CREATE INDEX \"_resources_v_version_version_updated_at_idx\" ON \"_resources_v\" USING btree (\"version_updated_at\");\n  CREATE INDEX \"_resources_v_version_version_created_at_idx\" ON \"_resources_v\" USING btree (\"version_created_at\");\n  CREATE INDEX \"_resources_v_version_version__status_idx\" ON \"_resources_v\" USING btree (\"version__status\");\n  CREATE INDEX \"_resources_v_created_at_idx\" ON \"_resources_v\" USING btree (\"created_at\");\n  CREATE INDEX \"_resources_v_updated_at_idx\" ON \"_resources_v\" USING btree (\"updated_at\");\n  CREATE INDEX \"_resources_v_latest_idx\" ON \"_resources_v\" USING btree (\"latest\");\n  CREATE INDEX \"_resources_v_autosave_idx\" ON \"_resources_v\" USING btree (\"autosave\");\n  CREATE INDEX \"_resources_v_rels_order_idx\" ON \"_resources_v_rels\" USING btree (\"order\");\n  CREATE INDEX \"_resources_v_rels_parent_idx\" ON \"_resources_v_rels\" USING btree (\"parent_id\");\n  CREATE INDEX \"_resources_v_rels_path_idx\" ON \"_resources_v_rels\" USING btree (\"path\");\n  CREATE INDEX \"_resources_v_rels_categories_id_idx\" ON \"_resources_v_rels\" USING btree (\"categories_id\");\n  CREATE UNIQUE INDEX \"redirects_from_idx\" ON \"redirects\" USING btree (\"from\");\n  CREATE INDEX \"redirects_updated_at_idx\" ON \"redirects\" USING btree (\"updated_at\");\n  CREATE INDEX \"redirects_created_at_idx\" ON \"redirects\" USING btree (\"created_at\");\n  CREATE INDEX \"redirects_rels_order_idx\" ON \"redirects_rels\" USING btree (\"order\");\n  CREATE INDEX \"redirects_rels_parent_idx\" ON \"redirects_rels\" USING btree (\"parent_id\");\n  CREATE INDEX \"redirects_rels_path_idx\" ON \"redirects_rels\" USING btree (\"path\");\n  CREATE INDEX \"redirects_rels_pages_id_idx\" ON \"redirects_rels\" USING btree (\"pages_id\");\n  CREATE INDEX \"redirects_rels_posts_id_idx\" ON \"redirects_rels\" USING btree (\"posts_id\");\n  CREATE INDEX \"forms_blocks_checkbox_order_idx\" ON \"forms_blocks_checkbox\" USING btree (\"_order\");\n  CREATE INDEX \"forms_blocks_checkbox_parent_id_idx\" ON \"forms_blocks_checkbox\" USING btree (\"_parent_id\");\n  CREATE INDEX \"forms_blocks_checkbox_path_idx\" ON \"forms_blocks_checkbox\" USING btree (\"_path\");\n  CREATE INDEX \"forms_blocks_country_order_idx\" ON \"forms_blocks_country\" USING btree (\"_order\");\n  CREATE INDEX \"forms_blocks_country_parent_id_idx\" ON \"forms_blocks_country\" USING btree (\"_parent_id\");\n  CREATE INDEX \"forms_blocks_country_path_idx\" ON \"forms_blocks_country\" USING btree (\"_path\");\n  CREATE INDEX \"forms_blocks_email_order_idx\" ON \"forms_blocks_email\" USING btree (\"_order\");\n  CREATE INDEX \"forms_blocks_email_parent_id_idx\" ON \"forms_blocks_email\" USING btree (\"_parent_id\");\n  CREATE INDEX \"forms_blocks_email_path_idx\" ON \"forms_blocks_email\" USING btree (\"_path\");\n  CREATE INDEX \"forms_blocks_message_order_idx\" ON \"forms_blocks_message\" USING btree (\"_order\");\n  CREATE INDEX \"forms_blocks_message_parent_id_idx\" ON \"forms_blocks_message\" USING btree (\"_parent_id\");\n  CREATE INDEX \"forms_blocks_message_path_idx\" ON \"forms_blocks_message\" USING btree (\"_path\");\n  CREATE INDEX \"forms_blocks_number_order_idx\" ON \"forms_blocks_number\" USING btree (\"_order\");\n  CREATE INDEX \"forms_blocks_number_parent_id_idx\" ON \"forms_blocks_number\" USING btree (\"_parent_id\");\n  CREATE INDEX \"forms_blocks_number_path_idx\" ON \"forms_blocks_number\" USING btree (\"_path\");\n  CREATE INDEX \"forms_blocks_select_options_order_idx\" ON \"forms_blocks_select_options\" USING btree (\"_order\");\n  CREATE INDEX \"forms_blocks_select_options_parent_id_idx\" ON \"forms_blocks_select_options\" USING btree (\"_parent_id\");\n  CREATE INDEX \"forms_blocks_select_order_idx\" ON \"forms_blocks_select\" USING btree (\"_order\");\n  CREATE INDEX \"forms_blocks_select_parent_id_idx\" ON \"forms_blocks_select\" USING btree (\"_parent_id\");\n  CREATE INDEX \"forms_blocks_select_path_idx\" ON \"forms_blocks_select\" USING btree (\"_path\");\n  CREATE INDEX \"forms_blocks_state_order_idx\" ON \"forms_blocks_state\" USING btree (\"_order\");\n  CREATE INDEX \"forms_blocks_state_parent_id_idx\" ON \"forms_blocks_state\" USING btree (\"_parent_id\");\n  CREATE INDEX \"forms_blocks_state_path_idx\" ON \"forms_blocks_state\" USING btree (\"_path\");\n  CREATE INDEX \"forms_blocks_text_order_idx\" ON \"forms_blocks_text\" USING btree (\"_order\");\n  CREATE INDEX \"forms_blocks_text_parent_id_idx\" ON \"forms_blocks_text\" USING btree (\"_parent_id\");\n  CREATE INDEX \"forms_blocks_text_path_idx\" ON \"forms_blocks_text\" USING btree (\"_path\");\n  CREATE INDEX \"forms_blocks_textarea_order_idx\" ON \"forms_blocks_textarea\" USING btree (\"_order\");\n  CREATE INDEX \"forms_blocks_textarea_parent_id_idx\" ON \"forms_blocks_textarea\" USING btree (\"_parent_id\");\n  CREATE INDEX \"forms_blocks_textarea_path_idx\" ON \"forms_blocks_textarea\" USING btree (\"_path\");\n  CREATE INDEX \"forms_emails_order_idx\" ON \"forms_emails\" USING btree (\"_order\");\n  CREATE INDEX \"forms_emails_parent_id_idx\" ON \"forms_emails\" USING btree (\"_parent_id\");\n  CREATE INDEX \"forms_updated_at_idx\" ON \"forms\" USING btree (\"updated_at\");\n  CREATE INDEX \"forms_created_at_idx\" ON \"forms\" USING btree (\"created_at\");\n  CREATE INDEX \"form_submissions_submission_data_order_idx\" ON \"form_submissions_submission_data\" USING btree (\"_order\");\n  CREATE INDEX \"form_submissions_submission_data_parent_id_idx\" ON \"form_submissions_submission_data\" USING btree (\"_parent_id\");\n  CREATE INDEX \"form_submissions_form_idx\" ON \"form_submissions\" USING btree (\"form_id\");\n  CREATE INDEX \"form_submissions_updated_at_idx\" ON \"form_submissions\" USING btree (\"updated_at\");\n  CREATE INDEX \"form_submissions_created_at_idx\" ON \"form_submissions\" USING btree (\"created_at\");\n  CREATE INDEX \"search_categories_order_idx\" ON \"search_categories\" USING btree (\"_order\");\n  CREATE INDEX \"search_categories_parent_id_idx\" ON \"search_categories\" USING btree (\"_parent_id\");\n  CREATE INDEX \"search_slug_idx\" ON \"search\" USING btree (\"slug\");\n  CREATE INDEX \"search_meta_meta_image_idx\" ON \"search\" USING btree (\"meta_image_id\");\n  CREATE INDEX \"search_updated_at_idx\" ON \"search\" USING btree (\"updated_at\");\n  CREATE INDEX \"search_created_at_idx\" ON \"search\" USING btree (\"created_at\");\n  CREATE INDEX \"search_rels_order_idx\" ON \"search_rels\" USING btree (\"order\");\n  CREATE INDEX \"search_rels_parent_idx\" ON \"search_rels\" USING btree (\"parent_id\");\n  CREATE INDEX \"search_rels_path_idx\" ON \"search_rels\" USING btree (\"path\");\n  CREATE INDEX \"search_rels_posts_id_idx\" ON \"search_rels\" USING btree (\"posts_id\");\n  CREATE UNIQUE INDEX \"payload_kv_key_idx\" ON \"payload_kv\" USING btree (\"key\");\n  CREATE INDEX \"payload_jobs_log_order_idx\" ON \"payload_jobs_log\" USING btree (\"_order\");\n  CREATE INDEX \"payload_jobs_log_parent_id_idx\" ON \"payload_jobs_log\" USING btree (\"_parent_id\");\n  CREATE INDEX \"payload_jobs_completed_at_idx\" ON \"payload_jobs\" USING btree (\"completed_at\");\n  CREATE INDEX \"payload_jobs_total_tried_idx\" ON \"payload_jobs\" USING btree (\"total_tried\");\n  CREATE INDEX \"payload_jobs_has_error_idx\" ON \"payload_jobs\" USING btree (\"has_error\");\n  CREATE INDEX \"payload_jobs_task_slug_idx\" ON \"payload_jobs\" USING btree (\"task_slug\");\n  CREATE INDEX \"payload_jobs_queue_idx\" ON \"payload_jobs\" USING btree (\"queue\");\n  CREATE INDEX \"payload_jobs_wait_until_idx\" ON \"payload_jobs\" USING btree (\"wait_until\");\n  CREATE INDEX \"payload_jobs_processing_idx\" ON \"payload_jobs\" USING btree (\"processing\");\n  CREATE INDEX \"payload_jobs_updated_at_idx\" ON \"payload_jobs\" USING btree (\"updated_at\");\n  CREATE INDEX \"payload_jobs_created_at_idx\" ON \"payload_jobs\" USING btree (\"created_at\");\n  CREATE INDEX \"payload_folders_folder_type_order_idx\" ON \"payload_folders_folder_type\" USING btree (\"order\");\n  CREATE INDEX \"payload_folders_folder_type_parent_idx\" ON \"payload_folders_folder_type\" USING btree (\"parent_id\");\n  CREATE INDEX \"payload_folders_name_idx\" ON \"payload_folders\" USING btree (\"name\");\n  CREATE INDEX \"payload_folders_folder_idx\" ON \"payload_folders\" USING btree (\"folder_id\");\n  CREATE INDEX \"payload_folders_updated_at_idx\" ON \"payload_folders\" USING btree (\"updated_at\");\n  CREATE INDEX \"payload_folders_created_at_idx\" ON \"payload_folders\" USING btree (\"created_at\");\n  CREATE INDEX \"payload_locked_documents_global_slug_idx\" ON \"payload_locked_documents\" USING btree (\"global_slug\");\n  CREATE INDEX \"payload_locked_documents_updated_at_idx\" ON \"payload_locked_documents\" USING btree (\"updated_at\");\n  CREATE INDEX \"payload_locked_documents_created_at_idx\" ON \"payload_locked_documents\" USING btree (\"created_at\");\n  CREATE INDEX \"payload_locked_documents_rels_order_idx\" ON \"payload_locked_documents_rels\" USING btree (\"order\");\n  CREATE INDEX \"payload_locked_documents_rels_parent_idx\" ON \"payload_locked_documents_rels\" USING btree (\"parent_id\");\n  CREATE INDEX \"payload_locked_documents_rels_path_idx\" ON \"payload_locked_documents_rels\" USING btree (\"path\");\n  CREATE INDEX \"payload_locked_documents_rels_pages_id_idx\" ON \"payload_locked_documents_rels\" USING btree (\"pages_id\");\n  CREATE INDEX \"payload_locked_documents_rels_posts_id_idx\" ON \"payload_locked_documents_rels\" USING btree (\"posts_id\");\n  CREATE INDEX \"payload_locked_documents_rels_media_id_idx\" ON \"payload_locked_documents_rels\" USING btree (\"media_id\");\n  CREATE INDEX \"payload_locked_documents_rels_categories_id_idx\" ON \"payload_locked_documents_rels\" USING btree (\"categories_id\");\n  CREATE INDEX \"payload_locked_documents_rels_users_id_idx\" ON \"payload_locked_documents_rels\" USING btree (\"users_id\");\n  CREATE INDEX \"payload_locked_documents_rels_case_studies_id_idx\" ON \"payload_locked_documents_rels\" USING btree (\"case_studies_id\");\n  CREATE INDEX \"payload_locked_documents_rels_resources_id_idx\" ON \"payload_locked_documents_rels\" USING btree (\"resources_id\");\n  CREATE INDEX \"payload_locked_documents_rels_redirects_id_idx\" ON \"payload_locked_documents_rels\" USING btree (\"redirects_id\");\n  CREATE INDEX \"payload_locked_documents_rels_forms_id_idx\" ON \"payload_locked_documents_rels\" USING btree (\"forms_id\");\n  CREATE INDEX \"payload_locked_documents_rels_form_submissions_id_idx\" ON \"payload_locked_documents_rels\" USING btree (\"form_submissions_id\");\n  CREATE INDEX \"payload_locked_documents_rels_search_id_idx\" ON \"payload_locked_documents_rels\" USING btree (\"search_id\");\n  CREATE INDEX \"payload_locked_documents_rels_payload_folders_id_idx\" ON \"payload_locked_documents_rels\" USING btree (\"payload_folders_id\");\n  CREATE INDEX \"payload_preferences_key_idx\" ON \"payload_preferences\" USING btree (\"key\");\n  CREATE INDEX \"payload_preferences_updated_at_idx\" ON \"payload_preferences\" USING btree (\"updated_at\");\n  CREATE INDEX \"payload_preferences_created_at_idx\" ON \"payload_preferences\" USING btree (\"created_at\");\n  CREATE INDEX \"payload_preferences_rels_order_idx\" ON \"payload_preferences_rels\" USING btree (\"order\");\n  CREATE INDEX \"payload_preferences_rels_parent_idx\" ON \"payload_preferences_rels\" USING btree (\"parent_id\");\n  CREATE INDEX \"payload_preferences_rels_path_idx\" ON \"payload_preferences_rels\" USING btree (\"path\");\n  CREATE INDEX \"payload_preferences_rels_users_id_idx\" ON \"payload_preferences_rels\" USING btree (\"users_id\");\n  CREATE INDEX \"payload_migrations_updated_at_idx\" ON \"payload_migrations\" USING btree (\"updated_at\");\n  CREATE INDEX \"payload_migrations_created_at_idx\" ON \"payload_migrations\" USING btree (\"created_at\");\n  CREATE INDEX \"header_nav_items_order_idx\" ON \"header_nav_items\" USING btree (\"_order\");\n  CREATE INDEX \"header_nav_items_parent_id_idx\" ON \"header_nav_items\" USING btree (\"_parent_id\");\n  CREATE INDEX \"header_rels_order_idx\" ON \"header_rels\" USING btree (\"order\");\n  CREATE INDEX \"header_rels_parent_idx\" ON \"header_rels\" USING btree (\"parent_id\");\n  CREATE INDEX \"header_rels_path_idx\" ON \"header_rels\" USING btree (\"path\");\n  CREATE INDEX \"header_rels_pages_id_idx\" ON \"header_rels\" USING btree (\"pages_id\");\n  CREATE INDEX \"header_rels_posts_id_idx\" ON \"header_rels\" USING btree (\"posts_id\");\n  CREATE INDEX \"footer_nav_items_order_idx\" ON \"footer_nav_items\" USING btree (\"_order\");\n  CREATE INDEX \"footer_nav_items_parent_id_idx\" ON \"footer_nav_items\" USING btree (\"_parent_id\");\n  CREATE INDEX \"footer_rels_order_idx\" ON \"footer_rels\" USING btree (\"order\");\n  CREATE INDEX \"footer_rels_parent_idx\" ON \"footer_rels\" USING btree (\"parent_id\");\n  CREATE INDEX \"footer_rels_path_idx\" ON \"footer_rels\" USING btree (\"path\");\n  CREATE INDEX \"footer_rels_pages_id_idx\" ON \"footer_rels\" USING btree (\"pages_id\");\n  CREATE INDEX \"footer_rels_posts_id_idx\" ON \"footer_rels\" USING btree (\"posts_id\");\n  CREATE INDEX \"settings_logo_idx\" ON \"settings\" USING btree (\"logo_id\");\n  CREATE INDEX \"settings_favicon_idx\" ON \"settings\" USING btree (\"favicon_id\");",
      "params": []
    }
